year,journal,baseline_if,filtered_rif,weighted_rif,stability_threshold,model
2018,ACS Applied Materials & Interfaces,0.8125,0.3125,0.5065,1.0,node2vec
2018,ACS Nano,0.2778,0.0556,0.2039,1.0,node2vec
2018,AIDS,0.6333,0.4333,0.5699,1.0,node2vec
2018,AIDS and Behavior,0.8947,0.6053,0.8306,1.0,node2vec
2018,Academic Medicine,0.6341,0.1463,0.382,1.0,node2vec
2018,Acta Biomaterialia,0.4767,0.1395,0.307,1.0,node2vec
2018,Acta Neuropathologica,1.4783,0.5217,1.056,1.0,node2vec
2018,Acta Neuropathologica Communications,1.6944,1.1667,1.4536,1.0,node2vec
2018,Acta Ophthalmologica,0.6364,0.1818,0.5104,1.0,node2vec
2018,Addiction,0.8913,0.4565,0.7037,1.0,node2vec
2018,Addictive Behaviors,0.84,0.52,0.6763,1.0,node2vec
2018,Aesthetic Surgery Journal,0.5,0.3636,0.4056,1.0,node2vec
2018,Age and Ageing,0.9512,0.1951,0.5955,1.0,node2vec
2018,Aging,0.8,0.3333,0.5271,1.0,node2vec
2018,Aging Cell,0.6071,0.0714,0.343,1.0,node2vec
2018,Alimentary Pharmacology & Therapeutics,0.8793,0.5345,0.6997,1.0,node2vec
2018,Allergy,0.6977,0.3023,0.5351,1.0,node2vec
2018,Alzheimer s & Dementia,2.5,0.6515,1.3369,1.0,node2vec
2018,Alzheimer s Research & Therapy,0.3548,0.0968,0.2936,1.0,node2vec
2018,American Heart Journal,0.4688,0.3125,0.4088,1.0,node2vec
2018,American Journal Of Pathology,1.0,0.4091,0.7277,1.0,node2vec
2018,American Journal of Clinical Nutrition,0.956,0.3626,0.6065,1.0,node2vec
2018,American Journal of Epidemiology,0.7297,0.1622,0.4388,1.0,node2vec
2018,American Journal of Hematology,0.6341,0.2195,0.4472,1.0,node2vec
2018,American Journal of Kidney Diseases,0.6207,0.069,0.274,1.0,node2vec
2018,American Journal of Neuroradiology,0.619,0.1667,0.4201,1.0,node2vec
2018,American Journal of Obstetrics and Gynecology,0.7926,0.3407,0.5612,1.0,node2vec
2018,American Journal of Ophthalmology,1.7262,1.1786,1.495,1.0,node2vec
2018,American Journal of Physiology-Heart and Circulatory Physiology,0.7308,0.1923,0.4563,1.0,node2vec
2018,American Journal of Physiology-Lung Cellular and Molecular Physiology,0.4545,0.2727,0.3823,1.0,node2vec
2018,American Journal of Preventive Medicine,0.8788,0.4848,0.6915,1.0,node2vec
2018,American Journal of Psychiatry,1.32,0.54,0.9462,1.0,node2vec
2018,American Journal of Public Health,1.2791,0.9535,1.126,1.0,node2vec
2018,American Journal of Respiratory Cell and Molecular Biology,0.3636,0.2273,0.2567,1.0,node2vec
2018,American Journal of Respiratory and Critical Care Medicine,1.0606,0.5202,0.764,1.0,node2vec
2018,American Journal of Roentgenology,0.5833,0.1667,0.3742,1.0,node2vec
2018,American Journal of Transplantation,1.4717,0.8019,1.1479,1.0,node2vec
2018,American Journal of Tropical Medicine and Hygiene,3.5455,3.3182,3.4582,1.0,node2vec
2018,Anaesthesia,1.0741,0.5185,0.8533,1.0,node2vec
2018,Analytical Chemistry,0.5,0.4167,0.4542,1.0,node2vec
2018,Anesthesia & Analgesia,0.48,0.06,0.2971,1.0,node2vec
2018,Anesthesiology,0.5,0.1207,0.3162,1.0,node2vec
2018,Angewandte Chemie International Edition,0.913,0.3043,0.6329,1.0,node2vec
2018,Annals of Clinical and Translational Neurology,1.2727,0.6364,0.9787,1.0,node2vec
2018,Annals of Emergency Medicine,0.825,0.3,0.4992,1.0,node2vec
2018,Annals of Intensive Care,0.2593,0.0741,0.1709,1.0,node2vec
2018,Annals of Internal Medicine,1.9891,0.8043,1.47,1.0,node2vec
2018,Annals of Neurology,1.2526,0.6947,0.9703,1.0,node2vec
2018,Annals of Oncology,1.1187,0.4566,0.8329,1.0,node2vec
2018,Annals of Surgery,1.0505,0.4725,0.7576,1.0,node2vec
2018,Annals of Surgical Oncology,0.6962,0.2658,0.4991,1.0,node2vec
2018,Annals of the American Thoracic Society,0.6607,0.2679,0.4608,1.0,node2vec
2018,Annals of the Rheumatic Diseases,0.881,0.3393,0.6029,1.0,node2vec
2018,Antimicrobial Agents and Chemotherapy,0.8523,0.5455,0.7486,1.0,node2vec
2018,Antiviral Research,1.0,0.9429,0.9679,1.0,node2vec
2018,Appetite,0.4545,0.3182,0.3913,1.0,node2vec
2018,Archives of Physical Medicine and Rehabilitation,0.3636,0.0303,0.2032,1.0,node2vec
2018,Arteriosclerosis Thrombosis and Vascular Biology,0.4146,0.1463,0.289,1.0,node2vec
2018,Arthritis & Rheumatology,0.7236,0.3008,0.4586,1.0,node2vec
2018,Arthritis Care & Research,0.6042,0.2917,0.4153,1.0,node2vec
2018,Arthritis Research & Therapy,0.3621,0.1379,0.2381,1.0,node2vec
2018,Arthroscopy The Journal of Arthroscopic and Related Surgery,1.0,0.6047,0.7917,1.0,node2vec
2018,Atherosclerosis,1.4412,0.3529,1.1069,1.0,node2vec
2018,Autophagy,1.9722,0.2685,0.9056,1.0,node2vec
2018,BJOG An International Journal of Obstetrics & Gynaecology,0.6286,0.1714,0.3569,1.0,node2vec
2018,BMC Cancer,0.5063,0.1266,0.3314,1.0,node2vec
2018,BMC Complementary and Alternative Medicine,0.0769,0.0,0.0,1.0,node2vec
2018,BMC Genomics,0.24,0.0,0.1173,1.0,node2vec
2018,BMC Geriatrics,0.4524,0.1667,0.31,1.0,node2vec
2018,BMC Health Services Research,0.4,0.1,0.2138,1.0,node2vec
2018,BMC Infectious Diseases,0.2857,0.0635,0.2174,1.0,node2vec
2018,BMC Medical Education,0.2727,0.0455,0.1251,1.0,node2vec
2018,BMC Medicine,0.6923,0.3654,0.5791,1.0,node2vec
2018,BMC Musculoskeletal Disorders,0.4324,0.0541,0.2169,1.0,node2vec
2018,BMC Nephrology,0.1739,0.087,0.125,1.0,node2vec
2018,BMC Pediatrics,0.4762,0.0,0.2182,1.0,node2vec
2018,BMC Pregnancy and Childbirth,0.4302,0.1047,0.2631,1.0,node2vec
2018,BMC Psychiatry,0.36,0.08,0.2198,1.0,node2vec
2018,BMC Public Health,0.486,0.2897,0.3817,1.0,node2vec
2018,BMC Pulmonary Medicine,0.35,0.15,0.2874,1.0,node2vec
2018,BMC Research Notes,0.3333,0.0,0.2252,1.0,node2vec
2018,BMJ,1.4118,0.6838,1.0831,1.0,node2vec
2018,BMJ Global Health,0.875,0.4583,0.6428,1.0,node2vec
2018,BMJ Open,0.6108,0.173,0.3904,1.0,node2vec
2018,BMJ Open Diabetes Research & Care,0.2857,0.0952,0.2425,1.0,node2vec
2018,BioMed Research International,0.5417,0.0833,0.2819,1.0,node2vec
2018,Biochemical and Biophysical Research Communications,0.5849,0.3962,0.5422,1.0,node2vec
2018,Biological Psychiatry,1.0,0.28,0.6079,1.0,node2vec
2018,Biology of Blood and Marrow Transplantation,0.3704,0.1481,0.2778,1.0,node2vec
2018,Biomaterials,0.53,0.17,0.3601,1.0,node2vec
2018,Biomedical Optics Express,1.0,0.7391,0.8749,1.0,node2vec
2018,Biomedical Signal Processing and Control,0.7391,0.4783,0.612,1.0,node2vec
2018,Biomedicine & Pharmacotherapy,0.2703,0.1081,0.215,1.0,node2vec
2018,Biosensors and Bioelectronics,0.2593,0.1111,0.1435,1.0,node2vec
2018,Blood,1.2264,0.4871,0.9155,1.0,node2vec
2018,Blood Advances,0.2727,0.0909,0.2235,1.0,node2vec
2018,Bone,0.3462,0.1154,0.2077,1.0,node2vec
2018,Brain,1.6346,0.8782,1.2827,1.0,node2vec
2018,Brain Behavior and Immunity,0.25,0.0357,0.1326,1.0,node2vec
2018,Breast Cancer Research,0.6154,0.3077,0.5111,1.0,node2vec
2018,Breast Cancer Research and Treatment,0.7174,0.3696,0.5731,1.0,node2vec
2018,British Journal Of Nutrition,0.6538,0.0769,0.3176,1.0,node2vec
2018,British Journal of Anaesthesia,0.4127,0.1905,0.3268,1.0,node2vec
2018,British Journal of Cancer,0.4615,0.1827,0.3588,1.0,node2vec
2018,British Journal of Dermatology,0.3455,0.1091,0.2116,1.0,node2vec
2018,British Journal of Haematology,0.8478,0.4565,0.6621,1.0,node2vec
2018,British Journal of Ophthalmology,0.8723,0.5532,0.7237,1.0,node2vec
2018,British Journal of Pharmacology,1.0,0.2083,0.5527,1.0,node2vec
2018,British Journal of Sports Medicine,1.6824,0.9176,1.3255,1.0,node2vec
2018,British Journal of Urology,0.8,0.5143,0.6813,1.0,node2vec
2018,British journal of surgery,0.8889,0.2222,0.6062,1.0,node2vec
2018,Bulletin of the World Health Organization,1.619,1.2857,1.4508,1.0,node2vec
2018,CA A Cancer Journal for Clinicians,23.8,2.55,6.6515,1.0,node2vec
2018,CHEST Journal,1.1667,0.3667,0.7736,1.0,node2vec
2018,Canadian Medical Association Journal,0.7273,0.2273,0.5569,1.0,node2vec
2018,Cancer,1.1073,0.339,0.7604,1.0,node2vec
2018,Cancer Cell,1.5506,0.5169,0.9733,1.0,node2vec
2018,Cancer Discovery,2.3286,1.0143,1.7213,1.0,node2vec
2018,Cancer Epidemiology Biomarkers & Prevention,0.6429,0.1786,0.4436,1.0,node2vec
2018,Cancer Immunology Immunotherapy,0.4091,0.2727,0.2955,1.0,node2vec
2018,Cancer Immunology Research,1.45,0.3667,0.9008,1.0,node2vec
2018,Cancer Letters,0.6047,0.2326,0.3682,1.0,node2vec
2018,Cancer Medicine,0.9583,0.4167,0.6919,1.0,node2vec
2018,Cancer Research,0.6963,0.2042,0.4372,1.0,node2vec
2018,Cancer Science,1.15,0.6,0.9364,1.0,node2vec
2018,Carbohydrate Polymers,0.3333,0.1429,0.2526,1.0,node2vec
2018,Cardiovascular Diabetology,0.6452,0.4516,0.56,1.0,node2vec
2018,Cardiovascular Research,0.5185,0.0741,0.255,1.0,node2vec
2018,Cell,3.7704,2.6222,3.1514,1.0,node2vec
2018,Cell Death and Differentiation,0.3478,0.0,0.1976,1.0,node2vec
2018,Cell Death and Disease,0.3333,0.1042,0.2056,1.0,node2vec
2018,Cell Host & Microbe,5.4286,5.0,5.2175,1.0,node2vec
2018,Cell Metabolism,1.3545,0.6,0.9533,1.0,node2vec
2018,Cell Reports,1.1943,0.753,0.9772,1.0,node2vec
2018,Cell stem cell,4.3467,3.8,4.0202,1.0,node2vec
2018,Cellular Physiology and Biochemistry,1.9667,0.1667,1.2164,1.0,node2vec
2018,Cephalalgia,0.4348,0.1304,0.241,1.0,node2vec
2018,Chemical Science,1.0,0.5385,0.7086,1.0,node2vec
2018,Circulation,1.2642,0.4717,0.8573,1.0,node2vec
2018,Circulation Arrhythmia and Electrophysiology,1.1364,0.6818,0.8953,1.0,node2vec
2018,Circulation Cardiovascular Imaging,0.6182,0.2364,0.4308,1.0,node2vec
2018,Circulation Cardiovascular Interventions,0.775,0.375,0.5613,1.0,node2vec
2018,Circulation Heart Failure,0.9111,0.3778,0.6704,1.0,node2vec
2018,Circulation Research,0.9706,0.5,0.7674,1.0,node2vec
2018,Clinical Cancer Research,1.2294,0.4557,0.8529,1.0,node2vec
2018,Clinical Chemistry,0.8966,0.3103,0.691,1.0,node2vec
2018,Clinical Gastroenterology and Hepatology,0.7333,0.2556,0.5297,1.0,node2vec
2018,Clinical Infectious Diseases,1.1731,0.649,0.911,1.0,node2vec
2018,Clinical Journal of the American Society of Nephrology,0.614,0.2281,0.3652,1.0,node2vec
2018,Clinical Microbiology and Infection,1.1538,0.3846,0.8581,1.0,node2vec
2018,Clinical Nutrition,0.9123,0.2281,0.5871,1.0,node2vec
2018,Clinical Orthopaedics and Related Research,0.8333,0.3889,0.5693,1.0,node2vec
2018,Clinical Pharmacology & Therapeutics,0.5,0.1364,0.3336,1.0,node2vec
2018,Cochrane Database of Systematic Reviews,0.5217,0.1304,0.2936,1.0,node2vec
2018,Computer Methods and Programs in Biomedicine,0.7586,0.2069,0.57,1.0,node2vec
2018,Computers in Biology and Medicine,0.7576,0.303,0.5853,1.0,node2vec
2018,Critical Care,0.825,0.425,0.6105,1.0,node2vec
2018,Critical Care Medicine,0.8833,0.475,0.7247,1.0,node2vec
2018,Current Biology,0.3913,0.087,0.2847,1.0,node2vec
2018,Development,0.6154,0.1923,0.5124,1.0,node2vec
2018,Diabetes,0.9167,0.2976,0.6418,1.0,node2vec
2018,Diabetes Care,1.2108,0.5568,0.912,1.0,node2vec
2018,Diabetes Obesity and Metabolism,1.2581,0.7742,1.0569,1.0,node2vec
2018,Diabetes Research and Clinical Practice,1.55,0.8,1.3432,1.0,node2vec
2018,Diabetologia,0.9643,0.4762,0.6673,1.0,node2vec
2018,Digestive Diseases and Sciences,0.5,0.25,0.3119,1.0,node2vec
2018,Diseases of the Colon & Rectum,0.4333,0.1333,0.2446,1.0,node2vec
2018,Drug and Alcohol Dependence,1.1282,0.7308,0.9584,1.0,node2vec
2018,EBioMedicine,1.1667,0.7778,0.9769,1.0,node2vec
2018,EMBO Molecular Medicine,0.8857,0.2571,0.6172,1.0,node2vec
2018,EP Europace,2.4211,2.0263,2.2402,1.0,node2vec
2018,Emerging infectious diseases,1.8795,1.5181,1.7484,1.0,node2vec
2018,Endocrinology,0.5455,0.1818,0.366,1.0,node2vec
2018,Endoscopy,0.7872,0.3404,0.5287,1.0,node2vec
2018,Epilepsia,0.6296,0.1481,0.3787,1.0,node2vec
2018,EuroIntervention,1.875,1.0417,1.3983,1.0,node2vec
2018,European Heart Journal,2.2178,0.9356,1.5517,1.0,node2vec
2018,European Heart Journal - Cardiovascular Imaging,0.7143,0.3429,0.5112,1.0,node2vec
2018,European Journal of Applied Physiology,0.44,0.16,0.2998,1.0,node2vec
2018,European Journal of Cancer,1.0,0.4019,0.7268,1.0,node2vec
2018,European Journal of Cardio-Thoracic Surgery,0.6389,0.5556,0.5815,1.0,node2vec
2018,European Journal of Endocrinology,1.0,0.3214,0.5899,1.0,node2vec
2018,European Journal of Heart Failure,1.7558,0.314,1.0992,1.0,node2vec
2018,European Journal of Medicinal Chemistry,0.3333,0.1667,0.245,1.0,node2vec
2018,European Journal of Neurology,0.3182,0.1818,0.2166,1.0,node2vec
2018,European Journal of Nuclear Medicine and Molecular Imaging,1.6986,1.1233,1.4698,1.0,node2vec
2018,European Journal of Preventive Cardiology,0.8095,0.1429,0.4734,1.0,node2vec
2018,European Journal of Radiology,0.8261,0.2174,0.6128,1.0,node2vec
2018,European Journal of Surgical Oncology,0.5769,0.1154,0.4143,1.0,node2vec
2018,European Radiology,0.662,0.338,0.5087,1.0,node2vec
2018,European Respiratory Journal,0.986,0.4056,0.7002,1.0,node2vec
2018,European Spine Journal,0.3256,0.0465,0.1808,1.0,node2vec
2018,European Urology,1.7395,0.9328,1.3792,1.0,node2vec
2018,Eurosurveillance,3.5882,2.902,3.292,1.0,node2vec
2018,Fertility and Sterility,0.6951,0.2317,0.4418,1.0,node2vec
2018,Food & Function,0.5,0.1875,0.3025,1.0,node2vec
2018,Food Chemistry,0.5355,0.0984,0.3173,1.0,node2vec
2018,Food Research International,0.5,0.1154,0.2487,1.0,node2vec
2018,Foot & Ankle International,0.35,0.1,0.1471,1.0,node2vec
2018,Free Radical Biology and Medicine,0.4865,0.2162,0.4278,1.0,node2vec
2018,Frontiers in Aging Neuroscience,0.64,0.32,0.4241,1.0,node2vec
2018,Frontiers in Immunology,0.0816,0.0612,0.076,1.0,node2vec
2018,Frontiers in Microbiology,0.2295,0.1148,0.187,1.0,node2vec
2018,Frontiers in Neuroscience,0.1905,0.0952,0.131,1.0,node2vec
2018,Frontiers in Pharmacology,0.3514,0.2162,0.2976,1.0,node2vec
2018,Frontiers in Physiology,0.3023,0.2791,0.2791,1.0,node2vec
2018,Gastric Cancer,0.8333,0.1333,0.5551,1.0,node2vec
2018,Gastroenterology,1.4595,0.6108,1.0921,1.0,node2vec
2018,Gastrointestinal Endoscopy,0.5921,0.1974,0.3732,1.0,node2vec
2018,Genetics in Medicine,1.48,0.52,0.9914,1.0,node2vec
2018,Gut,1.3551,0.5145,0.8763,1.0,node2vec
2018,Gynecologic Oncology,0.8261,0.2029,0.4816,1.0,node2vec
2018,HPB,0.5417,0.375,0.503,1.0,node2vec
2018,Haematologica,0.6716,0.1642,0.4264,1.0,node2vec
2018,Health Affairs,2.1212,0.9091,1.545,1.0,node2vec
2018,Health and Quality of Life Outcomes,0.1786,0.0,0.0268,1.0,node2vec
2018,Heart,0.8302,0.434,0.6301,1.0,node2vec
2018,Heart Rhythm,0.8929,0.5357,0.7182,1.0,node2vec
2018,Hepatology,1.1121,0.472,0.8262,1.0,node2vec
2018,Human Brain Mapping,0.881,0.3095,0.5665,1.0,node2vec
2018,Human Molecular Genetics,0.5962,0.3077,0.4907,1.0,node2vec
2018,Human Reproduction,0.9672,0.2623,0.5877,1.0,node2vec
2018,Hypertension,0.6,0.1882,0.3876,1.0,node2vec
2018,IEEE Journal of Biomedical and Health Informatics,0.44,0.12,0.2857,1.0,node2vec
2018,IEEE Transactions on Biomedical Engineering,0.5897,0.2821,0.4232,1.0,node2vec
2018,IEEE Transactions on Medical Imaging,3.4182,1.2545,2.4375,1.0,node2vec
2018,Immunity,2.2273,0.4318,1.002,1.0,node2vec
2018,Industrial Crops and Products,0.6129,0.129,0.4214,1.0,node2vec
2018,Injury,0.2759,0.1724,0.2431,1.0,node2vec
2018,Intensive Care Medicine,0.9324,0.6351,0.8131,1.0,node2vec
2018,International Immunopharmacology,0.2,0.05,0.05,1.0,node2vec
2018,International Journal of Behavioral Nutrition and Physical Activity,0.8909,0.3636,0.6481,1.0,node2vec
2018,International Journal of Biological Macromolecules,0.1538,0.1026,0.1266,1.0,node2vec
2018,International Journal of Cancer,0.68,0.1467,0.4413,1.0,node2vec
2018,International Journal of Cardiology,0.6667,0.2576,0.4803,1.0,node2vec
2018,International Journal of Drug Policy,1.4,1.12,1.2437,1.0,node2vec
2018,International Journal of Environmental Research and Public Health,0.0606,0.0303,0.0455,1.0,node2vec
2018,International Journal of Epidemiology,0.5116,0.0698,0.2547,1.0,node2vec
2018,International Journal of Molecular Sciences,0.26,0.08,0.1323,1.0,node2vec
2018,International Journal of Nanomedicine,0.1,0.0,0.0412,1.0,node2vec
2018,International Journal of Obesity,0.6136,0.1364,0.3901,1.0,node2vec
2018,International Journal of Pharmaceutics,0.3182,0.0455,0.141,1.0,node2vec
2018,International Journal of Radiation Oncology*Biology*Physics,0.6702,0.1915,0.4458,1.0,node2vec
2018,International Journal of Sports Physiology and Performance,1.1707,0.5854,0.8795,1.0,node2vec
2018,International Journal of Stroke,1.6538,0.9615,1.3526,1.0,node2vec
2018,Investigative Ophthalmology & Visual Science,1.8618,1.3252,1.6336,1.0,node2vec
2018,JACC Heart Failure,0.973,0.2432,0.58,1.0,node2vec
2018,JACC. Cardiovascular imaging,0.6129,0.2581,0.4086,1.0,node2vec
2018,JACC: Cardiovascular Interventions,0.8224,0.4673,0.67,1.0,node2vec
2018,JAIDS Journal of Acquired Immune Deficiency Syndromes,1.875,0.925,1.5863,1.0,node2vec
2018,JAMA,2.9617,1.0319,2.0014,1.0,node2vec
2018,JAMA Cardiology,1.1633,0.4592,0.8736,1.0,node2vec
2018,JAMA Dermatology,0.587,0.2174,0.3805,1.0,node2vec
2018,JAMA Internal Medicine,1.7928,0.4865,1.1506,1.0,node2vec
2018,JAMA Neurology,1.1774,0.5,0.8332,1.0,node2vec
2018,JAMA Oncology,1.6403,0.6619,1.1851,1.0,node2vec
2018,JAMA Ophthalmology,2.1194,1.3433,1.7394,1.0,node2vec
2018,JAMA Pediatrics,1.0118,0.4353,0.7158,1.0,node2vec
2018,JAMA Psychiatry,1.4242,0.6212,1.0419,1.0,node2vec
2018,JAMA Surgery,0.8,0.325,0.5763,1.0,node2vec
2018,JCI Insight,0.7542,0.4661,0.6106,1.0,node2vec
2018,JMIR mhealth and uhealth,0.6154,0.2692,0.4428,1.0,node2vec
2018,JNCI Journal of the National Cancer Institute,1.1408,0.3662,0.7222,1.0,node2vec
2018,Journal for ImmunoTherapy of Cancer,1.3871,0.8065,1.1482,1.0,node2vec
2018,Journal of Affective Disorders,0.6087,0.1957,0.4334,1.0,node2vec
2018,Journal of Agricultural and Food Chemistry,0.5106,0.0851,0.2676,1.0,node2vec
2018,Journal of Allergy and Clinical Immunology,0.881,0.3651,0.6088,1.0,node2vec
2018,Journal of Alzheimer s Disease,0.6087,0.2609,0.4232,1.0,node2vec
2018,Journal of Antimicrobial Chemotherapy,0.9459,0.6757,0.8,1.0,node2vec
2018,Journal of Applied Physiology,0.95,0.5,0.8254,1.0,node2vec
2018,Journal of Biological Chemistry,0.6526,0.1895,0.4273,1.0,node2vec
2018,Journal of Biomechanics,0.2174,0.0,0.1059,1.0,node2vec
2018,Journal of Bone and Joint Surgery,0.4746,0.1864,0.3261,1.0,node2vec
2018,Journal of Bone and Mineral Research,0.9138,0.4655,0.7637,1.0,node2vec
2018,Journal of Cachexia Sarcopenia and Muscle,1.0233,0.186,0.5717,1.0,node2vec
2018,Journal of Cataract & Refractive Surgery,0.8148,0.2593,0.5834,1.0,node2vec
2018,Journal of Cellular and Molecular Medicine,0.4583,0.125,0.3054,1.0,node2vec
2018,Journal of Cerebral Blood Flow & Metabolism,0.8571,0.2143,0.4385,1.0,node2vec
2018,Journal of Clinical Investigation,1.6242,0.4459,0.953,1.0,node2vec
2018,Journal of Clinical Microbiology,0.6957,0.3696,0.5402,1.0,node2vec
2018,Journal of Clinical Oncology,2.0063,0.6849,1.3075,1.0,node2vec
2018,Journal of Controlled Release,0.3939,0.1212,0.2431,1.0,node2vec
2018,Journal of Critical Care,0.15,0.05,0.05,1.0,node2vec
2018,Journal of Ethnopharmacology,0.1429,0.0,0.0817,1.0,node2vec
2018,Journal of Functional Foods,0.6774,0.129,0.3301,1.0,node2vec
2018,Journal of Gastroenterology and Hepatology,0.75,0.2,0.519,1.0,node2vec
2018,Journal of General Internal Medicine,0.4783,0.2609,0.3697,1.0,node2vec
2018,Journal of Hematology & Oncology,0.6522,0.2174,0.5086,1.0,node2vec
2018,Journal of Hepatology,2.311,1.3354,1.8362,1.0,node2vec
2018,Journal of Hypertension,0.5455,0.0909,0.306,1.0,node2vec
2018,Journal of Investigative Dermatology,0.7143,0.1746,0.4562,1.0,node2vec
2018,Journal of Magnetic Resonance Imaging,1.0333,0.5333,0.8245,1.0,node2vec
2018,Journal of Medical Internet Research,0.4419,0.1163,0.27,1.0,node2vec
2018,Journal of Medicinal Chemistry,0.6562,0.3438,0.4744,1.0,node2vec
2018,Journal of Neuro-Oncology,0.2941,0.1765,0.2559,1.0,node2vec
2018,Journal of NeuroInterventional Surgery,1.2759,0.6207,1.02,1.0,node2vec
2018,Journal of Neuroinflammation,1.0154,0.6462,0.8276,1.0,node2vec
2018,Journal of Neurology,0.8214,0.7143,0.8058,1.0,node2vec
2018,Journal of Neurology Neurosurgery & Psychiatry,0.7778,0.3889,0.5789,1.0,node2vec
2018,Journal of Neuroscience,0.8257,0.3486,0.6447,1.0,node2vec
2018,Journal of Neurosurgery Spine,0.4103,0.1026,0.2272,1.0,node2vec
2018,Journal of Neurotrauma,0.7674,0.2326,0.41,1.0,node2vec
2018,Journal of Nuclear Medicine,2.1429,1.479,1.8725,1.0,node2vec
2018,Journal of Nutrition,1.1538,0.3077,0.7309,1.0,node2vec
2018,Journal of Orthopaedic and Sports Physical Therapy,0.75,0.4,0.5131,1.0,node2vec
2018,Journal of Pain,1.2121,0.3636,0.5307,1.0,node2vec
2018,Journal of Pain and Symptom Management,0.4074,0.3333,0.3791,1.0,node2vec
2018,Journal of Pediatric Gastroenterology and Nutrition,0.1818,0.0909,0.1189,1.0,node2vec
2018,Journal of Photochemistry and Photobiology B Biology,0.9524,0.4762,0.7878,1.0,node2vec
2018,Journal of Physics D Applied Physics,2.0909,1.2273,1.7303,1.0,node2vec
2018,Journal of Pineal Research,0.9545,0.4091,0.7121,1.0,node2vec
2018,Journal of Shoulder and Elbow Surgery,0.6552,0.2414,0.3637,1.0,node2vec
2018,Journal of Sports Sciences,0.9,0.4333,0.5977,1.0,node2vec
2018,Journal of Surgical Oncology,0.6,0.2,0.4705,1.0,node2vec
2018,Journal of Thoracic Oncology,1.5649,0.9695,1.3389,1.0,node2vec
2018,Journal of Thoracic and Cardiovascular Surgery,0.3731,0.1343,0.2377,1.0,node2vec
2018,Journal of Thrombosis and Haemostasis,0.4762,0.0476,0.3089,1.0,node2vec
2018,Journal of Translational Medicine,0.4865,0.1622,0.4099,1.0,node2vec
2018,Journal of Vascular Surgery,0.3636,0.0303,0.1661,1.0,node2vec
2018,Journal of Virology,0.9278,0.5052,0.7433,1.0,node2vec
2018,Journal of Visualized Experiments,0.1739,0.087,0.087,1.0,node2vec
2018,Journal of neurosurgery,0.4118,0.0706,0.2225,1.0,node2vec
2018,Journal of science and medicine in sport,0.4667,0.3333,0.4072,1.0,node2vec
2018,Journal of the American Academy of Dermatology,0.7895,0.3333,0.5877,1.0,node2vec
2018,Journal of the American Chemical Society,1.0625,0.5625,0.8241,1.0,node2vec
2018,Journal of the American College of Cardiology,1.5015,0.7286,1.187,1.0,node2vec
2018,Journal of the American College of Radiology,0.4783,0.1739,0.3063,1.0,node2vec
2018,Journal of the American College of Surgeons,0.7442,0.3721,0.5837,1.0,node2vec
2018,Journal of the American Geriatrics Society,0.6622,0.2432,0.4598,1.0,node2vec
2018,Journal of the American Heart Association,0.5745,0.1968,0.417,1.0,node2vec
2018,Journal of the American Medical Directors Association,0.9697,0.5303,0.7178,1.0,node2vec
2018,Journal of the American Society of Echocardiography,2.3,0.4,0.7756,1.0,node2vec
2018,Journal of the American Society of Nephrology,0.605,0.2605,0.4322,1.0,node2vec
2018,Journal of the European Academy of Dermatology and Venereology,0.6667,0.2,0.387,1.0,node2vec
2018,Journal of the International AIDS Society,0.6667,0.3,0.4901,1.0,node2vec
2018,Journal of the National Comprehensive Cancer Network,2.1277,0.7872,1.2854,1.0,node2vec
2018,Kidney International,0.809,0.3933,0.6195,1.0,node2vec
2018,Knee Surgery Sports Traumatology Arthroscopy,0.6508,0.3651,0.5003,1.0,node2vec
2018,LWT,0.3824,0.1765,0.3111,1.0,node2vec
2018,Lara D. Veeken,0.56,0.22,0.4364,1.0,node2vec
2018,Leukemia,0.8421,0.4316,0.713,1.0,node2vec
2018,Lipids in Health and Disease,0.3,0.1,0.1895,1.0,node2vec
2018,Liver International,1.1562,0.7188,0.9839,1.0,node2vec
2018,Liver Transplantation,0.7727,0.4091,0.6433,1.0,node2vec
2018,Lung Cancer,1.1905,0.5,0.9868,1.0,node2vec
2018,MMWR Morbidity and Mortality Weekly Report,6.5806,4.8145,5.8007,1.0,node2vec
2018,Magnetic Resonance in Medicine,1.0192,0.5,0.8095,1.0,node2vec
2018,Malaria Journal,0.6716,0.3582,0.5146,1.0,node2vec
2018,Materials Science and Engineering C,0.3871,0.0968,0.2056,1.0,node2vec
2018,Mayo Clinic Proceedings,0.3846,0.1538,0.2772,1.0,node2vec
2018,Medical Education,0.4,0.0,0.2643,1.0,node2vec
2018,Medical Physics,1.4,0.5714,1.0091,1.0,node2vec
2018,Medical Teacher,0.84,0.76,0.8202,1.0,node2vec
2018,Medicine,0.3663,0.0693,0.2057,1.0,node2vec
2018,Medicine & Science in Sports & Exercise,0.7571,0.2571,0.5318,1.0,node2vec
2018,Menopause The Journal of The North American Menopause Society,1.0,0.4545,0.7282,1.0,node2vec
2018,Modern Pathology,1.5122,0.7073,1.1778,1.0,node2vec
2018,Molecular Cancer Therapeutics,0.8222,0.2889,0.5542,1.0,node2vec
2018,Molecular Cell,1.0312,0.5312,0.7944,1.0,node2vec
2018,Molecular Medicine Reports,0.381,0.0952,0.1286,1.0,node2vec
2018,Molecular Metabolism,0.6,0.36,0.4282,1.0,node2vec
2018,Molecular Neurobiology,0.6071,0.25,0.4342,1.0,node2vec
2018,Molecular Neurodegeneration,0.7931,0.2759,0.546,1.0,node2vec
2018,Molecular Nutrition & Food Research,0.375,0.125,0.3086,1.0,node2vec
2018,Molecular Psychiatry,0.8889,0.2667,0.6305,1.0,node2vec
2018,Molecular Therapy,0.7143,0.4898,0.627,1.0,node2vec
2018,Molecules,0.2188,0.0625,0.0922,1.0,node2vec
2018,Movement Disorders,1.0179,0.625,0.7812,1.0,node2vec
2018,Mucosal Immunology,0.4286,0.2857,0.3559,1.0,node2vec
2018,Multiple Sclerosis Journal,1.2157,0.549,0.8906,1.0,node2vec
2018,Nature,3.9697,2.0707,2.7761,1.0,node2vec
2018,Nature Cell Biology,1.0238,0.3571,0.6887,1.0,node2vec
2018,Nature Chemical Biology,1.5312,0.9375,1.237,1.0,node2vec
2018,Nature Communications,0.9982,0.4288,0.6878,1.0,node2vec
2018,Nature Genetics,1.9683,0.6825,1.3146,1.0,node2vec
2018,Nature Immunology,3.125,2.5,2.8282,1.0,node2vec
2018,Nature Medicine,2.916,1.0611,1.7967,1.0,node2vec
2018,Nature Microbiology,0.9818,0.6364,0.7782,1.0,node2vec
2018,Nature Neuroscience,1.25,0.5,0.785,1.0,node2vec
2018,Nature Structural & Molecular Biology,2.2,1.4,1.646,1.0,node2vec
2018,Nephrology Dialysis Transplantation,0.5854,0.3171,0.4861,1.0,node2vec
2018,Neuro-Oncology,0.9762,0.4405,0.7701,1.0,node2vec
2018,NeuroImage,1.2422,0.5312,0.9433,1.0,node2vec
2018,NeuroImage Clinical,0.2963,0.1296,0.2516,1.0,node2vec
2018,Neurobiology of Aging,0.7091,0.3273,0.5097,1.0,node2vec
2018,Neurobiology of Disease,0.7188,0.3438,0.51,1.0,node2vec
2018,Neuroendocrinology,4.25,3.7083,3.9297,1.0,node2vec
2018,Neurology,0.9628,0.4088,0.6899,1.0,node2vec
2018,Neurology Neuroimmunology & Neuroinflammation,1.2593,0.8148,1.0435,1.0,node2vec
2018,Neuron,2.2653,1.4082,1.8247,1.0,node2vec
2018,Neuropharmacology,0.1,0.1,0.1,1.0,node2vec
2018,Neuropsychopharmacology,0.4762,0.2381,0.4342,1.0,node2vec
2018,Neurosurgery,1.2778,0.1111,0.4053,1.0,node2vec
2018,Neurosurgical FOCUS,0.375,0.0417,0.1301,1.0,node2vec
2018,New England Journal of Medicine,5.8921,3.1655,4.6443,1.0,node2vec
2018,Nicotine & Tobacco Research,1.6667,0.9524,1.5398,1.0,node2vec
2018,Nucleic Acids Research,1.0682,0.5909,0.8278,1.0,node2vec
2018,Nutrients,0.3084,0.1308,0.2107,1.0,node2vec
2018,Nutrition,0.85,0.15,0.53,1.0,node2vec
2018,Obesity,0.5946,0.1351,0.3772,1.0,node2vec
2018,Obesity Surgery,0.4146,0.1463,0.2874,1.0,node2vec
2018,Obstetrics and Gynecology,0.9286,0.4388,0.6826,1.0,node2vec
2018,OncoImmunology,0.4667,0.2267,0.4099,1.0,node2vec
2018,Oncogene,0.3651,0.1746,0.2757,1.0,node2vec
2018,Oncotarget,0.8491,0.3491,0.5886,1.0,node2vec
2018,Ophthalmology,1.4338,0.7794,1.1969,1.0,node2vec
2018,Oral Oncology,0.6452,0.2903,0.4973,1.0,node2vec
2018,Orthopaedic Journal of Sports Medicine,0.625,0.3125,0.4971,1.0,node2vec
2018,Osteoarthritis and Cartilage,0.4773,0.0227,0.1342,1.0,node2vec
2018,Osteoporosis International,0.5312,0.25,0.3715,1.0,node2vec
2018,Oxidative Medicine and Cellular Longevity,0.1071,0.0,0.0,1.0,node2vec
2018,PEDIATRICS,0.988,0.3653,0.5803,1.0,node2vec
2018,PLoS Biology,0.65,0.15,0.4427,1.0,node2vec
2018,PLoS Genetics,0.5641,0.1538,0.3812,1.0,node2vec
2018,PLoS Medicine,0.9597,0.4032,0.7431,1.0,node2vec
2018,PLoS ONE,0.5022,0.163,0.3226,1.0,node2vec
2018,PLoS Pathogens,0.9379,0.5103,0.6954,1.0,node2vec
2018,PLoS neglected tropical diseases,2.3453,1.8345,2.0878,1.0,node2vec
2018,Pain,0.837,0.1848,0.5664,1.0,node2vec
2018,Parasites & Vectors,0.5152,0.1515,0.2979,1.0,node2vec
2018,Pediatric Blood & Cancer,0.6667,0.25,0.4452,1.0,node2vec
2018,Pediatric Critical Care Medicine,0.3333,0.1333,0.1593,1.0,node2vec
2018,Physics in Medicine and Biology,0.4545,0.1364,0.2721,1.0,node2vec
2018,Plasma Sources Science and Technology,2.0455,1.3182,1.8329,1.0,node2vec
2018,Plastic & Reconstructive Surgery,0.7297,0.3514,0.5656,1.0,node2vec
2018,Preventive Medicine,0.7843,0.451,0.6193,1.0,node2vec
2018,Proceedings of the National Academy of Sciences,1.0089,0.4452,0.7248,1.0,node2vec
2018,Psycho-Oncology,0.3667,0.1,0.1928,1.0,node2vec
2018,Psychological Medicine,0.4242,0.2121,0.3234,1.0,node2vec
2018,PubMed,0.9331,0.186,0.5649,1.0,node2vec
2018,Public Health Nutrition,0.76,0.56,0.697,1.0,node2vec
2018,RSC Advances,0.65,0.45,0.572,1.0,node2vec
2018,Radiology,1.125,0.5156,0.8009,1.0,node2vec
2018,Radiotherapy and Oncology,1.0566,0.4906,0.7878,1.0,node2vec
2018,Redox Biology,0.3333,0.2727,0.3012,1.0,node2vec
2018,Regional Anesthesia & Pain Medicine,1.68,0.72,1.2968,1.0,node2vec
2018,Reproductive Health,0.4194,0.1935,0.2996,1.0,node2vec
2018,Respiratory Medicine,0.303,0.1212,0.2676,1.0,node2vec
2018,Respiratory Research,0.4242,0.2424,0.3324,1.0,node2vec
2018,Resuscitation,0.5091,0.1273,0.3247,1.0,node2vec
2018,Retina,1.0345,0.6897,0.9184,1.0,node2vec
2018,SLEEP,0.3929,0.2143,0.2961,1.0,node2vec
2018,Scandinavian Journal of Medicine and Science in Sports,0.76,0.36,0.5836,1.0,node2vec
2018,Schizophrenia Bulletin,0.7308,0.4615,0.6071,1.0,node2vec
2018,Schizophrenia Research,0.2609,0.087,0.1521,1.0,node2vec
2018,Science,5.0076,3.2595,4.0963,1.0,node2vec
2018,Science Advances,0.8387,0.4839,0.6011,1.0,node2vec
2018,Science Translational Medicine,1.355,0.6686,1.0258,1.0,node2vec
2018,Scientific Reports,0.6118,0.258,0.4361,1.0,node2vec
2018,Seminars in Arthritis and Rheumatism,0.45,0.1,0.2117,1.0,node2vec
2018,Social Science & Medicine,0.3636,0.0,0.0735,1.0,node2vec
2018,Spine,0.4306,0.0417,0.2192,1.0,node2vec
2018,Sports Medicine,1.1481,0.4074,0.9172,1.0,node2vec
2018,Stem Cell Reports,0.7442,0.2326,0.5138,1.0,node2vec
2018,Stem Cell Research & Therapy,0.2698,0.0794,0.1552,1.0,node2vec
2018,Stem Cells,1.0882,0.4118,0.7896,1.0,node2vec
2018,Stem Cells Translational Medicine,0.6,0.2,0.3268,1.0,node2vec
2018,Stroke,0.7016,0.377,0.5886,1.0,node2vec
2018,Supportive Care in Cancer,0.3846,0.1282,0.2627,1.0,node2vec
2018,Surgery,0.4359,0.2051,0.3209,1.0,node2vec
2018,Surgery for Obesity and Related Diseases,0.7586,0.3793,0.5787,1.0,node2vec
2018,Surgical Endoscopy,0.4722,0.1806,0.3345,1.0,node2vec
2018,The American Journal of Cardiology,0.8387,0.4194,0.6551,1.0,node2vec
2018,The American Journal of Gastroenterology,1.1477,0.4205,0.7477,1.0,node2vec
2018,The American Journal of Human Genetics,0.6512,0.186,0.4794,1.0,node2vec
2018,The American Journal of Medicine,0.6757,0.1892,0.45,1.0,node2vec
2018,The American Journal of Sports Medicine,0.994,0.4583,0.781,1.0,node2vec
2018,The American Journal of Surgical Pathology,1.1209,0.5934,0.8726,1.0,node2vec
2018,The Annals of Thoracic Surgery,0.5077,0.0769,0.2819,1.0,node2vec
2018,The Bone & Joint Journal,0.6212,0.1515,0.3675,1.0,node2vec
2018,The EMBO Journal,1.6923,0.8205,1.3265,1.0,node2vec
2018,The FASEB Journal,0.4571,0.1143,0.2979,1.0,node2vec
2018,The Journal of Allergy and Clinical Immunology In Practice,0.35,0.225,0.2833,1.0,node2vec
2018,The Journal of Arthroplasty,0.8031,0.2913,0.5544,1.0,node2vec
2018,The Journal of Cell Biology,0.8529,0.3529,0.6584,1.0,node2vec
2018,The Journal of Clinical Endocrinology & Metabolism,0.8266,0.2023,0.4596,1.0,node2vec
2018,The Journal of Clinical Psychiatry,0.7391,0.087,0.2279,1.0,node2vec
2018,The Journal of Experimental Medicine,0.8302,0.3962,0.695,1.0,node2vec
2018,The Journal of Heart and Lung Transplantation,0.9565,0.3043,0.4648,1.0,node2vec
2018,The Journal of Immunology,0.4918,0.2295,0.3278,1.0,node2vec
2018,The Journal of Infectious Diseases,1.4082,0.9796,1.2336,1.0,node2vec
2018,The Journal of Pathology,1.125,0.25,0.6815,1.0,node2vec
2018,The Journal of Pediatrics,0.5048,0.1429,0.2749,1.0,node2vec
2018,The Journal of Physiology,1.16,0.36,0.7996,1.0,node2vec
2018,The Journal of Rheumatology,0.4828,0.1034,0.304,1.0,node2vec
2018,The Journal of Sexual Medicine,0.6944,0.2778,0.3889,1.0,node2vec
2018,The Journal of Strength and Conditioning Research,0.7353,0.4118,0.5694,1.0,node2vec
2018,"The Journal of Trauma: Injury, Infection, and Critical Care",0.9216,0.2941,0.5795,1.0,node2vec
2018,The Journal of Urology,0.7529,0.4235,0.5401,1.0,node2vec
2018,The Journals of Gerontology Series A,1.0185,0.5,0.7953,1.0,node2vec
2018,The Lancet,4.4259,2.3688,3.439,1.0,node2vec
2018,The Lancet Diabetes & Endocrinology,1.4286,0.7679,1.1693,1.0,node2vec
2018,The Lancet Global Health,1.2857,0.1905,0.655,1.0,node2vec
2018,The Lancet HIV,1.6571,0.7429,1.2157,1.0,node2vec
2018,The Lancet Haematology,0.7674,0.4186,0.6245,1.0,node2vec
2018,The Lancet Infectious Diseases,3.6,2.33,2.9494,1.0,node2vec
2018,The Lancet Neurology,1.7377,0.6066,1.2191,1.0,node2vec
2018,The Lancet Oncology,3.4355,1.3333,2.4353,1.0,node2vec
2018,The Lancet Psychiatry,1.1786,0.5714,0.8867,1.0,node2vec
2018,The Lancet Respiratory Medicine,1.2174,0.4928,0.924,1.0,node2vec
2018,The Laryngoscope,0.5417,0.3333,0.4657,1.0,node2vec
2018,The Oncologist,1.0408,0.1837,0.5101,1.0,node2vec
2018,The Spine Journal,0.3235,0.0294,0.1346,1.0,node2vec
2018,Theranostics,0.8776,0.3878,0.6564,1.0,node2vec
2018,Thorax,0.8594,0.2656,0.536,1.0,node2vec
2018,Thrombosis and Haemostasis,0.64,0.36,0.4715,1.0,node2vec
2018,Thyroid,1.0714,0.4286,0.7466,1.0,node2vec
2018,Tobacco Control,2.7353,2.1471,2.5435,1.0,node2vec
2018,Transfusion,1.04,0.36,0.6405,1.0,node2vec
2018,Translational Psychiatry,0.6071,0.25,0.4145,1.0,node2vec
2018,Transplantation,0.6757,0.3514,0.416,1.0,node2vec
2018,Trends in Food Science & Technology,0.8333,0.4667,0.6184,1.0,node2vec
2018,Ultrasound in Obstetrics and Gynecology,2.3143,1.2857,1.7109,1.0,node2vec
2018,Unknown,0.7907,0.2209,0.439,1.0,node2vec
2018,Vaccine,0.6087,0.2826,0.3819,1.0,node2vec
2018,World Journal of Gastroenterology,0.3514,0.1351,0.2679,1.0,node2vec
2018,World Journal of Surgery,1.2,0.15,0.7131,1.0,node2vec
2018,World Neurosurgery,0.25,0.0312,0.1292,1.0,node2vec
2018,eLife,1.2482,0.4745,0.8361,1.0,node2vec
2018,mBio,1.4433,0.7629,1.1238,1.0,node2vec
2018,mSphere,1.625,0.7083,1.1881,1.0,node2vec
2018,The Lancet. Gastroenterology & hepatology,0.5455,0.303,0.4754,1.0,node2vec
2019,ACS Applied Materials & Interfaces,0.6364,0.2273,0.4212,1.0,node2vec
2019,ACS Nano,0.4878,0.1463,0.3088,1.0,node2vec
2019,AIDS,0.9459,0.4324,0.7016,1.0,node2vec
2019,AIDS and Behavior,0.6364,0.3333,0.4947,1.0,node2vec
2019,Academic Medicine,0.5,0.2105,0.3092,1.0,node2vec
2019,Acta Biomaterialia,0.5055,0.1209,0.2856,1.0,node2vec
2019,Acta Neuropathologica,1.4713,0.6322,1.0767,1.0,node2vec
2019,Acta Neuropathologica Communications,0.9773,0.5227,0.8101,1.0,node2vec
2019,Acta Oncologica,1.5,0.55,1.0529,1.0,node2vec
2019,Addiction,1.1489,0.4894,0.9076,1.0,node2vec
2019,Addictive Behaviors,1.1714,0.7143,1.0183,1.0,node2vec
2019,Age and Ageing,0.7407,0.2963,0.5754,1.0,node2vec
2019,Aging,1.0,0.3333,0.7555,1.0,node2vec
2019,Aging Cell,0.8222,0.1778,0.4862,1.0,node2vec
2019,Alimentary Pharmacology & Therapeutics,0.9091,0.4091,0.7777,1.0,node2vec
2019,Allergy,1.0,0.4348,0.727,1.0,node2vec
2019,Alzheimer s & Dementia,1.4605,0.4868,0.8376,1.0,node2vec
2019,Alzheimer s Research & Therapy,0.6122,0.1633,0.4303,1.0,node2vec
2019,American Heart Journal,0.75,0.4643,0.6456,1.0,node2vec
2019,American Journal Of Pathology,0.9,0.3,0.5135,1.0,node2vec
2019,American Journal of Clinical Nutrition,0.6154,0.1231,0.3546,1.0,node2vec
2019,American Journal of Epidemiology,1.0938,0.2812,0.7203,1.0,node2vec
2019,American Journal of Hematology,0.587,0.3261,0.4436,1.0,node2vec
2019,American Journal of Kidney Diseases,0.6341,0.1463,0.3833,1.0,node2vec
2019,American Journal of Neuroradiology,0.7907,0.186,0.4529,1.0,node2vec
2019,American Journal of Obstetrics and Gynecology,0.8785,0.4766,0.681,1.0,node2vec
2019,American Journal of Ophthalmology,0.7561,0.4634,0.6223,1.0,node2vec
2019,American Journal of Physiology-Lung Cellular and Molecular Physiology,1.0,0.4545,0.7431,1.0,node2vec
2019,American Journal of Preventive Medicine,1.0,0.6216,0.8202,1.0,node2vec
2019,American Journal of Psychiatry,0.9722,0.3611,0.7359,1.0,node2vec
2019,American Journal of Public Health,1.525,0.75,1.0184,1.0,node2vec
2019,American Journal of Respiratory Cell and Molecular Biology,0.92,0.24,0.4167,1.0,node2vec
2019,American Journal of Respiratory and Critical Care Medicine,1.2736,0.4279,0.8219,1.0,node2vec
2019,American Journal of Roentgenology,0.9667,0.3667,0.6145,1.0,node2vec
2019,American Journal of Transplantation,1.5,0.6304,0.96,1.0,node2vec
2019,Anaesthesia,1.3636,0.5455,1.0156,1.0,node2vec
2019,Anesthesia & Analgesia,0.6383,0.2128,0.4523,1.0,node2vec
2019,Anesthesiology,0.56,0.16,0.3763,1.0,node2vec
2019,Angewandte Chemie International Edition,0.5806,0.1613,0.3361,1.0,node2vec
2019,Annals of Allergy Asthma & Immunology,0.5238,0.3333,0.4285,1.0,node2vec
2019,Annals of Clinical and Translational Neurology,0.4783,0.3043,0.3807,1.0,node2vec
2019,Annals of Emergency Medicine,0.7241,0.3103,0.4779,1.0,node2vec
2019,Annals of Intensive Care,0.4,0.24,0.3357,1.0,node2vec
2019,Annals of Internal Medicine,1.9688,0.6146,1.2275,1.0,node2vec
2019,Annals of Neurology,1.3069,0.703,1.0615,1.0,node2vec
2019,Annals of Oncology,1.2974,0.6422,1.0034,1.0,node2vec
2019,Annals of Surgery,0.9124,0.3918,0.6664,1.0,node2vec
2019,Annals of Surgical Oncology,0.6829,0.2805,0.4743,1.0,node2vec
2019,Annals of the American Thoracic Society,0.5909,0.2045,0.4455,1.0,node2vec
2019,Annals of the Rheumatic Diseases,0.9605,0.4211,0.7024,1.0,node2vec
2019,Antimicrobial Agents and Chemotherapy,1.3258,0.7528,1.1049,1.0,node2vec
2019,Antiviral Research,0.6875,0.3125,0.4846,1.0,node2vec
2019,Archives of Disease in Childhood Fetal & Neonatal,0.4286,0.381,0.381,1.0,node2vec
2019,Archives of Physical Medicine and Rehabilitation,0.2609,0.0,0.1577,1.0,node2vec
2019,Arteriosclerosis Thrombosis and Vascular Biology,0.2222,0.0,0.1247,1.0,node2vec
2019,Arthritis & Rheumatology,0.6408,0.1553,0.3606,1.0,node2vec
2019,Arthritis Care & Research,0.6857,0.3714,0.5674,1.0,node2vec
2019,Arthritis Research & Therapy,0.4828,0.1724,0.3263,1.0,node2vec
2019,Arthroscopy The Journal of Arthroscopic and Related Surgery,0.5517,0.2414,0.3965,1.0,node2vec
2019,Atherosclerosis,0.5161,0.1613,0.3143,1.0,node2vec
2019,Autophagy,0.6087,0.1413,0.3671,1.0,node2vec
2019,BJOG An International Journal of Obstetrics & Gynaecology,0.9643,0.2857,0.5546,1.0,node2vec
2019,BMC Cancer,0.2286,0.0667,0.1747,1.0,node2vec
2019,BMC Complementary and Alternative Medicine,0.2927,0.0,0.12,1.0,node2vec
2019,BMC Genomics,0.2,0.08,0.1736,1.0,node2vec
2019,BMC Geriatrics,0.2222,0.0794,0.1713,1.0,node2vec
2019,BMC Health Services Research,0.1364,0.0455,0.071,1.0,node2vec
2019,BMC Infectious Diseases,0.3387,0.0806,0.1818,1.0,node2vec
2019,BMC Medical Education,0.3636,0.0,0.1594,1.0,node2vec
2019,BMC Medicine,0.6562,0.0938,0.3719,1.0,node2vec
2019,BMC Musculoskeletal Disorders,0.3939,0.0,0.1688,1.0,node2vec
2019,BMC Nephrology,0.2174,0.1739,0.1739,1.0,node2vec
2019,BMC Pediatrics,0.28,0.08,0.1671,1.0,node2vec
2019,BMC Pregnancy and Childbirth,0.1443,0.0515,0.0827,1.0,node2vec
2019,BMC Psychiatry,0.2857,0.0,0.0767,1.0,node2vec
2019,BMC Public Health,0.4828,0.2845,0.4004,1.0,node2vec
2019,BMC Pulmonary Medicine,0.28,0.16,0.1867,1.0,node2vec
2019,BMC Research Notes,0.25,0.1,0.1,1.0,node2vec
2019,BMC Women s Health,0.36,0.04,0.198,1.0,node2vec
2019,BMJ,1.4151,0.5597,0.9683,1.0,node2vec
2019,BMJ Global Health,0.4324,0.2973,0.4181,1.0,node2vec
2019,BMJ Open,0.4633,0.1356,0.2915,1.0,node2vec
2019,BioMed Research International,0.1081,0.0541,0.0766,1.0,node2vec
2019,Biochemical and Biophysical Research Communications,0.4583,0.2292,0.3367,1.0,node2vec
2019,Biological Psychiatry,0.6818,0.1818,0.361,1.0,node2vec
2019,Biology of Blood and Marrow Transplantation,0.5588,0.1176,0.3266,1.0,node2vec
2019,Biomaterials,0.6729,0.215,0.4251,1.0,node2vec
2019,Biomedical Optics Express,3.0,1.7037,2.4439,1.0,node2vec
2019,Biomedical Signal Processing and Control,0.5455,0.4545,0.5395,1.0,node2vec
2019,Biomedicine & Pharmacotherapy,0.3167,0.1,0.1876,1.0,node2vec
2019,Blood,1.3497,0.5523,0.9501,1.0,node2vec
2019,Blood Advances,0.5733,0.28,0.4219,1.0,node2vec
2019,Blood Cancer Journal,0.3182,0.0455,0.203,1.0,node2vec
2019,Bone,0.5714,0.1905,0.5039,1.0,node2vec
2019,Brain,1.2029,0.6739,0.974,1.0,node2vec
2019,Brain Behavior and Immunity,0.3929,0.1071,0.2169,1.0,node2vec
2019,Breast Cancer Research,0.7037,0.0741,0.418,1.0,node2vec
2019,Breast Cancer Research and Treatment,0.7632,0.3684,0.6127,1.0,node2vec
2019,British Journal Of Nutrition,0.6667,0.2857,0.5048,1.0,node2vec
2019,British Journal of Anaesthesia,0.662,0.2817,0.4789,1.0,node2vec
2019,British Journal of Cancer,0.5472,0.1698,0.344,1.0,node2vec
2019,British Journal of Dermatology,0.4894,0.1489,0.3917,1.0,node2vec
2019,British Journal of Haematology,0.4848,0.1212,0.3892,1.0,node2vec
2019,British Journal of Ophthalmology,0.7619,0.4048,0.5628,1.0,node2vec
2019,British Journal of Pharmacology,1.4074,0.6296,0.9987,1.0,node2vec
2019,British Journal of Sports Medicine,1.0462,0.5385,0.7963,1.0,node2vec
2019,British Journal of Urology,0.6216,0.3243,0.459,1.0,node2vec
2019,British journal of surgery,0.791,0.2985,0.5245,1.0,node2vec
2019,CA A Cancer Journal for Clinicians,23.75,3.6,8.5648,1.0,node2vec
2019,CHEST Journal,0.5441,0.2353,0.4484,1.0,node2vec
2019,Canadian Medical Association Journal,1.1905,0.6667,0.9828,1.0,node2vec
2019,Cancer,0.8861,0.3987,0.6305,1.0,node2vec
2019,Cancer Cell,2.2273,0.7273,1.4644,1.0,node2vec
2019,Cancer Discovery,2.5529,1.1176,1.8383,1.0,node2vec
2019,Cancer Epidemiology Biomarkers & Prevention,0.963,0.4444,0.6423,1.0,node2vec
2019,Cancer Immunology Immunotherapy,1.2059,0.4706,0.8747,1.0,node2vec
2019,Cancer Immunology Research,1.0167,0.1833,0.6375,1.0,node2vec
2019,Cancer Letters,0.7576,0.2424,0.5711,1.0,node2vec
2019,Cancer Medicine,0.4667,0.1333,0.3048,1.0,node2vec
2019,Cancer Research,1.0116,0.289,0.6399,1.0,node2vec
2019,Cancer Science,1.08,0.36,0.8333,1.0,node2vec
2019,Carbohydrate Polymers,0.66,0.16,0.3793,1.0,node2vec
2019,Cardiovascular Diabetology,1.1538,0.5769,0.9624,1.0,node2vec
2019,Cardiovascular Research,0.4444,0.1111,0.2229,1.0,node2vec
2019,Cell,2.4094,1.2953,1.9377,1.0,node2vec
2019,Cell Death and Differentiation,0.5417,0.1667,0.3801,1.0,node2vec
2019,Cell Death and Disease,0.5595,0.2143,0.3908,1.0,node2vec
2019,Cell Host & Microbe,1.0405,0.6216,0.8516,1.0,node2vec
2019,Cell Metabolism,1.625,0.6417,1.1391,1.0,node2vec
2019,Cell Reports,1.0076,0.4046,0.7134,1.0,node2vec
2019,Cell stem cell,1.459,0.6557,1.1904,1.0,node2vec
2019,Cellular Physiology and Biochemistry,1.5227,0.0227,0.4489,1.0,node2vec
2019,Cephalalgia,1.5714,0.4762,0.8476,1.0,node2vec
2019,Chemical Science,0.52,0.12,0.3005,1.0,node2vec
2019,Circulation,1.4051,0.6204,1.0245,1.0,node2vec
2019,Circulation Arrhythmia and Electrophysiology,0.8108,0.2162,0.5366,1.0,node2vec
2019,Circulation Cardiovascular Imaging,0.5476,0.0952,0.3327,1.0,node2vec
2019,Circulation Cardiovascular Interventions,0.5455,0.4242,0.4804,1.0,node2vec
2019,Circulation Cardiovascular Quality and Outcomes,0.7143,0.2381,0.428,1.0,node2vec
2019,Circulation Heart Failure,0.65,0.275,0.446,1.0,node2vec
2019,Circulation Research,0.7083,0.2917,0.5193,1.0,node2vec
2019,Clinical Cancer Research,1.2713,0.378,0.7989,1.0,node2vec
2019,Clinical Chemistry,0.8095,0.381,0.6668,1.0,node2vec
2019,Clinical Gastroenterology and Hepatology,0.6966,0.3258,0.4967,1.0,node2vec
2019,Clinical Infectious Diseases,0.8585,0.4098,0.6504,1.0,node2vec
2019,Clinical Interventions in Aging,0.4,0.05,0.2077,1.0,node2vec
2019,Clinical Journal of the American Society of Nephrology,0.6047,0.1628,0.3357,1.0,node2vec
2019,Clinical Lung Cancer,0.2273,0.1364,0.2036,1.0,node2vec
2019,Clinical Microbiology and Infection,0.5556,0.1852,0.3675,1.0,node2vec
2019,Clinical Nutrition,0.5192,0.3077,0.3998,1.0,node2vec
2019,Clinical Orthopaedics and Related Research,0.5333,0.0667,0.2575,1.0,node2vec
2019,Clinical Pharmacology & Therapeutics,0.3103,0.1034,0.1529,1.0,node2vec
2019,Computer Methods and Programs in Biomedicine,0.6667,0.1481,0.4354,1.0,node2vec
2019,Computers in Biology and Medicine,2.0,1.0217,1.6681,1.0,node2vec
2019,Critical Care,0.4058,0.1449,0.2817,1.0,node2vec
2019,Critical Care Medicine,1.2273,0.5091,0.8298,1.0,node2vec
2019,Current Biology,0.6,0.32,0.4862,1.0,node2vec
2019,Development,0.9583,0.4167,0.6938,1.0,node2vec
2019,Developmental Cell,0.4062,0.125,0.2964,1.0,node2vec
2019,Developmental Medicine & Child Neurology,0.1,0.0,0.0856,1.0,node2vec
2019,Diabetes,0.7385,0.1846,0.4033,1.0,node2vec
2019,Diabetes Care,1.3855,0.6566,1.0995,1.0,node2vec
2019,Diabetes Obesity and Metabolism,1.7821,0.9615,1.4748,1.0,node2vec
2019,Diabetes Research and Clinical Practice,2.6818,0.1818,0.7834,1.0,node2vec
2019,Diabetes Technology & Therapeutics,1.4138,0.8966,1.1534,1.0,node2vec
2019,Diabetologia,0.9589,0.4247,0.6693,1.0,node2vec
2019,Diseases of the Colon & Rectum,0.4516,0.0968,0.2728,1.0,node2vec
2019,Drug and Alcohol Dependence,1.0638,0.5745,0.9165,1.0,node2vec
2019,EBioMedicine,0.4359,0.1795,0.3041,1.0,node2vec
2019,EFORT Open Reviews,0.1429,0.0,0.0848,1.0,node2vec
2019,EMBO Molecular Medicine,0.4737,0.2632,0.3775,1.0,node2vec
2019,EP Europace,0.7667,0.3667,0.5667,1.0,node2vec
2019,Emerging Microbes & Infections,0.5217,0.2174,0.3749,1.0,node2vec
2019,Emerging infectious diseases,1.5634,0.9155,1.2517,1.0,node2vec
2019,Endocrinology,0.619,0.1429,0.328,1.0,node2vec
2019,Endoscopy,0.6042,0.2292,0.4559,1.0,node2vec
2019,Epilepsia,1.3571,0.4821,0.9907,1.0,node2vec
2019,EuroIntervention,1.0741,0.3333,0.8208,1.0,node2vec
2019,European Heart Journal,1.4554,0.7321,1.1218,1.0,node2vec
2019,European Heart Journal - Cardiovascular Imaging,0.8966,0.4483,0.7197,1.0,node2vec
2019,European Journal of Cancer,0.7143,0.3036,0.4919,1.0,node2vec
2019,European Journal of Cardio-Thoracic Surgery,0.7391,0.4783,0.62,1.0,node2vec
2019,European Journal of Endocrinology,0.6667,0.2222,0.426,1.0,node2vec
2019,European Journal of Epidemiology,1.3913,0.6087,0.9612,1.0,node2vec
2019,European Journal of Heart Failure,0.9221,0.5325,0.7153,1.0,node2vec
2019,European Journal of Medicinal Chemistry,0.5714,0.1071,0.3707,1.0,node2vec
2019,European Journal of Neurology,0.6087,0.3043,0.4935,1.0,node2vec
2019,European Journal of Nuclear Medicine and Molecular Imaging,1.5312,0.9167,1.273,1.0,node2vec
2019,European Journal of Nutrition,0.1304,0.0435,0.0775,1.0,node2vec
2019,European Journal of Preventive Cardiology,0.619,0.1905,0.3597,1.0,node2vec
2019,European Journal of Radiology,1.1,0.55,0.9267,1.0,node2vec
2019,European Journal of Surgical Oncology,0.3846,0.1923,0.2764,1.0,node2vec
2019,European Radiology,0.6667,0.2111,0.3887,1.0,node2vec
2019,European Respiratory Journal,1.0065,0.4286,0.7465,1.0,node2vec
2019,European Spine Journal,0.3333,0.0303,0.1992,1.0,node2vec
2019,European Urology,1.2143,0.6161,0.9289,1.0,node2vec
2019,Eurosurveillance,1.3611,0.6111,1.0551,1.0,node2vec
2019,Experimental Gerontology,0.5217,0.1739,0.4001,1.0,node2vec
2019,Fertility and Sterility,0.8194,0.3056,0.5571,1.0,node2vec
2019,Food & Function,0.4898,0.1429,0.2937,1.0,node2vec
2019,Food Chemistry,0.4624,0.0751,0.2186,1.0,node2vec
2019,Food Research International,0.9348,0.2826,0.6038,1.0,node2vec
2019,Food and Chemical Toxicology,0.7619,0.2381,0.3892,1.0,node2vec
2019,Foot & Ankle International,0.4286,0.0476,0.2401,1.0,node2vec
2019,Free Radical Biology and Medicine,0.549,0.3333,0.4679,1.0,node2vec
2019,Frontiers in Aging Neuroscience,0.3571,0.0952,0.2014,1.0,node2vec
2019,Frontiers in Immunology,0.2459,0.0738,0.18,1.0,node2vec
2019,Frontiers in Microbiology,0.4651,0.1512,0.2976,1.0,node2vec
2019,Frontiers in Molecular Neuroscience,0.2273,0.1818,0.1818,1.0,node2vec
2019,Frontiers in Neurology,0.3111,0.0889,0.1079,1.0,node2vec
2019,Frontiers in Neuroscience,0.4444,0.25,0.4081,1.0,node2vec
2019,Frontiers in Oncology,0.1481,0.1111,0.1373,1.0,node2vec
2019,Frontiers in Pharmacology,0.4815,0.1667,0.2682,1.0,node2vec
2019,Frontiers in Physiology,0.5952,0.3333,0.4883,1.0,node2vec
2019,Frontiers in Psychology,0.3571,0.0,0.2063,1.0,node2vec
2019,Frontiers in Public Health,0.2857,0.0476,0.1567,1.0,node2vec
2019,Gastric Cancer,0.76,0.24,0.5605,1.0,node2vec
2019,Gastroenterology,1.0769,0.4154,0.7475,1.0,node2vec
2019,Gastrointestinal Endoscopy,0.6623,0.2208,0.4508,1.0,node2vec
2019,Genetics in Medicine,0.6486,0.4054,0.5244,1.0,node2vec
2019,Global Spine Journal,0.1852,0.037,0.1166,1.0,node2vec
2019,Gut,0.9457,0.2946,0.5903,1.0,node2vec
2019,Gynecologic Oncology,0.5345,0.2069,0.3528,1.0,node2vec
2019,Haematologica,0.623,0.2787,0.4289,1.0,node2vec
2019,Health Affairs,1.7917,0.3333,0.9843,1.0,node2vec
2019,Health and Quality of Life Outcomes,0.2069,0.0345,0.1146,1.0,node2vec
2019,Heart,0.6087,0.2609,0.4194,1.0,node2vec
2019,Heart Rhythm,1.4528,0.5849,1.1382,1.0,node2vec
2019,Hepatology,1.2048,0.5571,0.8689,1.0,node2vec
2019,Human Brain Mapping,1.0741,0.4815,0.7837,1.0,node2vec
2019,Human Molecular Genetics,0.7083,0.3958,0.5759,1.0,node2vec
2019,Human Reproduction,0.7172,0.2424,0.5105,1.0,node2vec
2019,Hypertension,0.5185,0.1975,0.3415,1.0,node2vec
2019,IEEE Access,0.6053,0.2632,0.4219,1.0,node2vec
2019,IEEE Journal of Biomedical and Health Informatics,0.625,0.225,0.4744,1.0,node2vec
2019,IEEE Transactions on Biomedical Engineering,0.6471,0.2353,0.469,1.0,node2vec
2019,IEEE Transactions on Medical Imaging,1.675,0.875,1.228,1.0,node2vec
2019,Immunity,1.4444,0.6111,1.0802,1.0,node2vec
2019,Industrial Crops and Products,0.4688,0.125,0.3353,1.0,node2vec
2019,Inflammatory Bowel Diseases,0.25,0.1,0.191,1.0,node2vec
2019,Injury,0.32,0.0,0.1023,1.0,node2vec
2019,Intensive Care Medicine,1.44,0.3867,0.7749,1.0,node2vec
2019,International Immunopharmacology,0.36,0.16,0.2584,1.0,node2vec
2019,International Journal of Behavioral Nutrition and Physical Activity,0.8958,0.2083,0.3828,1.0,node2vec
2019,International Journal of Biological Macromolecules,0.3333,0.1467,0.226,1.0,node2vec
2019,International Journal of COPD,0.6,0.15,0.3105,1.0,node2vec
2019,International Journal of Cancer,0.6353,0.1412,0.3339,1.0,node2vec
2019,International Journal of Cardiology,0.5424,0.2034,0.3757,1.0,node2vec
2019,International Journal of Drug Policy,2.1026,1.5897,1.8711,1.0,node2vec
2019,International Journal of Environmental Research and Public Health,0.3469,0.2449,0.3125,1.0,node2vec
2019,International Journal of Epidemiology,0.4571,0.0571,0.1918,1.0,node2vec
2019,International Journal of Gynecology & Obstetrics,0.4762,0.2857,0.4193,1.0,node2vec
2019,International Journal of Molecular Medicine,0.1429,0.0,0.0864,1.0,node2vec
2019,International Journal of Molecular Sciences,0.4375,0.1375,0.2746,1.0,node2vec
2019,International Journal of Nanomedicine,0.4516,0.0645,0.2019,1.0,node2vec
2019,International Journal of Obesity,0.4286,0.2286,0.3556,1.0,node2vec
2019,International Journal of Pharmaceutics,0.1379,0.0,0.1055,1.0,node2vec
2019,International Journal of Radiation Oncology*Biology*Physics,0.593,0.186,0.4119,1.0,node2vec
2019,International Journal of Sports Physiology and Performance,1.5938,0.75,1.2324,1.0,node2vec
2019,International Journal of Stroke,1.6,1.1,1.5067,1.0,node2vec
2019,International Orthopaedics,0.5652,0.087,0.3415,1.0,node2vec
2019,Investigative Ophthalmology & Visual Science,1.3295,0.7273,1.086,1.0,node2vec
2019,JACC Heart Failure,0.6111,0.2222,0.4201,1.0,node2vec
2019,JACC. Cardiovascular imaging,0.5758,0.2121,0.3762,1.0,node2vec
2019,JACC. Clinical electrophysiology,0.425,0.1,0.2496,1.0,node2vec
2019,JACC: Cardiovascular Interventions,1.05,0.59,0.8235,1.0,node2vec
2019,JAIDS Journal of Acquired Immune Deficiency Syndromes,1.0714,0.6071,0.9606,1.0,node2vec
2019,JAMA,2.1404,0.7164,1.3676,1.0,node2vec
2019,JAMA Cardiology,1.2159,0.5341,0.9064,1.0,node2vec
2019,JAMA Dermatology,0.6071,0.1964,0.3337,1.0,node2vec
2019,JAMA Internal Medicine,1.25,0.5109,0.7967,1.0,node2vec
2019,JAMA Network Open,0.1077,0.0769,0.105,1.0,node2vec
2019,JAMA Neurology,1.3769,0.5846,1.0306,1.0,node2vec
2019,JAMA Oncology,1.5404,0.4658,1.0778,1.0,node2vec
2019,JAMA Ophthalmology,1.2273,0.7576,1.0129,1.0,node2vec
2019,JAMA Pediatrics,1.05,0.4375,0.6646,1.0,node2vec
2019,JAMA Psychiatry,1.6714,0.5714,1.0925,1.0,node2vec
2019,JAMA Surgery,1.2469,0.5062,0.9423,1.0,node2vec
2019,JCI Insight,0.7778,0.3072,0.5442,1.0,node2vec
2019,JMIR mhealth and uhealth,0.5294,0.1765,0.3419,1.0,node2vec
2019,JNCI Journal of the National Cancer Institute,1.125,0.2361,0.5091,1.0,node2vec
2019,Journal for ImmunoTherapy of Cancer,1.2653,0.7551,0.9676,1.0,node2vec
2019,Journal of Adolescent Health,0.6,0.35,0.4957,1.0,node2vec
2019,Journal of Affective Disorders,0.0682,0.0,0.0,1.0,node2vec
2019,Journal of Agricultural and Food Chemistry,0.36,0.04,0.1793,1.0,node2vec
2019,Journal of Allergy and Clinical Immunology,0.7273,0.1455,0.3999,1.0,node2vec
2019,Journal of Alzheimer s Disease,0.7121,0.1818,0.4475,1.0,node2vec
2019,Journal of Antimicrobial Chemotherapy,1.36,0.92,1.0787,1.0,node2vec
2019,Journal of Applied Physiology,0.4762,0.1905,0.392,1.0,node2vec
2019,Journal of Biological Chemistry,0.8194,0.4028,0.5452,1.0,node2vec
2019,Journal of Biomechanics,0.25,0.0,0.0433,1.0,node2vec
2019,Journal of Bone and Joint Surgery,0.8056,0.3056,0.5405,1.0,node2vec
2019,Journal of Bone and Mineral Research,1.0,0.4792,0.8036,1.0,node2vec
2019,Journal of Cachexia Sarcopenia and Muscle,2.0,0.8511,1.4201,1.0,node2vec
2019,Journal of Cancer Research and Clinical Oncology,0.5714,0.2381,0.4506,1.0,node2vec
2019,Journal of Cataract & Refractive Surgery,0.5714,0.1429,0.3817,1.0,node2vec
2019,Journal of Cellular Physiology,0.2647,0.0294,0.1815,1.0,node2vec
2019,Journal of Cellular and Molecular Medicine,0.4138,0.0345,0.1954,1.0,node2vec
2019,Journal of Clinical Investigation,0.9765,0.3118,0.5908,1.0,node2vec
2019,Journal of Clinical Medicine,0.0909,0.0909,0.0909,1.0,node2vec
2019,Journal of Clinical Microbiology,1.1702,0.8511,1.0494,1.0,node2vec
2019,Journal of Clinical Oncology,2.4469,0.8142,1.5287,1.0,node2vec
2019,Journal of Controlled Release,0.2667,0.0667,0.1656,1.0,node2vec
2019,Journal of Critical Care,0.2174,0.0,0.1171,1.0,node2vec
2019,Journal of Experimental & Clinical Cancer Research,0.2,0.1429,0.1917,1.0,node2vec
2019,Journal of Functional Foods,0.2778,0.1111,0.1435,1.0,node2vec
2019,Journal of General Internal Medicine,0.9,0.25,0.72,1.0,node2vec
2019,Journal of Glaucoma,1.6,1.1,1.4228,1.0,node2vec
2019,Journal of Hematology & Oncology,0.6207,0.069,0.3491,1.0,node2vec
2019,Journal of Hepatology,1.9355,1.0452,1.5205,1.0,node2vec
2019,Journal of Investigative Dermatology,0.5741,0.2407,0.4268,1.0,node2vec
2019,Journal of Lipid Research,0.4348,0.1739,0.2958,1.0,node2vec
2019,Journal of Magnetic Resonance Imaging,1.1136,0.25,0.6629,1.0,node2vec
2019,Journal of Medical Internet Research,0.3585,0.0943,0.1677,1.0,node2vec
2019,Journal of Medicinal Chemistry,0.44,0.16,0.3044,1.0,node2vec
2019,Journal of Neuro-Oncology,0.4118,0.1765,0.2918,1.0,node2vec
2019,Journal of NeuroInterventional Surgery,0.9762,0.4048,0.8003,1.0,node2vec
2019,Journal of Neuroinflammation,0.3538,0.1077,0.2786,1.0,node2vec
2019,Journal of Neurology,0.5172,0.1724,0.3371,1.0,node2vec
2019,Journal of Neurology Neurosurgery & Psychiatry,0.6833,0.3167,0.5272,1.0,node2vec
2019,Journal of Neuroscience,1.0714,0.4714,0.7923,1.0,node2vec
2019,Journal of Neurosurgery Spine,0.5926,0.037,0.3423,1.0,node2vec
2019,Journal of Neurotrauma,0.6667,0.2549,0.4892,1.0,node2vec
2019,Journal of Nuclear Medicine,1.6944,1.0648,1.4493,1.0,node2vec
2019,Journal of Nutrition,0.9259,0.2593,0.5434,1.0,node2vec
2019,Journal of Orthopaedic and Sports Physical Therapy,0.7308,0.2308,0.3215,1.0,node2vec
2019,Journal of Pain,0.5357,0.3571,0.3909,1.0,node2vec
2019,Journal of Pain and Symptom Management,0.48,0.04,0.2048,1.0,node2vec
2019,Journal of Pineal Research,1.381,1.0476,1.2392,1.0,node2vec
2019,Journal of Shoulder and Elbow Surgery,0.3617,0.1064,0.2233,1.0,node2vec
2019,Journal of Sports Sciences,0.7143,0.4286,0.5879,1.0,node2vec
2019,Journal of Substance Abuse Treatment,0.85,0.3,0.5891,1.0,node2vec
2019,Journal of Surgical Oncology,0.5455,0.0909,0.266,1.0,node2vec
2019,Journal of Thoracic Disease,0.7727,0.1364,0.3092,1.0,node2vec
2019,Journal of Thoracic Oncology,1.0167,0.525,0.797,1.0,node2vec
2019,Journal of Thoracic and Cardiovascular Surgery,0.2985,0.0448,0.1857,1.0,node2vec
2019,Journal of Thrombosis and Haemostasis,0.4074,0.2222,0.3177,1.0,node2vec
2019,Journal of Translational Medicine,0.2759,0.2069,0.2291,1.0,node2vec
2019,Journal of Vascular Surgery,0.4194,0.0323,0.1769,1.0,node2vec
2019,Journal of Virology,0.7326,0.3605,0.557,1.0,node2vec
2019,Journal of clinical lipidology,0.6,0.25,0.4292,1.0,node2vec
2019,Journal of neurosurgery,0.493,0.169,0.2845,1.0,node2vec
2019,Journal of science and medicine in sport,0.5909,0.1364,0.3597,1.0,node2vec
2019,Journal of the American Academy of Dermatology,1.0208,0.4375,0.8368,1.0,node2vec
2019,Journal of the American Chemical Society,0.7174,0.3696,0.5562,1.0,node2vec
2019,Journal of the American College of Cardiology,1.5215,0.5767,0.9945,1.0,node2vec
2019,Journal of the American College of Radiology,1.2069,0.4828,0.9736,1.0,node2vec
2019,Journal of the American College of Surgeons,0.7381,0.4524,0.6501,1.0,node2vec
2019,Journal of the American Geriatrics Society,0.7097,0.2097,0.4821,1.0,node2vec
2019,Journal of the American Heart Association,0.8945,0.2752,0.5491,1.0,node2vec
2019,Journal of the American Medical Directors Association,1.3585,0.434,1.0257,1.0,node2vec
2019,Journal of the American Society of Nephrology,0.5876,0.1649,0.3388,1.0,node2vec
2019,Journal of the European Academy of Dermatology and Venereology,0.4091,0.1364,0.2045,1.0,node2vec
2019,Journal of the International AIDS Society,1.3548,0.5484,1.0698,1.0,node2vec
2019,Journal of the National Comprehensive Cancer Network,2.6122,0.7755,1.528,1.0,node2vec
2019,Kidney International,0.7222,0.1778,0.4479,1.0,node2vec
2019,Knee Surgery Sports Traumatology Arthroscopy,0.6316,0.2807,0.4468,1.0,node2vec
2019,LWT,0.4333,0.2333,0.2611,1.0,node2vec
2019,Lara D. Veeken,0.5606,0.1818,0.331,1.0,node2vec
2019,Leukemia,1.0396,0.4752,0.784,1.0,node2vec
2019,Life Sciences,0.2381,0.0,0.177,1.0,node2vec
2019,Lipids in Health and Disease,0.32,0.16,0.2407,1.0,node2vec
2019,Liver International,1.0714,0.3214,0.8138,1.0,node2vec
2019,Liver Transplantation,1.2,0.65,1.0023,1.0,node2vec
2019,Lung Cancer,1.5128,0.7949,1.1295,1.0,node2vec
2019,MMWR Morbidity and Mortality Weekly Report,3.4825,1.7544,2.718,1.0,node2vec
2019,Magnetic Resonance in Medicine,1.75,0.8542,1.2708,1.0,node2vec
2019,Malaria Journal,0.7808,0.3288,0.5932,1.0,node2vec
2019,Materials Science and Engineering C,0.2308,0.0385,0.1013,1.0,node2vec
2019,Medical Image Analysis,2.04,0.4,1.1216,1.0,node2vec
2019,Medical Physics,1.65,0.55,0.9789,1.0,node2vec
2019,Medical Teacher,1.0,0.7097,0.9278,1.0,node2vec
2019,Medicine,0.3108,0.1216,0.1789,1.0,node2vec
2019,Medicine & Science in Sports & Exercise,0.6724,0.2414,0.4159,1.0,node2vec
2019,Menopause The Journal of The North American Menopause Society,0.9583,0.3333,0.7062,1.0,node2vec
2019,Microbiome,0.6207,0.1724,0.4108,1.0,node2vec
2019,Modern Pathology,1.2059,0.4559,0.8636,1.0,node2vec
2019,Molecular Cancer Research,0.4348,0.1739,0.3785,1.0,node2vec
2019,Molecular Cancer Therapeutics,1.0625,0.2188,0.768,1.0,node2vec
2019,Molecular Cell,0.9524,0.4762,0.6631,1.0,node2vec
2019,Molecular Metabolism,0.5625,0.3125,0.4948,1.0,node2vec
2019,Molecular Neurobiology,0.5385,0.1538,0.3556,1.0,node2vec
2019,Molecular Neurodegeneration,0.6875,0.375,0.5797,1.0,node2vec
2019,Molecular Nutrition & Food Research,0.4286,0.1429,0.3079,1.0,node2vec
2019,Molecular Pharmaceutics,0.7619,0.619,0.6971,1.0,node2vec
2019,Molecular Psychiatry,1.1111,0.2889,0.8041,1.0,node2vec
2019,Molecular Therapy,1.5156,0.4688,1.06,1.0,node2vec
2019,Molecules,0.2222,0.0794,0.1501,1.0,node2vec
2019,Movement Disorders,0.8103,0.1897,0.4573,1.0,node2vec
2019,Multiple Sclerosis Journal,0.8636,0.3409,0.4924,1.0,node2vec
2019,Nature,4.4076,1.1754,2.3668,1.0,node2vec
2019,Nature Biomedical Engineering,0.8485,0.2424,0.5585,1.0,node2vec
2019,Nature Cell Biology,1.6098,0.4146,0.8813,1.0,node2vec
2019,Nature Chemical Biology,0.9333,0.2667,0.5601,1.0,node2vec
2019,Nature Communications,0.8926,0.3237,0.6004,1.0,node2vec
2019,Nature Genetics,2.54,0.74,1.6558,1.0,node2vec
2019,Nature Immunology,1.3478,0.6087,0.8081,1.0,node2vec
2019,Nature Medicine,1.942,1.029,1.493,1.0,node2vec
2019,Nature Microbiology,0.8868,0.3396,0.5756,1.0,node2vec
2019,Nature Neuroscience,1.5938,0.5938,1.0587,1.0,node2vec
2019,Nephrology Dialysis Transplantation,0.2564,0.1026,0.1871,1.0,node2vec
2019,Neuro-Oncology,1.3279,0.4262,0.8173,1.0,node2vec
2019,NeuroImage,1.2393,0.5897,1.0119,1.0,node2vec
2019,NeuroImage Clinical,0.6207,0.3448,0.4156,1.0,node2vec
2019,Neurobiology of Aging,0.6122,0.3061,0.4517,1.0,node2vec
2019,Neurobiology of Disease,0.8621,0.3793,0.6274,1.0,node2vec
2019,Neurology,1.0141,0.3592,0.689,1.0,node2vec
2019,Neurology Neuroimmunology & Neuroinflammation,0.8621,0.4138,0.6887,1.0,node2vec
2019,Neuron,1.3696,0.5435,0.9612,1.0,node2vec
2019,Neuropharmacology,0.619,0.1429,0.4317,1.0,node2vec
2019,Neuropsychopharmacology,0.7097,0.3548,0.4887,1.0,node2vec
2019,Neurosurgery,0.325,0.025,0.1407,1.0,node2vec
2019,Neurosurgical FOCUS,0.68,0.04,0.4727,1.0,node2vec
2019,New England Journal of Medicine,5.0951,2.1829,3.5409,1.0,node2vec
2019,Nicotine & Tobacco Research,1.2083,1.0,1.1602,1.0,node2vec
2019,Nucleic Acids Research,1.3333,0.6667,0.9687,1.0,node2vec
2019,Nutrients,0.3175,0.1693,0.2291,1.0,node2vec
2019,Obesity,0.6296,0.2222,0.3949,1.0,node2vec
2019,Obesity Surgery,1.0465,0.7674,0.9468,1.0,node2vec
2019,Obstetrics and Gynecology,1.2143,0.5918,0.9198,1.0,node2vec
2019,OncoImmunology,0.7011,0.2989,0.4958,1.0,node2vec
2019,Oncogene,0.4416,0.1818,0.3322,1.0,node2vec
2019,Oncotarget,0.8955,0.2736,0.5867,1.0,node2vec
2019,Open Forum Infectious Diseases,0.3636,0.1364,0.1364,1.0,node2vec
2019,Ophthalmology,1.0455,0.4924,0.7651,1.0,node2vec
2019,Oral Oncology,0.5714,0.2,0.3312,1.0,node2vec
2019,Orthopaedic Journal of Sports Medicine,0.4118,0.0588,0.2933,1.0,node2vec
2019,Osteoarthritis and Cartilage,0.7619,0.2143,0.4997,1.0,node2vec
2019,Osteoporosis International,0.8462,0.2308,0.6065,1.0,node2vec
2019,Otolaryngology,0.25,0.05,0.1592,1.0,node2vec
2019,Oxidative Medicine and Cellular Longevity,0.3415,0.0976,0.2191,1.0,node2vec
2019,PEDIATRICS,0.907,0.3876,0.6696,1.0,node2vec
2019,PLoS Biology,0.5417,0.1667,0.2863,1.0,node2vec
2019,PLoS Genetics,0.5,0.1,0.2345,1.0,node2vec
2019,PLoS Medicine,1.0602,0.3308,0.6809,1.0,node2vec
2019,PLoS ONE,0.537,0.1767,0.3442,1.0,node2vec
2019,PLoS Pathogens,1.3178,0.6822,1.0072,1.0,node2vec
2019,PLoS neglected tropical diseases,0.6692,0.2154,0.4431,1.0,node2vec
2019,Pain,0.6567,0.2687,0.4542,1.0,node2vec
2019,Parasites & Vectors,0.3667,0.0667,0.2924,1.0,node2vec
2019,Pediatric Blood & Cancer,1.0952,0.381,0.6854,1.0,node2vec
2019,Pediatric Critical Care Medicine,0.5238,0.3333,0.4054,1.0,node2vec
2019,Pediatric Diabetes,0.381,0.2381,0.3541,1.0,node2vec
2019,PeerJ,0.2727,0.0909,0.217,1.0,node2vec
2019,Physics in Medicine and Biology,0.6667,0.2083,0.3424,1.0,node2vec
2019,Phytomedicine,0.1333,0.1,0.1,1.0,node2vec
2019,Plastic & Reconstructive Surgery,1.0161,0.2903,0.7088,1.0,node2vec
2019,Preventive Medicine,0.8974,0.4103,0.731,1.0,node2vec
2019,Proceedings of the National Academy of Sciences,0.8671,0.3243,0.5919,1.0,node2vec
2019,Psycho-Oncology,0.28,0.04,0.1028,1.0,node2vec
2019,Psychological Medicine,0.7143,0.3714,0.563,1.0,node2vec
2019,PubMed,0.9601,0.1694,0.6152,1.0,node2vec
2019,Public Health Nutrition,2.2188,1.7188,2.0127,1.0,node2vec
2019,Radiology,1.2138,0.3931,0.7858,1.0,node2vec
2019,Radiotherapy and Oncology,0.6957,0.2174,0.4526,1.0,node2vec
2019,Redox Biology,0.7736,0.4151,0.6166,1.0,node2vec
2019,Regional Anesthesia & Pain Medicine,1.8182,0.9545,1.3991,1.0,node2vec
2019,Reproductive Health,1.0682,0.5909,0.869,1.0,node2vec
2019,Respiratory Medicine,0.24,0.08,0.2038,1.0,node2vec
2019,Respiratory Research,0.4324,0.1622,0.3033,1.0,node2vec
2019,Resuscitation,0.6444,0.2444,0.457,1.0,node2vec
2019,Retina,0.875,0.575,0.7012,1.0,node2vec
2019,Scandinavian Journal of Medicine and Science in Sports,0.4333,0.2667,0.3525,1.0,node2vec
2019,Schizophrenia Bulletin,0.45,0.1,0.3347,1.0,node2vec
2019,Schizophrenia Research,0.3043,0.087,0.2194,1.0,node2vec
2019,Science,3.7712,1.0847,2.1934,1.0,node2vec
2019,Science Advances,0.4667,0.2444,0.3495,1.0,node2vec
2019,Science Translational Medicine,1.5402,0.2759,0.7942,1.0,node2vec
2019,Scientific Reports,0.6678,0.2232,0.4316,1.0,node2vec
2019,Sensors,0.4483,0.069,0.334,1.0,node2vec
2019,Social Science & Medicine,0.15,0.1,0.1429,1.0,node2vec
2019,Spine,0.4286,0.125,0.2702,1.0,node2vec
2019,Sports Medicine,0.84,0.28,0.6185,1.0,node2vec
2019,Stem Cell Reports,0.82,0.36,0.6078,1.0,node2vec
2019,Stem Cell Research & Therapy,0.4321,0.1235,0.2599,1.0,node2vec
2019,Stem Cells Translational Medicine,0.3929,0.1071,0.2446,1.0,node2vec
2019,Stroke,0.6902,0.2554,0.521,1.0,node2vec
2019,Supportive Care in Cancer,0.3902,0.0732,0.2145,1.0,node2vec
2019,Surgery,0.3571,0.1429,0.2912,1.0,node2vec
2019,Surgery for Obesity and Related Diseases,1.12,0.24,0.8109,1.0,node2vec
2019,Surgical Endoscopy,0.6575,0.2192,0.4272,1.0,node2vec
2019,The American Journal of Cardiology,0.5909,0.2727,0.4825,1.0,node2vec
2019,The American Journal of Gastroenterology,1.0972,0.2639,0.6342,1.0,node2vec
2019,The American Journal of Human Genetics,0.6765,0.2647,0.4932,1.0,node2vec
2019,The American Journal of Medicine,1.52,0.64,1.0461,1.0,node2vec
2019,The American Journal of Sports Medicine,0.8531,0.3566,0.5651,1.0,node2vec
2019,The American Journal of Surgical Pathology,1.2073,0.4878,0.916,1.0,node2vec
2019,The Annals of Thoracic Surgery,0.6552,0.3103,0.4839,1.0,node2vec
2019,The Bone & Joint Journal,0.9565,0.2826,0.6907,1.0,node2vec
2019,The EMBO Journal,0.8049,0.3902,0.4953,1.0,node2vec
2019,The FASEB Journal,0.5319,0.2128,0.3819,1.0,node2vec
2019,The Journal of Allergy and Clinical Immunology In Practice,0.6786,0.1071,0.3861,1.0,node2vec
2019,The Journal of Arthroplasty,0.6583,0.35,0.5207,1.0,node2vec
2019,The Journal of Cell Biology,0.6333,0.4333,0.5614,1.0,node2vec
2019,The Journal of Clinical Endocrinology & Metabolism,0.75,0.3235,0.5144,1.0,node2vec
2019,The Journal of Experimental Medicine,1.9286,0.4821,1.0768,1.0,node2vec
2019,The Journal of Headache and Pain,0.375,0.2083,0.2454,1.0,node2vec
2019,The Journal of Heart and Lung Transplantation,0.7037,0.2222,0.4737,1.0,node2vec
2019,The Journal of Immunology,0.6296,0.2778,0.452,1.0,node2vec
2019,The Journal of Infectious Diseases,0.7553,0.3191,0.5446,1.0,node2vec
2019,The Journal of Nutritional Biochemistry,0.3333,0.0952,0.1538,1.0,node2vec
2019,The Journal of Pathology,1.1667,0.375,0.8012,1.0,node2vec
2019,The Journal of Pediatrics,0.625,0.2125,0.4633,1.0,node2vec
2019,The Journal of Physiology,1.1818,0.5,0.6506,1.0,node2vec
2019,The Journal of Rheumatology,0.5833,0.1667,0.2542,1.0,node2vec
2019,The Journal of Strength and Conditioning Research,0.6333,0.3833,0.5188,1.0,node2vec
2019,"The Journal of Trauma: Injury, Infection, and Critical Care",0.6667,0.1429,0.4759,1.0,node2vec
2019,The Journal of Urology,1.0625,0.4062,0.7684,1.0,node2vec
2019,The Journals of Gerontology Series A,0.8148,0.3333,0.6101,1.0,node2vec
2019,The Lancet,3.852,1.568,2.675,1.0,node2vec
2019,The Lancet Child & Adolescent Health,0.7143,0.4286,0.6267,1.0,node2vec
2019,The Lancet Diabetes & Endocrinology,2.4923,1.6,2.0395,1.0,node2vec
2019,The Lancet Global Health,0.7353,0.2941,0.5121,1.0,node2vec
2019,The Lancet HIV,1.7647,0.9118,1.3945,1.0,node2vec
2019,The Lancet Haematology,0.7609,0.2826,0.5598,1.0,node2vec
2019,The Lancet Infectious Diseases,1.6044,0.8791,1.3293,1.0,node2vec
2019,The Lancet Neurology,1.1194,0.2388,0.6299,1.0,node2vec
2019,The Lancet Oncology,3.0226,1.2542,2.1649,1.0,node2vec
2019,The Lancet Psychiatry,0.6364,0.2121,0.3849,1.0,node2vec
2019,The Lancet Public Health,0.8462,0.1923,0.4879,1.0,node2vec
2019,The Lancet Respiratory Medicine,1.3059,0.6588,0.9794,1.0,node2vec
2019,The Laryngoscope,0.5,0.125,0.233,1.0,node2vec
2019,The Oncologist,0.8333,0.2778,0.5501,1.0,node2vec
2019,The Spine Journal,0.3684,0.1316,0.2593,1.0,node2vec
2019,The journal of nutrition health & aging,0.2857,0.1429,0.2304,1.0,node2vec
2019,Theranostics,0.5902,0.3443,0.4832,1.0,node2vec
2019,Thorax,1.2449,0.2857,0.7507,1.0,node2vec
2019,Thrombosis and Haemostasis,0.9231,0.4231,0.7615,1.0,node2vec
2019,Thyroid,0.9333,0.4222,0.6642,1.0,node2vec
2019,Tobacco Control,2.4054,1.7568,2.1142,1.0,node2vec
2019,Translational Psychiatry,0.7083,0.3333,0.3646,1.0,node2vec
2019,Transplantation,1.2059,0.4706,0.8043,1.0,node2vec
2019,Trends in Food Science & Technology,1.2759,0.6897,0.8728,1.0,node2vec
2019,Ultrasound in Obstetrics and Gynecology,1.1892,0.7568,1.0292,1.0,node2vec
2019,Unknown,0.8365,0.1824,0.4209,1.0,node2vec
2019,Vaccine,0.6042,0.2917,0.4683,1.0,node2vec
2019,World Journal of Gastroenterology,0.75,0.25,0.4926,1.0,node2vec
2019,World Neurosurgery,0.4773,0.1136,0.3118,1.0,node2vec
2019,World Psychiatry,2.2083,0.8333,1.4394,1.0,node2vec
2019,eLife,1.125,0.5329,0.8525,1.0,node2vec
2019,mBio,0.9341,0.3516,0.5984,1.0,node2vec
2019,mSphere,0.9048,0.4286,0.7841,1.0,node2vec
2019,The Lancet. Gastroenterology & hepatology,0.9737,0.6053,0.7743,1.0,node2vec
2020,ACS Applied Materials & Interfaces,0.8393,0.3929,0.6065,1.0,node2vec
2020,ACS Nano,0.4255,0.0638,0.2323,1.0,node2vec
2020,AIDS,0.6667,0.25,0.4369,1.0,node2vec
2020,AIDS and Behavior,0.75,0.3929,0.6383,1.0,node2vec
2020,Academic Medicine,0.6757,0.0541,0.3856,1.0,node2vec
2020,Acta Biomaterialia,0.525,0.1875,0.3139,1.0,node2vec
2020,Acta Neuropathologica,1.6778,1.0333,1.4359,1.0,node2vec
2020,Acta Neuropathologica Communications,0.9298,0.4912,0.7223,1.0,node2vec
2020,Addiction,1.381,0.7857,1.1112,1.0,node2vec
2020,Addictive Behaviors,0.7188,0.4062,0.5466,1.0,node2vec
2020,Advanced Functional Materials,0.7083,0.375,0.5075,1.0,node2vec
2020,Advanced Healthcare Materials,0.4091,0.0909,0.2028,1.0,node2vec
2020,Advanced Materials,0.3182,0.1818,0.2644,1.0,node2vec
2020,Advanced Science,1.35,0.35,0.7037,1.0,node2vec
2020,Advances in Therapy,0.8,0.25,0.6039,1.0,node2vec
2020,Age and Ageing,2.619,2.3333,2.4823,1.0,node2vec
2020,Aging,0.413,0.1739,0.2216,1.0,node2vec
2020,Aging Cell,1.1111,0.4074,0.7462,1.0,node2vec
2020,Alimentary Pharmacology & Therapeutics,0.5957,0.2979,0.4593,1.0,node2vec
2020,Allergy,1.1042,0.3333,0.6752,1.0,node2vec
2020,Alzheimer s & Dementia,2.1039,0.7273,1.4553,1.0,node2vec
2020,Alzheimer s Research & Therapy,0.7885,0.4615,0.6065,1.0,node2vec
2020,American Heart Journal,1.4444,0.3704,0.8915,1.0,node2vec
2020,American Journal of Clinical Nutrition,0.46,0.1,0.2489,1.0,node2vec
2020,American Journal of Hematology,0.975,0.35,0.714,1.0,node2vec
2020,American Journal of Kidney Diseases,0.4194,0.0645,0.1808,1.0,node2vec
2020,American Journal of Neuroradiology,0.8333,0.1333,0.3836,1.0,node2vec
2020,American Journal of Obstetrics and Gynecology,0.7736,0.4151,0.5895,1.0,node2vec
2020,American Journal of Ophthalmology,0.5455,0.2597,0.418,1.0,node2vec
2020,American Journal of Preventive Medicine,1.2581,0.5484,0.8802,1.0,node2vec
2020,American Journal of Psychiatry,1.0857,0.4286,0.698,1.0,node2vec
2020,American Journal of Public Health,0.9744,0.2821,0.6527,1.0,node2vec
2020,American Journal of Respiratory and Critical Care Medicine,1.0833,0.3929,0.7538,1.0,node2vec
2020,American Journal of Roentgenology,1.0,0.5185,0.7986,1.0,node2vec
2020,American Journal of Transplantation,1.4024,0.6098,0.9928,1.0,node2vec
2020,Anaesthesia,1.0,0.5217,0.6705,1.0,node2vec
2020,Anesthesia & Analgesia,0.2973,0.1351,0.2219,1.0,node2vec
2020,Anesthesiology,0.6667,0.1481,0.442,1.0,node2vec
2020,Angewandte Chemie International Edition,0.3871,0.0645,0.2327,1.0,node2vec
2020,Annals of Clinical and Translational Neurology,0.6522,0.3478,0.5559,1.0,node2vec
2020,Annals of Intensive Care,0.5185,0.2593,0.4413,1.0,node2vec
2020,Annals of Internal Medicine,2.1786,0.869,1.4654,1.0,node2vec
2020,Annals of Neurology,1.3942,0.6442,1.051,1.0,node2vec
2020,Annals of Oncology,1.8298,0.7819,1.2678,1.0,node2vec
2020,Annals of Surgery,0.8363,0.3567,0.5951,1.0,node2vec
2020,Annals of Surgical Oncology,0.6795,0.2436,0.4767,1.0,node2vec
2020,Annals of the American Thoracic Society,0.5333,0.2333,0.2729,1.0,node2vec
2020,Annals of the Rheumatic Diseases,0.669,0.1972,0.4297,1.0,node2vec
2020,Antimicrobial Agents and Chemotherapy,0.9474,0.6491,0.829,1.0,node2vec
2020,Antimicrobial Resistance and Infection Control,0.3462,0.0769,0.1942,1.0,node2vec
2020,Antioxidants,0.2083,0.1042,0.1386,1.0,node2vec
2020,Applied Sciences,0.35,0.25,0.2969,1.0,node2vec
2020,Arteriosclerosis Thrombosis and Vascular Biology,0.4286,0.2143,0.3311,1.0,node2vec
2020,Arthritis & Rheumatology,0.7168,0.2832,0.5433,1.0,node2vec
2020,Arthritis Care & Research,0.5833,0.125,0.3834,1.0,node2vec
2020,Arthritis Research & Therapy,0.4833,0.1667,0.3127,1.0,node2vec
2020,Arthroscopy The Journal of Arthroscopic and Related Surgery,0.7778,0.25,0.5229,1.0,node2vec
2020,Atherosclerosis,0.7333,0.1333,0.4182,1.0,node2vec
2020,Autophagy,0.6306,0.2342,0.4729,1.0,node2vec
2020,BJOG An International Journal of Obstetrics & Gynaecology,0.5833,0.2083,0.4216,1.0,node2vec
2020,BMC Cancer,0.5036,0.1871,0.3596,1.0,node2vec
2020,BMC Complementary and Alternative Medicine,0.2727,0.0303,0.0974,1.0,node2vec
2020,BMC Genomics,0.2727,0.1364,0.2054,1.0,node2vec
2020,BMC Geriatrics,0.2676,0.0845,0.18,1.0,node2vec
2020,BMC Health Services Research,0.194,0.0299,0.1113,1.0,node2vec
2020,BMC Infectious Diseases,0.193,0.1053,0.1434,1.0,node2vec
2020,BMC Medical Education,0.0909,0.0,0.0,1.0,node2vec
2020,BMC Medicine,0.7662,0.2857,0.5385,1.0,node2vec
2020,BMC Musculoskeletal Disorders,0.2083,0.0208,0.117,1.0,node2vec
2020,BMC Nephrology,0.16,0.08,0.08,1.0,node2vec
2020,BMC Pediatrics,0.1304,0.0435,0.0696,1.0,node2vec
2020,BMC Pregnancy and Childbirth,0.2679,0.0804,0.1745,1.0,node2vec
2020,BMC Psychiatry,0.087,0.0,0.0,1.0,node2vec
2020,BMC Public Health,0.1534,0.0613,0.0968,1.0,node2vec
2020,BMC Pulmonary Medicine,0.4688,0.1562,0.3331,1.0,node2vec
2020,BMC Research Notes,0.3,0.1333,0.2173,1.0,node2vec
2020,BMC Women s Health,0.5455,0.1212,0.2521,1.0,node2vec
2020,BMJ,1.4581,0.5531,1.0282,1.0,node2vec
2020,BMJ Global Health,0.5789,0.0789,0.2829,1.0,node2vec
2020,BMJ Open,0.4124,0.1186,0.241,1.0,node2vec
2020,BioMed Research International,0.2857,0.0357,0.1502,1.0,node2vec
2020,Biochemical and Biophysical Research Communications,1.0263,0.5789,0.8162,1.0,node2vec
2020,Biological Psychiatry,0.4815,0.2963,0.3964,1.0,node2vec
2020,Biology of Blood and Marrow Transplantation,0.5676,0.3514,0.4585,1.0,node2vec
2020,Biomaterials,0.7477,0.4054,0.603,1.0,node2vec
2020,Biomedical Optics Express,0.7391,0.1739,0.5465,1.0,node2vec
2020,Biomedical Signal Processing and Control,0.8696,0.3043,0.5571,1.0,node2vec
2020,Biomedicine & Pharmacotherapy,0.4688,0.1875,0.3553,1.0,node2vec
2020,Bioorganic Chemistry,0.4348,0.087,0.1851,1.0,node2vec
2020,Blood,1.0036,0.4073,0.7431,1.0,node2vec
2020,Blood Advances,0.5524,0.2095,0.4207,1.0,node2vec
2020,Bone,0.2381,0.0476,0.1311,1.0,node2vec
2020,Brain,1.0714,0.5649,0.8258,1.0,node2vec
2020,Brain Behavior and Immunity,0.2759,0.0,0.1263,1.0,node2vec
2020,Breast Cancer Research,0.2286,0.0571,0.1484,1.0,node2vec
2020,Breast Cancer Research and Treatment,0.5333,0.1667,0.3962,1.0,node2vec
2020,British Journal of Anaesthesia,0.8676,0.4706,0.7208,1.0,node2vec
2020,British Journal of Cancer,0.7973,0.2297,0.451,1.0,node2vec
2020,British Journal of Dermatology,0.7111,0.4889,0.5679,1.0,node2vec
2020,British Journal of Haematology,0.5455,0.2273,0.415,1.0,node2vec
2020,British Journal of Ophthalmology,0.6486,0.2703,0.4795,1.0,node2vec
2020,British Journal of Pharmacology,1.1212,0.4848,0.7309,1.0,node2vec
2020,British Journal of Sports Medicine,0.4677,0.1452,0.2733,1.0,node2vec
2020,British Journal of Urology,0.5333,0.2444,0.3519,1.0,node2vec
2020,British journal of surgery,1.0339,0.2712,0.6029,1.0,node2vec
2020,CHEST Journal,0.9375,0.5469,0.7772,1.0,node2vec
2020,Cancer,0.963,0.4074,0.724,1.0,node2vec
2020,Cancer Cell,2.369,0.5952,1.4989,1.0,node2vec
2020,Cancer Discovery,2.8171,1.0488,1.8431,1.0,node2vec
2020,Cancer Immunology Immunotherapy,0.9394,0.4545,0.7098,1.0,node2vec
2020,Cancer Immunology Research,0.8841,0.2754,0.4988,1.0,node2vec
2020,Cancer Letters,0.625,0.175,0.4773,1.0,node2vec
2020,Cancer Management and Research,0.55,0.2,0.3575,1.0,node2vec
2020,Cancer Medicine,0.7091,0.4,0.5244,1.0,node2vec
2020,Cancer Research,0.812,0.1709,0.5012,1.0,node2vec
2020,Cancer Science,0.3636,0.0909,0.1667,1.0,node2vec
2020,Cancers,0.1765,0.1373,0.1742,1.0,node2vec
2020,Carbohydrate Polymers,0.5769,0.2692,0.3929,1.0,node2vec
2020,Cardiovascular Diabetology,1.0548,0.3836,0.7474,1.0,node2vec
2020,Cardiovascular Research,0.3548,0.0323,0.097,1.0,node2vec
2020,Cell,2.8679,1.0692,1.7864,1.0,node2vec
2020,Cell Death and Differentiation,0.7931,0.5172,0.6693,1.0,node2vec
2020,Cell Death and Disease,0.5936,0.1925,0.3823,1.0,node2vec
2020,Cell Host & Microbe,1.2931,0.569,0.9559,1.0,node2vec
2020,Cell Metabolism,1.6176,0.5784,1.0723,1.0,node2vec
2020,Cell Reports,0.9357,0.2851,0.6044,1.0,node2vec
2020,Cell stem cell,1.6667,0.5625,1.0445,1.0,node2vec
2020,Cells,0.25,0.0714,0.1797,1.0,node2vec
2020,Cellular Physiology and Biochemistry,0.68,0.16,0.4285,1.0,node2vec
2020,Cephalalgia,2.5143,0.4857,1.348,1.0,node2vec
2020,Chemical Engineering Journal,2.5,1.9167,2.2812,1.0,node2vec
2020,Circulation,1.2245,0.5306,0.8792,1.0,node2vec
2020,Circulation Arrhythmia and Electrophysiology,0.7838,0.3514,0.5345,1.0,node2vec
2020,Circulation Cardiovascular Imaging,1.2188,0.375,0.8089,1.0,node2vec
2020,Circulation Cardiovascular Interventions,0.8286,0.2571,0.6786,1.0,node2vec
2020,Circulation Cardiovascular Quality and Outcomes,0.5455,0.2273,0.3619,1.0,node2vec
2020,Circulation Heart Failure,0.6216,0.1892,0.4324,1.0,node2vec
2020,Circulation Research,0.4808,0.2115,0.4105,1.0,node2vec
2020,Clinical Cancer Research,1.1842,0.4152,0.7809,1.0,node2vec
2020,Clinical Gastroenterology and Hepatology,0.73,0.3,0.5177,1.0,node2vec
2020,Clinical Infectious Diseases,1.1,0.5118,0.8246,1.0,node2vec
2020,Clinical Interventions in Aging,0.3077,0.1923,0.2795,1.0,node2vec
2020,Clinical Journal of the American Society of Nephrology,0.6047,0.186,0.3609,1.0,node2vec
2020,Clinical Lung Cancer,0.6818,0.2727,0.5241,1.0,node2vec
2020,Clinical Microbiology and Infection,1.1429,0.3929,0.6867,1.0,node2vec
2020,Clinical Nutrition,0.8571,0.3265,0.5827,1.0,node2vec
2020,Clinical Orthopaedics and Related Research,0.4792,0.1042,0.2616,1.0,node2vec
2020,Clinical Pharmacology & Therapeutics,0.3929,0.1071,0.2442,1.0,node2vec
2020,Clinical Rheumatology,0.25,0.0,0.1227,1.0,node2vec
2020,Clinical Transplantation,0.4688,0.25,0.3857,1.0,node2vec
2020,Communications Biology,0.2692,0.1154,0.2119,1.0,node2vec
2020,Computer Methods and Programs in Biomedicine,1.1707,0.6341,1.0441,1.0,node2vec
2020,Computers in Biology and Medicine,2.7727,2.0909,2.5246,1.0,node2vec
2020,Critical Care,0.5769,0.1923,0.3352,1.0,node2vec
2020,Critical Care Medicine,1.234,0.5426,0.9048,1.0,node2vec
2020,Developmental Cell,1.1316,0.3158,0.733,1.0,node2vec
2020,Developmental Medicine & Child Neurology,0.8,0.4,0.4605,1.0,node2vec
2020,Diabetes,0.4878,0.1707,0.3143,1.0,node2vec
2020,Diabetes Care,1.4675,0.6982,1.1002,1.0,node2vec
2020,Diabetes Obesity and Metabolism,1.24,0.62,0.9243,1.0,node2vec
2020,Diabetes Research and Clinical Practice,1.8571,0.1071,0.6962,1.0,node2vec
2020,Diabetes Technology & Therapeutics,1.9722,1.3611,1.8049,1.0,node2vec
2020,Diabetologia,0.8261,0.3768,0.5904,1.0,node2vec
2020,Diseases of the Colon & Rectum,0.3478,0.087,0.2427,1.0,node2vec
2020,Drug Design Development and Therapy,0.2083,0.0417,0.1439,1.0,node2vec
2020,Drug and Alcohol Dependence,1.0476,0.6429,0.9136,1.0,node2vec
2020,EBioMedicine,0.8609,0.4522,0.6724,1.0,node2vec
2020,EClinicalMedicine,0.5238,0.2857,0.4014,1.0,node2vec
2020,EMBO Molecular Medicine,0.7879,0.4545,0.6114,1.0,node2vec
2020,EMBO Reports,0.95,0.2,0.6757,1.0,node2vec
2020,EP Europace,1.1818,0.5152,0.8533,1.0,node2vec
2020,Emerging Microbes & Infections,1.2593,0.7778,1.0643,1.0,node2vec
2020,Emerging infectious diseases,0.9216,0.451,0.6935,1.0,node2vec
2020,Endoscopy,1.0263,0.5789,0.7971,1.0,node2vec
2020,Epilepsia,0.7959,0.3469,0.6214,1.0,node2vec
2020,EuroIntervention,0.931,0.5862,0.7667,1.0,node2vec
2020,European Heart Journal,1.5992,0.8554,1.3456,1.0,node2vec
2020,European Heart Journal - Cardiovascular Imaging,0.9412,0.4412,0.7894,1.0,node2vec
2020,European Journal of Cancer,0.945,0.6239,0.8224,1.0,node2vec
2020,European Journal of Cardio-Thoracic Surgery,0.619,0.1905,0.2531,1.0,node2vec
2020,European Journal of Endocrinology,0.3846,0.0385,0.253,1.0,node2vec
2020,European Journal of Epidemiology,1.0435,0.3043,0.6568,1.0,node2vec
2020,European Journal of Heart Failure,1.2785,0.4937,0.8947,1.0,node2vec
2020,European Journal of Medicinal Chemistry,0.3421,0.0,0.0957,1.0,node2vec
2020,European Journal of Nuclear Medicine and Molecular Imaging,1.0367,0.4587,0.7884,1.0,node2vec
2020,European Journal of Nutrition,0.5769,0.3462,0.4179,1.0,node2vec
2020,European Journal of Pharmacology,0.35,0.0,0.1546,1.0,node2vec
2020,European Journal of Preventive Cardiology,0.4074,0.2593,0.3431,1.0,node2vec
2020,European Journal of Radiology,1.1111,0.5926,0.9318,1.0,node2vec
2020,European Journal of Surgical Oncology,0.4815,0.1852,0.277,1.0,node2vec
2020,European Radiology,1.2754,0.5942,0.9636,1.0,node2vec
2020,European Respiratory Journal,0.7985,0.4328,0.6204,1.0,node2vec
2020,European Spine Journal,0.6154,0.0,0.2566,1.0,node2vec
2020,European Urology,1.119,0.6349,0.9062,1.0,node2vec
2020,Eurosurveillance,2.0833,1.1667,1.8116,1.0,node2vec
2020,Experimental & Molecular Medicine,0.1667,0.0417,0.0746,1.0,node2vec
2020,Expert Systems with Applications,2.0952,1.3333,1.8473,1.0,node2vec
2020,Fertility and Sterility,0.8806,0.2985,0.6323,1.0,node2vec
2020,Food & Function,0.2931,0.1207,0.2001,1.0,node2vec
2020,Food Chemistry,0.6478,0.195,0.3679,1.0,node2vec
2020,Food Research International,0.8261,0.3261,0.507,1.0,node2vec
2020,Food and Chemical Toxicology,0.5909,0.1818,0.4015,1.0,node2vec
2020,Free Radical Biology and Medicine,0.9057,0.3396,0.7086,1.0,node2vec
2020,Frontiers in Aging Neuroscience,0.4364,0.1455,0.3067,1.0,node2vec
2020,Frontiers in Endocrinology,0.4333,0.1667,0.2996,1.0,node2vec
2020,Frontiers in Immunology,0.3947,0.125,0.2579,1.0,node2vec
2020,Frontiers in Microbiology,0.4731,0.1935,0.3267,1.0,node2vec
2020,Frontiers in Molecular Neuroscience,0.3182,0.0909,0.1929,1.0,node2vec
2020,Frontiers in Neurology,0.2923,0.1538,0.2062,1.0,node2vec
2020,Frontiers in Neuroscience,0.4808,0.1731,0.3202,1.0,node2vec
2020,Frontiers in Oncology,0.3333,0.0952,0.2292,1.0,node2vec
2020,Frontiers in Pharmacology,0.65,0.25,0.5282,1.0,node2vec
2020,Frontiers in Physiology,0.4333,0.1333,0.3028,1.0,node2vec
2020,Frontiers in Psychiatry,0.2381,0.0,0.1583,1.0,node2vec
2020,Frontiers in Psychology,0.5,0.1,0.1868,1.0,node2vec
2020,Frontiers in Public Health,0.35,0.0,0.1342,1.0,node2vec
2020,Gastric Cancer,1.2333,0.4,0.6244,1.0,node2vec
2020,Gastroenterology,1.4564,0.4359,0.9576,1.0,node2vec
2020,Gastrointestinal Endoscopy,0.9,0.3143,0.6475,1.0,node2vec
2020,Genetics in Medicine,0.6842,0.0789,0.4129,1.0,node2vec
2020,Gut,0.9435,0.2984,0.6238,1.0,node2vec
2020,Gynecologic Oncology,0.4737,0.193,0.3066,1.0,node2vec
2020,Haematologica,0.8493,0.3973,0.6327,1.0,node2vec
2020,Health Affairs,0.375,0.125,0.2204,1.0,node2vec
2020,Health and Quality of Life Outcomes,0.1852,0.037,0.1351,1.0,node2vec
2020,Heart,1.1471,0.3529,0.8833,1.0,node2vec
2020,Heart Rhythm,0.7674,0.4884,0.6145,1.0,node2vec
2020,Hepatology,1.2388,0.4876,0.8932,1.0,node2vec
2020,Human Brain Mapping,1.1034,0.3448,0.5661,1.0,node2vec
2020,Human Molecular Genetics,0.8235,0.2647,0.631,1.0,node2vec
2020,Human Reproduction,0.9286,0.3095,0.6609,1.0,node2vec
2020,Hypertension,0.5529,0.1647,0.3662,1.0,node2vec
2020,IEEE Access,0.7727,0.5682,0.6896,1.0,node2vec
2020,IEEE Journal of Biomedical and Health Informatics,1.3396,0.6792,1.0965,1.0,node2vec
2020,IEEE Transactions on Biomedical Engineering,0.8571,0.1905,0.5692,1.0,node2vec
2020,IEEE Transactions on Medical Imaging,2.617,1.1489,1.9129,1.0,node2vec
2020,Immunity,2.2157,0.7647,1.6143,1.0,node2vec
2020,Industrial Crops and Products,0.4706,0.2647,0.3994,1.0,node2vec
2020,Inflammatory Bowel Diseases,0.85,0.55,0.7378,1.0,node2vec
2020,Intensive Care Medicine,0.9365,0.4127,0.7144,1.0,node2vec
2020,International Breastfeeding Journal,0.55,0.1,0.3253,1.0,node2vec
2020,International Immunopharmacology,0.3256,0.0465,0.1867,1.0,node2vec
2020,International Journal of Behavioral Nutrition and Physical Activity,0.3333,0.1538,0.2629,1.0,node2vec
2020,International Journal of Biological Macromolecules,0.6263,0.2323,0.435,1.0,node2vec
2020,International Journal of Biological Sciences,0.1304,0.0,0.0373,1.0,node2vec
2020,International Journal of Cancer,0.7684,0.2526,0.5308,1.0,node2vec
2020,International Journal of Cardiology,0.75,0.2955,0.5252,1.0,node2vec
2020,International Journal of Computer Assisted Radiology and Surgery,0.85,0.4,0.6123,1.0,node2vec
2020,International Journal of Drug Policy,1.413,0.9783,1.2163,1.0,node2vec
2020,International Journal of Environmental Research and Public Health,0.219,0.0667,0.1074,1.0,node2vec
2020,International Journal of Epidemiology,0.6857,0.1429,0.4169,1.0,node2vec
2020,International Journal of Gynecology & Obstetrics,1.4762,0.6667,1.2771,1.0,node2vec
2020,International Journal of Molecular Medicine,0.2381,0.0476,0.1815,1.0,node2vec
2020,International Journal of Molecular Sciences,0.3043,0.0696,0.1935,1.0,node2vec
2020,International Journal of Nanomedicine,0.4333,0.1333,0.2633,1.0,node2vec
2020,International Journal of Obesity,0.5217,0.1304,0.3196,1.0,node2vec
2020,International Journal of Pharmaceutics,0.3226,0.0323,0.1454,1.0,node2vec
2020,International Journal of Radiation Oncology*Biology*Physics,0.5634,0.2535,0.4282,1.0,node2vec
2020,Investigative Ophthalmology & Visual Science,0.8361,0.3279,0.5749,1.0,node2vec
2020,JACC Heart Failure,1.0,0.3182,0.7049,1.0,node2vec
2020,JACC. Cardiovascular imaging,0.9545,0.3068,0.6178,1.0,node2vec
2020,JACC. Clinical electrophysiology,1.0,0.575,0.7164,1.0,node2vec
2020,JACC: Cardiovascular Interventions,0.9495,0.4747,0.7443,1.0,node2vec
2020,JAIDS Journal of Acquired Immune Deficiency Syndromes,0.6364,0.2273,0.5407,1.0,node2vec
2020,JAMA,2.0058,0.7391,1.3041,1.0,node2vec
2020,JAMA Cardiology,1.1458,0.4167,0.7992,1.0,node2vec
2020,JAMA Dermatology,0.7547,0.3208,0.4864,1.0,node2vec
2020,JAMA Internal Medicine,1.26,0.63,0.9315,1.0,node2vec
2020,JAMA Network Open,0.6009,0.3133,0.4784,1.0,node2vec
2020,JAMA Neurology,1.1448,0.4966,0.8785,1.0,node2vec
2020,JAMA Oncology,1.7011,0.6552,1.194,1.0,node2vec
2020,JAMA Ophthalmology,1.0678,0.4576,0.7524,1.0,node2vec
2020,JAMA Otolaryngology–Head & Neck Surgery,0.2273,0.1364,0.1912,1.0,node2vec
2020,JAMA Pediatrics,0.9726,0.2877,0.5427,1.0,node2vec
2020,JAMA Psychiatry,1.1875,0.3906,0.6402,1.0,node2vec
2020,JAMA Surgery,0.5844,0.2078,0.3738,1.0,node2vec
2020,JCI Insight,0.7798,0.2798,0.5109,1.0,node2vec
2020,JCO Precision Oncology,1.381,0.8095,1.1359,1.0,node2vec
2020,JMIR mhealth and uhealth,0.4595,0.0811,0.2616,1.0,node2vec
2020,JNCI Journal of the National Cancer Institute,0.8667,0.3333,0.6222,1.0,node2vec
2020,Journal for ImmunoTherapy of Cancer,0.8657,0.403,0.6524,1.0,node2vec
2020,Journal of Affective Disorders,0.2623,0.082,0.1835,1.0,node2vec
2020,Journal of Agricultural and Food Chemistry,0.371,0.1129,0.2282,1.0,node2vec
2020,Journal of Allergy and Clinical Immunology,0.967,0.5934,0.7947,1.0,node2vec
2020,Journal of Alzheimer s Disease,0.7097,0.3226,0.5173,1.0,node2vec
2020,Journal of Antimicrobial Chemotherapy,0.5758,0.2424,0.3056,1.0,node2vec
2020,Journal of Applied Physiology,0.7826,0.087,0.2119,1.0,node2vec
2020,Journal of Assisted Reproduction and Genetics,0.3,0.05,0.1321,1.0,node2vec
2020,Journal of Biological Chemistry,0.625,0.1944,0.3923,1.0,node2vec
2020,Journal of Bone and Joint Surgery,0.7423,0.1753,0.4327,1.0,node2vec
2020,Journal of Bone and Mineral Research,0.8333,0.2917,0.6159,1.0,node2vec
2020,Journal of Cachexia Sarcopenia and Muscle,1.4694,0.551,0.986,1.0,node2vec
2020,Journal of Cancer,0.24,0.0,0.1337,1.0,node2vec
2020,Journal of Cancer Research and Clinical Oncology,0.8261,0.2174,0.628,1.0,node2vec
2020,Journal of Cardiovascular Magnetic Resonance,0.9524,0.2857,0.7782,1.0,node2vec
2020,Journal of Cataract & Refractive Surgery,0.2273,0.0455,0.1167,1.0,node2vec
2020,Journal of Cellular Physiology,0.413,0.1522,0.3027,1.0,node2vec
2020,Journal of Cellular and Molecular Medicine,0.5758,0.1212,0.2365,1.0,node2vec
2020,Journal of Clinical Investigation,0.9901,0.2512,0.6269,1.0,node2vec
2020,Journal of Clinical Medicine,0.3763,0.1828,0.2902,1.0,node2vec
2020,Journal of Clinical Microbiology,0.7647,0.3529,0.6353,1.0,node2vec
2020,Journal of Clinical Oncology,2.2524,0.6887,1.3459,1.0,node2vec
2020,Journal of Controlled Release,0.2821,0.0256,0.09,1.0,node2vec
2020,Journal of Critical Care,0.6522,0.3478,0.5546,1.0,node2vec
2020,Journal of Diabetes Research,0.0952,0.0476,0.0794,1.0,node2vec
2020,Journal of Ethnopharmacology,0.1111,0.037,0.0941,1.0,node2vec
2020,Journal of Experimental & Clinical Cancer Research,0.2568,0.0811,0.203,1.0,node2vec
2020,Journal of Functional Foods,0.8,0.24,0.456,1.0,node2vec
2020,Journal of Gastroenterology,0.5714,0.1429,0.3184,1.0,node2vec
2020,Journal of General Internal Medicine,0.5806,0.0645,0.3209,1.0,node2vec
2020,Journal of Hematology & Oncology,1.0,0.4688,0.8188,1.0,node2vec
2020,Journal of Hepatology,1.4524,0.6845,1.0815,1.0,node2vec
2020,Journal of Hypertension,0.9565,0.4348,0.6901,1.0,node2vec
2020,Journal of Investigative Dermatology,1.3333,0.6111,0.9549,1.0,node2vec
2020,Journal of Lipid Research,0.5,0.1818,0.2845,1.0,node2vec
2020,Journal of Magnetic Resonance Imaging,1.3333,0.4524,0.9084,1.0,node2vec
2020,Journal of Medical Internet Research,0.4242,0.1667,0.2641,1.0,node2vec
2020,Journal of Medicinal Chemistry,0.525,0.2,0.3508,1.0,node2vec
2020,Journal of Neuro-Oncology,0.5806,0.129,0.4298,1.0,node2vec
2020,Journal of NeuroInterventional Surgery,1.2222,0.7222,1.0184,1.0,node2vec
2020,Journal of Neuroinflammation,0.5769,0.3205,0.4894,1.0,node2vec
2020,Journal of Neurology,0.6667,0.3704,0.5875,1.0,node2vec
2020,Journal of Neurology Neurosurgery & Psychiatry,0.8511,0.3617,0.5999,1.0,node2vec
2020,Journal of Neuroscience,0.8462,0.3692,0.6286,1.0,node2vec
2020,Journal of Neurosurgery Spine,0.7037,0.2222,0.5791,1.0,node2vec
2020,Journal of Neurotrauma,0.7609,0.2826,0.4352,1.0,node2vec
2020,Journal of Nuclear Medicine,1.6875,0.8854,1.3616,1.0,node2vec
2020,Journal of Nutrition,0.28,0.04,0.07,1.0,node2vec
2020,Journal of Orthopaedic Surgery and Research,0.381,0.1429,0.3132,1.0,node2vec
2020,Journal of Orthopaedic and Sports Physical Therapy,0.4074,0.1111,0.3012,1.0,node2vec
2020,Journal of Pain,0.6552,0.1379,0.4182,1.0,node2vec
2020,Journal of Shoulder and Elbow Surgery,0.3519,0.0926,0.2009,1.0,node2vec
2020,Journal of Surgical Research,0.1905,0.0952,0.131,1.0,node2vec
2020,Journal of Thoracic Oncology,1.5556,0.8889,1.2268,1.0,node2vec
2020,Journal of Thoracic and Cardiovascular Surgery,0.2727,0.1061,0.1673,1.0,node2vec
2020,Journal of Thrombosis and Haemostasis,0.6333,0.3333,0.4768,1.0,node2vec
2020,Journal of Translational Medicine,0.4324,0.1622,0.2792,1.0,node2vec
2020,Journal of Vascular Surgery,0.6053,0.1842,0.3555,1.0,node2vec
2020,Journal of Virology,0.6538,0.3205,0.4679,1.0,node2vec
2020,Journal of neurosurgery,0.3607,0.1311,0.2775,1.0,node2vec
2020,Journal of the American Academy of Dermatology,1.0877,0.4912,0.7787,1.0,node2vec
2020,Journal of the American Chemical Society,0.6591,0.2955,0.4833,1.0,node2vec
2020,Journal of the American College of Cardiology,1.4636,0.6182,1.0461,1.0,node2vec
2020,Journal of the American College of Radiology,1.44,0.24,0.6611,1.0,node2vec
2020,Journal of the American College of Surgeons,0.9412,0.4118,0.7576,1.0,node2vec
2020,Journal of the American Geriatrics Society,0.5385,0.1346,0.3681,1.0,node2vec
2020,Journal of the American Heart Association,1.0,0.226,0.6045,1.0,node2vec
2020,Journal of the American Medical Directors Association,0.5,0.0833,0.2498,1.0,node2vec
2020,Journal of the American Society of Nephrology,0.6164,0.2192,0.3594,1.0,node2vec
2020,Journal of the European Academy of Dermatology and Venereology,0.6,0.2333,0.4639,1.0,node2vec
2020,Journal of the International AIDS Society,1.6667,0.7407,1.1514,1.0,node2vec
2020,Journal of the National Comprehensive Cancer Network,1.9184,0.8571,1.4461,1.0,node2vec
2020,Kidney International,0.6857,0.1619,0.3319,1.0,node2vec
2020,Knee Surgery Sports Traumatology Arthroscopy,0.6852,0.2778,0.4521,1.0,node2vec
2020,LWT,0.4595,0.2432,0.3388,1.0,node2vec
2020,Lara D. Veeken,0.3607,0.1311,0.2203,1.0,node2vec
2020,Leukemia,0.9894,0.4255,0.7528,1.0,node2vec
2020,Life Sciences,0.3778,0.1111,0.2078,1.0,node2vec
2020,Lipids in Health and Disease,0.8333,0.2917,0.5487,1.0,node2vec
2020,Liver International,0.3636,0.1212,0.2536,1.0,node2vec
2020,Liver Transplantation,0.8636,0.5,0.7974,1.0,node2vec
2020,Lung Cancer,0.8333,0.4074,0.6365,1.0,node2vec
2020,MMWR Morbidity and Mortality Weekly Report,3.5952,1.8254,2.692,1.0,node2vec
2020,Magnetic Resonance in Medicine,1.1852,0.6481,0.9038,1.0,node2vec
2020,Malaria Journal,0.6167,0.1833,0.4184,1.0,node2vec
2020,Materials Science and Engineering C,0.375,0.1562,0.2918,1.0,node2vec
2020,Mayo Clinic Proceedings,0.619,0.2381,0.3429,1.0,node2vec
2020,Medical Image Analysis,1.1163,0.3488,0.7802,1.0,node2vec
2020,Medical Physics,1.0244,0.4146,0.7361,1.0,node2vec
2020,Medical Science Monitor,0.1304,0.087,0.087,1.0,node2vec
2020,Medical Teacher,0.3571,0.0714,0.2161,1.0,node2vec
2020,Medicine,0.3875,0.0875,0.2369,1.0,node2vec
2020,Medicine & Science in Sports & Exercise,0.7949,0.2564,0.5325,1.0,node2vec
2020,Menopause The Journal of The North American Menopause Society,0.3636,0.0,0.1628,1.0,node2vec
2020,Microbiome,1.0385,0.2308,0.6204,1.0,node2vec
2020,Modern Pathology,0.8036,0.3929,0.6442,1.0,node2vec
2020,Molecular Cancer Research,0.3636,0.0909,0.1525,1.0,node2vec
2020,Molecular Cancer Therapeutics,0.8571,0.1786,0.5393,1.0,node2vec
2020,Molecular Cell,1.0385,0.5192,0.7807,1.0,node2vec
2020,Molecular Metabolism,0.48,0.28,0.418,1.0,node2vec
2020,Molecular Neurobiology,0.2941,0.0588,0.2009,1.0,node2vec
2020,Molecular Neurodegeneration,1.1923,0.5,0.9243,1.0,node2vec
2020,Molecular Psychiatry,0.7111,0.2,0.3745,1.0,node2vec
2020,Molecular Therapy,0.5476,0.2857,0.4515,1.0,node2vec
2020,Molecules,0.4124,0.1031,0.2588,1.0,node2vec
2020,Movement Disorders,0.746,0.2381,0.5084,1.0,node2vec
2020,Multiple Sclerosis Journal,0.6296,0.2222,0.3964,1.0,node2vec
2020,Nature,3.5,0.9126,2.1038,1.0,node2vec
2020,Nature Biomedical Engineering,2.0,0.3947,1.3209,1.0,node2vec
2020,Nature Cell Biology,0.8889,0.2222,0.5687,1.0,node2vec
2020,Nature Chemical Biology,0.931,0.1379,0.5332,1.0,node2vec
2020,Nature Communications,0.9688,0.3675,0.6634,1.0,node2vec
2020,Nature Genetics,3.641,0.9487,2.0264,1.0,node2vec
2020,Nature Immunology,1.0323,0.3871,0.7443,1.0,node2vec
2020,Nature Medicine,4.2055,1.5616,2.9005,1.0,node2vec
2020,Nature Metabolism,0.3,0.1,0.2134,1.0,node2vec
2020,Nature Microbiology,0.9286,0.3393,0.6583,1.0,node2vec
2020,Nature Neuroscience,2.4634,1.0976,1.7833,1.0,node2vec
2020,Nephrology Dialysis Transplantation,0.2941,0.0588,0.219,1.0,node2vec
2020,Neuro-Oncology,0.5556,0.1429,0.3178,1.0,node2vec
2020,NeuroImage,1.1683,0.5347,0.8577,1.0,node2vec
2020,NeuroImage Clinical,0.6545,0.2909,0.4627,1.0,node2vec
2020,Neurobiology of Aging,0.8,0.3429,0.5509,1.0,node2vec
2020,Neurobiology of Disease,0.8,0.4,0.6097,1.0,node2vec
2020,Neurology,0.9124,0.3785,0.6412,1.0,node2vec
2020,Neurology Neuroimmunology & Neuroinflammation,0.4,0.1667,0.3074,1.0,node2vec
2020,Neuron,2.122,0.7073,1.3597,1.0,node2vec
2020,Neuropsychopharmacology,0.5,0.3,0.3765,1.0,node2vec
2020,Neurosurgery,0.4048,0.2143,0.3248,1.0,node2vec
2020,Neurosurgical FOCUS,0.5385,0.2308,0.3746,1.0,node2vec
2020,New England Journal of Medicine,6.0346,2.2765,4.0017,1.0,node2vec
2020,Nicotine & Tobacco Research,0.6538,0.3846,0.5925,1.0,node2vec
2020,Nucleic Acids Research,0.5172,0.1724,0.4301,1.0,node2vec
2020,Nutrients,0.6278,0.287,0.4547,1.0,node2vec
2020,Obesity,0.5,0.2083,0.3877,1.0,node2vec
2020,Obesity Surgery,0.9487,0.3333,0.7355,1.0,node2vec
2020,Obstetrics and Gynecology,1.3053,0.5263,0.9127,1.0,node2vec
2020,OncoImmunology,1.0,0.2969,0.6582,1.0,node2vec
2020,Oncogene,0.6447,0.1579,0.4168,1.0,node2vec
2020,Oncotarget,0.8596,0.2456,0.5303,1.0,node2vec
2020,Open Forum Infectious Diseases,0.7714,0.4286,0.6169,1.0,node2vec
2020,Ophthalmology,1.4397,0.4914,0.8856,1.0,node2vec
2020,Oral Oncology,0.92,0.32,0.6194,1.0,node2vec
2020,Orphanet Journal of Rare Diseases,0.25,0.1,0.1911,1.0,node2vec
2020,Orthopaedic Journal of Sports Medicine,0.4118,0.2353,0.3576,1.0,node2vec
2020,Osteoarthritis and Cartilage,0.7,0.225,0.4867,1.0,node2vec
2020,Osteoporosis International,0.4545,0.2727,0.3885,1.0,node2vec
2020,Otolaryngology,0.7143,0.1429,0.4039,1.0,node2vec
2020,Oxidative Medicine and Cellular Longevity,0.4255,0.1277,0.1935,1.0,node2vec
2020,PEDIATRICS,0.9167,0.4375,0.6714,1.0,node2vec
2020,PLoS Biology,0.7941,0.5294,0.6544,1.0,node2vec
2020,PLoS Genetics,0.1481,0.037,0.0954,1.0,node2vec
2020,PLoS Medicine,0.9922,0.2812,0.7103,1.0,node2vec
2020,PLoS ONE,0.5339,0.1624,0.3402,1.0,node2vec
2020,PLoS Pathogens,0.8333,0.3438,0.5713,1.0,node2vec
2020,PLoS neglected tropical diseases,0.5595,0.2619,0.4078,1.0,node2vec
2020,Pain,0.7692,0.2692,0.4964,1.0,node2vec
2020,Parasites & Vectors,0.3333,0.0833,0.1193,1.0,node2vec
2020,Parkinsonism & Related Disorders,0.4762,0.1429,0.3753,1.0,node2vec
2020,Pediatric Blood & Cancer,0.1429,0.0476,0.0916,1.0,node2vec
2020,Pediatric Diabetes,1.2727,0.6364,1.0486,1.0,node2vec
2020,PeerJ,0.6552,0.2414,0.4966,1.0,node2vec
2020,Pharmacological Research,0.381,0.0952,0.2321,1.0,node2vec
2020,Physics in Medicine and Biology,0.9677,0.2581,0.7238,1.0,node2vec
2020,Phytomedicine,0.3684,0.0789,0.2055,1.0,node2vec
2020,Plastic & Reconstructive Surgery,0.5,0.1042,0.2226,1.0,node2vec
2020,Preventive Medicine,0.8889,0.5926,0.6796,1.0,node2vec
2020,Proceedings of the National Academy of Sciences,0.8775,0.343,0.6218,1.0,node2vec
2020,Psycho-Oncology,0.2692,0.0769,0.1482,1.0,node2vec
2020,Psychological Medicine,0.6786,0.25,0.3877,1.0,node2vec
2020,PubMed,0.5164,0.127,0.2897,1.0,node2vec
2020,Public Health Nutrition,0.96,0.68,0.8379,1.0,node2vec
2020,Radiology,1.4768,0.4901,0.9137,1.0,node2vec
2020,Radiotherapy and Oncology,0.9245,0.4528,0.6633,1.0,node2vec
2020,Redox Biology,0.7414,0.3103,0.5612,1.0,node2vec
2020,Regional Anesthesia & Pain Medicine,1.5806,0.7419,1.2462,1.0,node2vec
2020,Reproductive Health,0.4595,0.1622,0.3553,1.0,node2vec
2020,Respiratory Research,0.4524,0.119,0.3584,1.0,node2vec
2020,Resuscitation,0.66,0.34,0.5198,1.0,node2vec
2020,Retina,1.25,0.55,0.8568,1.0,node2vec
2020,Scandinavian Journal of Medicine and Science in Sports,0.7407,0.2222,0.5107,1.0,node2vec
2020,Science,2.5763,0.6186,1.3542,1.0,node2vec
2020,Science Advances,0.5814,0.3023,0.4102,1.0,node2vec
2020,Science Translational Medicine,1.0893,0.3571,0.6711,1.0,node2vec
2020,Scientific Reports,0.6144,0.1703,0.3639,1.0,node2vec
2020,Sensors,0.7,0.3,0.5183,1.0,node2vec
2020,Social Science & Medicine,0.3478,0.0435,0.1676,1.0,node2vec
2020,Spine,0.8684,0.4211,0.7185,1.0,node2vec
2020,Stem Cell Reports,0.7174,0.2826,0.5121,1.0,node2vec
2020,Stem Cell Research & Therapy,0.4881,0.119,0.2927,1.0,node2vec
2020,Stem Cells Translational Medicine,0.5,0.0769,0.1949,1.0,node2vec
2020,Stroke,0.6765,0.2941,0.48,1.0,node2vec
2020,Supportive Care in Cancer,0.5,0.1579,0.2551,1.0,node2vec
2020,Surgery,0.359,0.1795,0.284,1.0,node2vec
2020,Surgical Endoscopy,0.3803,0.169,0.2713,1.0,node2vec
2020,The American Journal of Gastroenterology,1.2881,0.322,0.6751,1.0,node2vec
2020,The American Journal of Human Genetics,0.9706,0.3529,0.7928,1.0,node2vec
2020,The American Journal of Sports Medicine,0.6261,0.2261,0.402,1.0,node2vec
2020,The American Journal of Surgical Pathology,0.9118,0.5147,0.7505,1.0,node2vec
2020,The Annals of Thoracic Surgery,0.8431,0.3333,0.621,1.0,node2vec
2020,The Bone & Joint Journal,0.8302,0.434,0.6315,1.0,node2vec
2020,The British Journal of Psychiatry,0.5238,0.2381,0.3923,1.0,node2vec
2020,The EMBO Journal,1.3429,0.5714,0.9632,1.0,node2vec
2020,The FASEB Journal,0.3934,0.082,0.2051,1.0,node2vec
2020,The Journal of Allergy and Clinical Immunology In Practice,0.6429,0.2429,0.4359,1.0,node2vec
2020,The Journal of Arthroplasty,0.8113,0.3302,0.6245,1.0,node2vec
2020,The Journal of Cell Biology,2.0,1.0909,1.6831,1.0,node2vec
2020,The Journal of Clinical Endocrinology & Metabolism,0.6269,0.2612,0.4902,1.0,node2vec
2020,The Journal of Experimental Medicine,1.1091,0.3455,0.6604,1.0,node2vec
2020,The Journal of Headache and Pain,0.8148,0.3333,0.6259,1.0,node2vec
2020,The Journal of Heart and Lung Transplantation,1.5667,0.9333,1.3154,1.0,node2vec
2020,The Journal of Immunology,0.6061,0.1515,0.355,1.0,node2vec
2020,The Journal of Infectious Diseases,1.2439,0.5122,0.9413,1.0,node2vec
2020,The Journal of Pathology,1.0455,0.3636,0.5968,1.0,node2vec
2020,The Journal of Pediatrics,0.566,0.2075,0.3209,1.0,node2vec
2020,The Journal of Physiology,0.5333,0.1333,0.363,1.0,node2vec
2020,The Journal of Strength and Conditioning Research,0.8085,0.3404,0.6391,1.0,node2vec
2020,"The Journal of Trauma: Injury, Infection, and Critical Care",0.3667,0.1,0.2197,1.0,node2vec
2020,The Journal of Urology,0.7302,0.3333,0.4568,1.0,node2vec
2020,The Journals of Gerontology Series A,0.814,0.2093,0.5724,1.0,node2vec
2020,The Lancet,3.0945,1.0118,2.0377,1.0,node2vec
2020,The Lancet Child & Adolescent Health,0.6,0.12,0.3496,1.0,node2vec
2020,The Lancet Diabetes & Endocrinology,1.8548,0.7581,1.26,1.0,node2vec
2020,The Lancet Global Health,1.2429,0.2286,0.6286,1.0,node2vec
2020,The Lancet HIV,1.7879,0.9394,1.3858,1.0,node2vec
2020,The Lancet Haematology,0.6667,0.2745,0.508,1.0,node2vec
2020,The Lancet Infectious Diseases,1.4416,0.6494,0.961,1.0,node2vec
2020,The Lancet Neurology,2.1831,0.7042,1.4994,1.0,node2vec
2020,The Lancet Oncology,2.7214,1.1194,1.8971,1.0,node2vec
2020,The Lancet Psychiatry,0.9333,0.3,0.5718,1.0,node2vec
2020,The Lancet Public Health,1.1071,0.3214,0.6889,1.0,node2vec
2020,The Lancet Respiratory Medicine,1.3977,0.7386,1.1242,1.0,node2vec
2020,The Laryngoscope,0.2,0.04,0.0769,1.0,node2vec
2020,The Medical Journal of Australia,0.7619,0.2381,0.5301,1.0,node2vec
2020,The Oncologist,0.8871,0.2419,0.5171,1.0,node2vec
2020,The Science of The Total Environment,0.5455,0.0455,0.2522,1.0,node2vec
2020,The Spine Journal,0.4848,0.1818,0.3418,1.0,node2vec
2020,The journal of nutrition health & aging,0.6296,0.2222,0.5391,1.0,node2vec
2020,Theranostics,0.5526,0.1974,0.3608,1.0,node2vec
2020,Thorax,1.0667,0.4333,0.7494,1.0,node2vec
2020,Thyroid,0.7447,0.234,0.5085,1.0,node2vec
2020,Tobacco Control,2.7778,1.8889,2.4747,1.0,node2vec
2020,Translational Psychiatry,0.5238,0.0952,0.4247,1.0,node2vec
2020,Transplantation,1.0714,0.3929,0.6535,1.0,node2vec
2020,Trends in Food Science & Technology,0.8286,0.3143,0.6168,1.0,node2vec
2020,Ultrasound in Obstetrics and Gynecology,0.8537,0.3659,0.6453,1.0,node2vec
2020,Unknown,0.8022,0.2418,0.4915,1.0,node2vec
2020,Vaccine,0.5135,0.0811,0.3359,1.0,node2vec
2020,Viruses,0.4375,0.1875,0.3732,1.0,node2vec
2020,World Neurosurgery,0.7222,0.25,0.5533,1.0,node2vec
2020,eLife,1.0303,0.5152,0.7779,1.0,node2vec
2020,mAbs,0.5714,0.2381,0.4192,1.0,node2vec
2020,mBio,0.7071,0.2727,0.5367,1.0,node2vec
2020,npj Digital Medicine,1.8519,0.2963,0.919,1.0,node2vec
2020,The Lancet. Gastroenterology & hepatology,0.6364,0.2955,0.4403,1.0,node2vec
2021,ACS Applied Materials & Interfaces,0.6667,0.4035,0.567,1.0,node2vec
2021,ACS Nano,2.5161,1.9194,2.3121,1.0,node2vec
2021,AIDS and Behavior,0.8571,0.3214,0.6014,1.0,node2vec
2021,Academic Medicine,0.6829,0.1463,0.4304,1.0,node2vec
2021,Academic Radiology,0.8276,0.3793,0.6559,1.0,node2vec
2021,Acta Biomaterialia,0.4688,0.2031,0.3392,1.0,node2vec
2021,Acta Neuropathologica,1.5781,0.9219,1.4122,1.0,node2vec
2021,Acta Neuropathologica Communications,0.7358,0.3585,0.5518,1.0,node2vec
2021,Acta Pharmaceutica Sinica B,2.8333,2.25,2.4942,1.0,node2vec
2021,Addiction,1.0,0.4615,0.72,1.0,node2vec
2021,Advanced Functional Materials,1.0213,0.7447,0.9496,1.0,node2vec
2021,Advanced Healthcare Materials,0.3043,0.087,0.1196,1.0,node2vec
2021,Advanced Materials,0.6786,0.3571,0.5811,1.0,node2vec
2021,Advanced Science,1.5625,0.4375,0.9076,1.0,node2vec
2021,Age and Ageing,0.9722,0.3889,0.6985,1.0,node2vec
2021,Aging,0.7802,0.5275,0.7236,1.0,node2vec
2021,Aging Cell,1.4583,0.7917,1.1542,1.0,node2vec
2021,Alimentary Pharmacology & Therapeutics,0.7727,0.2955,0.6083,1.0,node2vec
2021,Allergy,4.24,3.74,3.9463,1.0,node2vec
2021,Alzheimer s & Dementia,2.1475,0.9836,1.6992,1.0,node2vec
2021,Alzheimer s Research & Therapy,0.9,0.6,0.7505,1.0,node2vec
2021,American Heart Journal,0.44,0.28,0.3865,1.0,node2vec
2021,American Journal of Clinical Nutrition,0.56,0.16,0.3863,1.0,node2vec
2021,American Journal of Hematology,1.1081,0.4054,0.8479,1.0,node2vec
2021,American Journal of Kidney Diseases,1.1282,0.5641,0.9924,1.0,node2vec
2021,American Journal of Neuroradiology,1.0769,0.7308,0.9312,1.0,node2vec
2021,American Journal of Obstetrics and Gynecology,1.7411,1.0357,1.3643,1.0,node2vec
2021,American Journal of Ophthalmology,0.7925,0.3208,0.5075,1.0,node2vec
2021,American Journal of Psychiatry,1.3333,0.5667,0.9317,1.0,node2vec
2021,American Journal of Public Health,0.871,0.4194,0.6876,1.0,node2vec
2021,American Journal of Respiratory and Critical Care Medicine,1.9017,0.9422,1.544,1.0,node2vec
2021,American Journal of Roentgenology,7.0968,5.0323,6.6585,1.0,node2vec
2021,American Journal of Transplantation,2.7843,2.2255,2.5343,1.0,node2vec
2021,American Journal of Tropical Medicine and Hygiene,0.8571,0.5357,0.7448,1.0,node2vec
2021,Anaesthesia,1.871,1.1935,1.6363,1.0,node2vec
2021,Anesthesia & Analgesia,0.6053,0.2105,0.461,1.0,node2vec
2021,Anesthesiology,1.12,0.58,0.8057,1.0,node2vec
2021,Angewandte Chemie International Edition,0.28,0.08,0.2174,1.0,node2vec
2021,Annals of Clinical and Translational Neurology,0.7778,0.3704,0.6227,1.0,node2vec
2021,Annals of Emergency Medicine,1.15,0.8,0.9441,1.0,node2vec
2021,Annals of Intensive Care,2.0,1.0,1.2828,1.0,node2vec
2021,Annals of Internal Medicine,2.8105,1.9263,2.4574,1.0,node2vec
2021,Annals of Neurology,0.9074,0.5185,0.7391,1.0,node2vec
2021,Annals of Oncology,2.4091,1.1591,1.789,1.0,node2vec
2021,Annals of Surgery,1.1523,0.4238,0.7508,1.0,node2vec
2021,Annals of Surgical Oncology,0.74,0.2,0.4488,1.0,node2vec
2021,Annals of Translational Medicine,1.8,1.3,1.4995,1.0,node2vec
2021,Annals of the American Thoracic Society,1.1,0.5667,0.8632,1.0,node2vec
2021,Annals of the Rheumatic Diseases,1.4054,0.7635,1.0213,1.0,node2vec
2021,Antimicrobial Agents and Chemotherapy,1.375,0.875,1.2376,1.0,node2vec
2021,Antimicrobial Resistance and Infection Control,0.2,0.1,0.1,1.0,node2vec
2021,Antioxidants,0.6329,0.2532,0.4195,1.0,node2vec
2021,Applied Sciences,1.5714,1.1837,1.4422,1.0,node2vec
2021,Applied Soft Computing,1.5217,1.1739,1.3542,1.0,node2vec
2021,Arteriosclerosis Thrombosis and Vascular Biology,0.6444,0.2,0.3747,1.0,node2vec
2021,Arthritis & Rheumatology,1.5577,0.875,1.2081,1.0,node2vec
2021,Arthritis Research & Therapy,0.8286,0.2,0.4799,1.0,node2vec
2021,Arthroscopy The Journal of Arthroscopic and Related Surgery,0.4375,0.0938,0.2759,1.0,node2vec
2021,Artificial Intelligence in Medicine,1.1304,0.6087,1.0111,1.0,node2vec
2021,Atherosclerosis,0.3333,0.1429,0.1968,1.0,node2vec
2021,Autophagy,0.75,0.1786,0.4772,1.0,node2vec
2021,BJOG An International Journal of Obstetrics & Gynaecology,1.4815,1.1111,1.3388,1.0,node2vec
2021,BMC Cancer,0.4444,0.1481,0.2482,1.0,node2vec
2021,BMC Geriatrics,0.3061,0.0816,0.218,1.0,node2vec
2021,BMC Health Services Research,0.175,0.05,0.1273,1.0,node2vec
2021,BMC Infectious Diseases,0.8182,0.4727,0.5411,1.0,node2vec
2021,BMC Medical Education,0.15,0.0,0.0231,1.0,node2vec
2021,BMC Medicine,1.0,0.5326,0.7766,1.0,node2vec
2021,BMC Musculoskeletal Disorders,0.2308,0.0769,0.1387,1.0,node2vec
2021,BMC Nephrology,0.2857,0.0476,0.1898,1.0,node2vec
2021,BMC Neurology,0.619,0.1905,0.4667,1.0,node2vec
2021,BMC Pregnancy and Childbirth,0.439,0.1707,0.2763,1.0,node2vec
2021,BMC Psychiatry,0.1923,0.0769,0.1103,1.0,node2vec
2021,BMC Public Health,0.3333,0.14,0.2372,1.0,node2vec
2021,BMC Pulmonary Medicine,0.6,0.28,0.4144,1.0,node2vec
2021,BMC Research Notes,0.6,0.2,0.4264,1.0,node2vec
2021,BMC Women s Health,0.4231,0.1154,0.2324,1.0,node2vec
2021,BMJ,4.6866,3.6912,4.153,1.0,node2vec
2021,BMJ Global Health,0.5806,0.1935,0.4034,1.0,node2vec
2021,BMJ Open,0.4895,0.1888,0.3395,1.0,node2vec
2021,BMJ Open Diabetes Research & Care,0.8,0.5667,0.7462,1.0,node2vec
2021,BioMed Research International,0.6087,0.2609,0.4069,1.0,node2vec
2021,Bioactive Materials,0.2,0.2,0.2,1.0,node2vec
2021,Biochemical and Biophysical Research Communications,1.8182,0.9318,1.4912,1.0,node2vec
2021,Biology of Blood and Marrow Transplantation,1.1364,0.5,0.9047,1.0,node2vec
2021,Biomaterials,0.5979,0.1959,0.4276,1.0,node2vec
2021,Biomedical Signal Processing and Control,0.6857,0.4,0.5061,1.0,node2vec
2021,Biomedicine & Pharmacotherapy,0.3165,0.0759,0.2055,1.0,node2vec
2021,Biomolecules,0.3448,0.1724,0.2313,1.0,node2vec
2021,Blood,1.5075,0.8459,1.1575,1.0,node2vec
2021,Blood Advances,0.7872,0.3759,0.648,1.0,node2vec
2021,Brain,1.4815,0.7099,1.1342,1.0,node2vec
2021,Brain Behavior and Immunity,1.0588,0.7647,0.9355,1.0,node2vec
2021,Breast Cancer Research,0.6087,0.2609,0.4701,1.0,node2vec
2021,Breast Cancer Research and Treatment,0.5417,0.2083,0.4011,1.0,node2vec
2021,British Journal of Anaesthesia,0.8621,0.4828,0.695,1.0,node2vec
2021,British Journal of Cancer,0.32,0.16,0.2561,1.0,node2vec
2021,British Journal of Dermatology,1.8,1.2889,1.5946,1.0,node2vec
2021,British Journal of Haematology,2.4,2.04,2.1992,1.0,node2vec
2021,British Journal of Ophthalmology,1.1613,0.4839,0.8324,1.0,node2vec
2021,British Journal of Pharmacology,1.2812,0.4062,0.738,1.0,node2vec
2021,British Journal of Sports Medicine,0.9048,0.3968,0.6817,1.0,node2vec
2021,British Journal of Urology,1.0,0.3871,0.7368,1.0,node2vec
2021,British journal of surgery,1.0625,0.3542,0.8551,1.0,node2vec
2021,CHEST Journal,2.2759,1.7931,2.0048,1.0,node2vec
2021,Canadian Medical Association Journal,0.9259,0.6296,0.7812,1.0,node2vec
2021,Cancer,0.7963,0.3056,0.579,1.0,node2vec
2021,Cancer Cell,1.6923,0.5385,0.9882,1.0,node2vec
2021,Cancer Cell International,0.3636,0.0455,0.1823,1.0,node2vec
2021,Cancer Discovery,2.4667,1.4667,2.0819,1.0,node2vec
2021,Cancer Epidemiology Biomarkers & Prevention,0.45,0.2,0.2862,1.0,node2vec
2021,Cancer Immunology Immunotherapy,0.5484,0.3871,0.4618,1.0,node2vec
2021,Cancer Immunology Research,1.4043,0.383,0.8426,1.0,node2vec
2021,Cancer Letters,0.6562,0.2188,0.3977,1.0,node2vec
2021,Cancer Medicine,0.6667,0.2407,0.4545,1.0,node2vec
2021,Cancer Research,0.5844,0.1429,0.3236,1.0,node2vec
2021,Cancer Science,0.7143,0.2143,0.4219,1.0,node2vec
2021,Cancers,0.39,0.22,0.3156,1.0,node2vec
2021,Carbohydrate Polymers,0.6875,0.375,0.5554,1.0,node2vec
2021,Cardiovascular Diabetology,2.0946,1.5946,1.8602,1.0,node2vec
2021,Cardiovascular Research,2.0488,1.878,1.9724,1.0,node2vec
2021,Cell,11.2762,9.8333,10.5427,1.0,node2vec
2021,Cell Death and Differentiation,1.303,0.3939,0.8776,1.0,node2vec
2021,Cell Death and Disease,0.5099,0.1854,0.3867,1.0,node2vec
2021,Cell Host & Microbe,6.629,5.2903,6.3215,1.0,node2vec
2021,Cell Metabolism,2.2366,1.2796,1.7734,1.0,node2vec
2021,Cell Proliferation,0.913,0.4783,0.6171,1.0,node2vec
2021,Cell Reports,1.3472,0.662,0.9803,1.0,node2vec
2021,Cell Reports Medicine,2.7727,2.7273,2.7662,1.0,node2vec
2021,Cell Research,4.3636,3.4545,3.9013,1.0,node2vec
2021,Cell stem cell,1.5902,0.9016,1.3433,1.0,node2vec
2021,Cells,0.8644,0.5593,0.7426,1.0,node2vec
2021,Cellular and Molecular Immunology,5.6818,5.3182,5.5642,1.0,node2vec
2021,Cephalalgia,1.1143,0.6286,0.8646,1.0,node2vec
2021,Chaos Solitons & Fractals,1.1,0.9333,0.9642,1.0,node2vec
2021,Chemical Engineering Journal,2.9545,2.0455,2.5213,1.0,node2vec
2021,Circulation,2.5119,1.1488,1.7528,1.0,node2vec
2021,Circulation Arrhythmia and Electrophysiology,1.0,0.5366,0.6832,1.0,node2vec
2021,Circulation Cardiovascular Imaging,0.875,0.2917,0.6537,1.0,node2vec
2021,Circulation Cardiovascular Interventions,0.8696,0.4783,0.7603,1.0,node2vec
2021,Circulation Heart Failure,0.7429,0.4571,0.6377,1.0,node2vec
2021,Circulation Research,1.24,0.76,1.0058,1.0,node2vec
2021,Clinica Chimica Acta,3.5,3.15,3.4252,1.0,node2vec
2021,Clinical Cancer Research,1.0675,0.418,0.7222,1.0,node2vec
2021,Clinical Chemistry,6.087,2.6522,5.1664,1.0,node2vec
2021,Clinical Chemistry and Laboratory Medicine (CCLM),7.2609,6.8696,7.0735,1.0,node2vec
2021,Clinical Gastroenterology and Hepatology,1.0918,0.5102,0.8029,1.0,node2vec
2021,Clinical Infectious Diseases,6.1833,5.0386,5.8053,1.0,node2vec
2021,Clinical Journal of the American Society of Nephrology,1.1765,0.4118,0.9017,1.0,node2vec
2021,Clinical Microbiology and Infection,2.0746,1.7313,1.9794,1.0,node2vec
2021,Clinical Nutrition,0.6607,0.3929,0.5142,1.0,node2vec
2021,Clinical Orthopaedics and Related Research,0.5357,0.2857,0.4313,1.0,node2vec
2021,Clinical Pharmacology & Therapeutics,0.55,0.15,0.4293,1.0,node2vec
2021,Clinical Transplantation,0.8148,0.2222,0.5341,1.0,node2vec
2021,Communications Biology,0.6098,0.2683,0.4659,1.0,node2vec
2021,Computer Methods and Programs in Biomedicine,2.386,1.4737,1.7781,1.0,node2vec
2021,Computers in Biology and Medicine,3.0208,2.5,2.7608,1.0,node2vec
2021,Critical Care,1.3514,0.4595,0.9036,1.0,node2vec
2021,Critical Care Medicine,2.1375,1.0875,1.5568,1.0,node2vec
2021,Cureus,1.8696,1.5217,1.7371,1.0,node2vec
2021,Developmental Cell,0.6585,0.4146,0.5733,1.0,node2vec
2021,Diabetes,0.7742,0.4839,0.6642,1.0,node2vec
2021,Diabetes & Metabolic Syndrome Clinical Research & Reviews,2.2308,0.8846,1.6827,1.0,node2vec
2021,Diabetes Care,1.3118,0.8,1.0409,1.0,node2vec
2021,Diabetes Obesity and Metabolism,1.3721,0.9302,1.1442,1.0,node2vec
2021,Diabetes Research and Clinical Practice,1.925,1.25,1.7674,1.0,node2vec
2021,Diabetes Technology & Therapeutics,2.2812,1.1875,1.7348,1.0,node2vec
2021,Diabetes/Metabolism Research and Reviews,5.8571,5.4286,5.7786,1.0,node2vec
2021,Diabetologia,1.3137,0.8039,1.1621,1.0,node2vec
2021,Diagnostics,0.9545,0.5455,0.7238,1.0,node2vec
2021,Drug Design Development and Therapy,0.15,0.1,0.13,1.0,node2vec
2021,Drug and Alcohol Dependence,1.2653,0.7551,1.1532,1.0,node2vec
2021,EBioMedicine,1.8,1.1545,1.4729,1.0,node2vec
2021,EClinicalMedicine,1.5,1.1613,1.3602,1.0,node2vec
2021,EMBO Molecular Medicine,2.1379,1.2759,1.7107,1.0,node2vec
2021,EMBO Reports,1.381,0.4762,0.8228,1.0,node2vec
2021,EP Europace,1.1622,0.8108,1.0462,1.0,node2vec
2021,ESC Heart Failure,0.5926,0.3333,0.4299,1.0,node2vec
2021,Emerging Microbes & Infections,10.85,8.6,10.3761,1.0,node2vec
2021,Emerging infectious diseases,5.6804,4.3402,5.2155,1.0,node2vec
2021,Endoscopy,1.75,0.5938,1.0886,1.0,node2vec
2021,Epilepsia,0.9444,0.3889,0.6748,1.0,node2vec
2021,EuroIntervention,0.84,0.2,0.4502,1.0,node2vec
2021,European Heart Journal,2.4902,1.2392,1.8705,1.0,node2vec
2021,European Heart Journal - Cardiovascular Imaging,0.9762,0.5714,0.8137,1.0,node2vec
2021,European Journal of Cancer,1.5816,1.0102,1.3279,1.0,node2vec
2021,European Journal of Heart Failure,2.1798,1.2921,1.7668,1.0,node2vec
2021,European Journal of Medicinal Chemistry,0.4167,0.0833,0.1571,1.0,node2vec
2021,European Journal of Neurology,1.1429,0.8929,1.1168,1.0,node2vec
2021,European Journal of Nuclear Medicine and Molecular Imaging,1.2294,0.8349,1.0709,1.0,node2vec
2021,European Journal of Pharmacology,0.2,0.0,0.0,1.0,node2vec
2021,European Journal of Preventive Cardiology,1.1892,0.5135,0.8551,1.0,node2vec
2021,European Journal of Radiology,2.6897,1.8966,2.4315,1.0,node2vec
2021,European Radiology,1.8581,1.071,1.5578,1.0,node2vec
2021,European Respiratory Journal,2.9184,2.1565,2.5012,1.0,node2vec
2021,European Urology,1.3839,0.7411,1.0666,1.0,node2vec
2021,Eurosurveillance,13.1765,4.0784,5.577,1.0,node2vec
2021,Expert Systems with Applications,1.1818,0.5455,0.8765,1.0,node2vec
2021,Fertility and Sterility,0.9825,0.4912,0.6845,1.0,node2vec
2021,Food & Function,0.26,0.14,0.1573,1.0,node2vec
2021,Food Chemistry,0.5,0.1214,0.2623,1.0,node2vec
2021,Food Research International,0.4444,0.1667,0.3493,1.0,node2vec
2021,Foods,0.2,0.125,0.1629,1.0,node2vec
2021,Free Radical Biology and Medicine,0.4667,0.2,0.4098,1.0,node2vec
2021,Frontiers in Aging Neuroscience,0.6389,0.2778,0.4872,1.0,node2vec
2021,Frontiers in Bioengineering and Biotechnology,0.3077,0.1154,0.2016,1.0,node2vec
2021,Frontiers in Cell and Developmental Biology,0.2857,0.1905,0.2313,1.0,node2vec
2021,Frontiers in Cellular and Infection Microbiology,0.4138,0.2414,0.3394,1.0,node2vec
2021,Frontiers in Endocrinology,0.5278,0.25,0.4498,1.0,node2vec
2021,Frontiers in Genetics,0.381,0.1905,0.3095,1.0,node2vec
2021,Frontiers in Immunology,0.9315,0.6301,0.8019,1.0,node2vec
2021,Frontiers in Medicine,1.0909,0.8788,0.9561,1.0,node2vec
2021,Frontiers in Microbiology,1.1351,0.3649,0.8188,1.0,node2vec
2021,Frontiers in Neurology,0.4545,0.2273,0.3388,1.0,node2vec
2021,Frontiers in Neuroscience,0.55,0.15,0.3691,1.0,node2vec
2021,Frontiers in Oncology,0.3889,0.1778,0.2973,1.0,node2vec
2021,Frontiers in Pharmacology,0.6757,0.1757,0.4275,1.0,node2vec
2021,Frontiers in Physiology,0.6226,0.3396,0.4733,1.0,node2vec
2021,Frontiers in Psychiatry,0.1481,0.0,0.0481,1.0,node2vec
2021,Frontiers in Psychology,0.3462,0.1154,0.2423,1.0,node2vec
2021,Frontiers in Public Health,1.5294,1.3824,1.4644,1.0,node2vec
2021,Future Oncology,0.375,0.125,0.2212,1.0,node2vec
2021,Gastric Cancer,1.2083,0.4167,0.9191,1.0,node2vec
2021,Gastroenterology,1.7296,0.801,1.2723,1.0,node2vec
2021,Gastrointestinal Endoscopy,1.125,0.7188,0.9867,1.0,node2vec
2021,Genetics in Medicine,0.2812,0.0625,0.1763,1.0,node2vec
2021,Genome Medicine,2.24,1.2,1.5809,1.0,node2vec
2021,Gut,2.042,1.1958,1.5888,1.0,node2vec
2021,Gynecologic Oncology,0.9111,0.4,0.6436,1.0,node2vec
2021,Haematologica,0.6964,0.3214,0.5858,1.0,node2vec
2021,Headache The Journal of Head and Face Pain,0.9524,0.6667,0.8751,1.0,node2vec
2021,Health Affairs,1.7407,0.5185,0.8601,1.0,node2vec
2021,Health and Quality of Life Outcomes,0.2308,0.0385,0.1267,1.0,node2vec
2021,Heart,0.5484,0.3226,0.4272,1.0,node2vec
2021,Heart Rhythm,3.1351,2.5135,2.7957,1.0,node2vec
2021,Heliyon,0.2414,0.1724,0.1724,1.0,node2vec
2021,Hepatology,1.303,0.6485,0.9951,1.0,node2vec
2021,Hepatology Communications,0.381,0.0952,0.2902,1.0,node2vec
2021,Histopathology,4.619,4.0476,4.2635,1.0,node2vec
2021,Human Brain Mapping,1.7857,0.7143,1.1974,1.0,node2vec
2021,Human Reproduction,0.6719,0.2344,0.4768,1.0,node2vec
2021,Hypertension,1.1429,0.6786,0.8649,1.0,node2vec
2021,IEEE Access,1.4178,0.8014,1.1417,1.0,node2vec
2021,IEEE Journal of Biomedical and Health Informatics,0.9667,0.4667,0.6901,1.0,node2vec
2021,IEEE Transactions on Biomedical Engineering,0.5238,0.1429,0.2451,1.0,node2vec
2021,IEEE Transactions on Medical Imaging,2.3205,1.0769,1.5909,1.0,node2vec
2021,Immunity,3.5286,2.3,2.943,1.0,node2vec
2021,Industrial Crops and Products,0.4615,0.1282,0.2871,1.0,node2vec
2021,Intensive Care Medicine,9.1471,4.3235,7.1244,1.0,node2vec
2021,International Immunopharmacology,0.8444,0.5111,0.7186,1.0,node2vec
2021,International Journal of Antimicrobial Agents,14.129,12.6774,13.7154,1.0,node2vec
2021,International Journal of Behavioral Nutrition and Physical Activity,0.9688,0.4688,0.7542,1.0,node2vec
2021,International Journal of Biological Macromolecules,0.4444,0.2626,0.337,1.0,node2vec
2021,International Journal of Biological Sciences,0.76,0.6,0.7165,1.0,node2vec
2021,International Journal of Cancer,0.6286,0.2714,0.4568,1.0,node2vec
2021,International Journal of Cardiology,0.8333,0.625,0.7275,1.0,node2vec
2021,International Journal of Drug Policy,1.7955,1.25,1.5369,1.0,node2vec
2021,International Journal of Environmental Research and Public Health,0.4171,0.2246,0.3295,1.0,node2vec
2021,International Journal of Epidemiology,0.7692,0.2051,0.4425,1.0,node2vec
2021,International Journal of Gynecological Cancer,0.8696,0.3043,0.6736,1.0,node2vec
2021,International Journal of Gynecology & Obstetrics,2.2083,1.2083,1.976,1.0,node2vec
2021,International Journal of Infectious Diseases,3.1226,2.3302,2.8752,1.0,node2vec
2021,International Journal of Molecular Sciences,0.7438,0.4793,0.6264,1.0,node2vec
2021,International Journal of Nanomedicine,0.2963,0.1111,0.1111,1.0,node2vec
2021,International Journal of Pharmaceutics,0.88,0.36,0.5918,1.0,node2vec
2021,International Journal of Radiation Oncology*Biology*Physics,1.0312,0.7188,0.8806,1.0,node2vec
2021,International Journal of Stroke,1.6522,1.3913,1.5491,1.0,node2vec
2021,Investigative Ophthalmology & Visual Science,0.7727,0.1818,0.4115,1.0,node2vec
2021,JACC Heart Failure,1.2174,0.587,0.8633,1.0,node2vec
2021,JACC. Cardiovascular imaging,1.0469,0.6562,0.8422,1.0,node2vec
2021,JACC. Clinical electrophysiology,0.7586,0.4483,0.6889,1.0,node2vec
2021,JACC: Cardiovascular Interventions,1.1596,0.7553,1.0057,1.0,node2vec
2021,JAIDS Journal of Acquired Immune Deficiency Syndromes,0.9048,0.7143,0.7912,1.0,node2vec
2021,JAMA,13.7207,7.5062,11.7353,1.0,node2vec
2021,JAMA Cardiology,4.7317,3.6341,4.3793,1.0,node2vec
2021,JAMA Dermatology,1.186,0.7907,0.9073,1.0,node2vec
2021,JAMA Internal Medicine,5.75,4.3621,4.8702,1.0,node2vec
2021,JAMA Network Open,1.2493,0.5203,0.8598,1.0,node2vec
2021,JAMA Neurology,3.5147,2.2059,2.964,1.0,node2vec
2021,JAMA Oncology,2.3154,0.9866,1.7216,1.0,node2vec
2021,JAMA Ophthalmology,1.54,0.3,0.7479,1.0,node2vec
2021,JAMA Pediatrics,2.7586,2.0172,2.4768,1.0,node2vec
2021,JAMA Psychiatry,0.9815,0.3148,0.6449,1.0,node2vec
2021,JAMA Surgery,0.5976,0.2561,0.4478,1.0,node2vec
2021,JCI Insight,1.7551,0.5646,0.8929,1.0,node2vec
2021,JMIR Public Health and Surveillance,3.1364,1.1818,2.5667,1.0,node2vec
2021,JMIR mhealth and uhealth,0.3571,0.0357,0.1983,1.0,node2vec
2021,JNCI Journal of the National Cancer Institute,1.0,0.2667,0.7275,1.0,node2vec
2021,Journal for ImmunoTherapy of Cancer,0.9421,0.4368,0.7157,1.0,node2vec
2021,Journal of Affective Disorders,0.76,0.4,0.6253,1.0,node2vec
2021,Journal of Agricultural and Food Chemistry,0.5932,0.1356,0.3033,1.0,node2vec
2021,Journal of Allergy and Clinical Immunology,2.4646,2.0202,2.2739,1.0,node2vec
2021,Journal of Alzheimer s Disease,0.7105,0.3684,0.5325,1.0,node2vec
2021,Journal of Antimicrobial Chemotherapy,1.0357,0.6429,0.8701,1.0,node2vec
2021,Journal of Biological Chemistry,2.2857,1.6939,1.9246,1.0,node2vec
2021,Journal of Biomolecular Structure and Dynamics,2.7812,2.5,2.7544,1.0,node2vec
2021,Journal of Bone and Joint Surgery,0.92,0.44,0.6394,1.0,node2vec
2021,Journal of Bone and Mineral Research,0.7547,0.3396,0.557,1.0,node2vec
2021,Journal of Cachexia Sarcopenia and Muscle,1.4783,0.2391,0.6427,1.0,node2vec
2021,Journal of Cataract & Refractive Surgery,0.7273,0.1818,0.3817,1.0,node2vec
2021,Journal of Cellular Physiology,0.75,0.2083,0.4478,1.0,node2vec
2021,Journal of Cellular and Molecular Medicine,0.7576,0.2727,0.4461,1.0,node2vec
2021,Journal of Clinical Investigation,2.6355,1.8325,2.2257,1.0,node2vec
2021,Journal of Clinical Medicine,0.831,0.4648,0.6355,1.0,node2vec
2021,Journal of Clinical Microbiology,6.0323,4.9677,5.7306,1.0,node2vec
2021,Journal of Clinical Oncology,1.9952,0.7188,1.3375,1.0,node2vec
2021,Journal of Clinical Virology,3.9091,3.1818,3.7397,1.0,node2vec
2021,Journal of Controlled Release,0.4043,0.0851,0.2324,1.0,node2vec
2021,Journal of Ethnopharmacology,0.2059,0.0,0.0673,1.0,node2vec
2021,Journal of Experimental & Clinical Cancer Research,0.3939,0.1212,0.2334,1.0,node2vec
2021,Journal of Functional Foods,0.4,0.12,0.2375,1.0,node2vec
2021,Journal of General Internal Medicine,1.0,0.4722,0.6617,1.0,node2vec
2021,Journal of Hematology & Oncology,1.3415,0.7073,1.1152,1.0,node2vec
2021,Journal of Hepatology,1.0898,0.6467,0.8795,1.0,node2vec
2021,Journal of Hospital Infection,1.4,0.84,1.0721,1.0,node2vec
2021,Journal of Infection,8.1364,6.9318,7.8829,1.0,node2vec
2021,Journal of Investigative Dermatology,0.8636,0.3636,0.6267,1.0,node2vec
2021,Journal of Korean Medical Science,6.4583,3.0,5.4497,1.0,node2vec
2021,Journal of Magnetic Resonance Imaging,0.8095,0.5238,0.7228,1.0,node2vec
2021,Journal of Medical Internet Research,0.7323,0.2992,0.4915,1.0,node2vec
2021,Journal of Medical Virology,8.3333,6.4333,7.1108,1.0,node2vec
2021,Journal of Medicinal Chemistry,0.375,0.1875,0.2808,1.0,node2vec
2021,Journal of NeuroInterventional Surgery,0.7692,0.2821,0.6296,1.0,node2vec
2021,Journal of Neuroinflammation,0.5,0.1538,0.3142,1.0,node2vec
2021,Journal of Neurology,0.8276,0.4828,0.7269,1.0,node2vec
2021,Journal of Neurology Neurosurgery & Psychiatry,0.907,0.4186,0.6808,1.0,node2vec
2021,Journal of Neuroscience,0.8148,0.2037,0.5138,1.0,node2vec
2021,Journal of Neurotrauma,0.5652,0.1304,0.3368,1.0,node2vec
2021,Journal of Nuclear Medicine,2.044,1.2637,1.7035,1.0,node2vec
2021,Journal of Pain and Symptom Management,1.5217,0.4348,1.0203,1.0,node2vec
2021,Journal of Shoulder and Elbow Surgery,0.4884,0.2326,0.3365,1.0,node2vec
2021,Journal of Thoracic Oncology,2.0654,1.3832,1.739,1.0,node2vec
2021,Journal of Thoracic and Cardiovascular Surgery,0.4615,0.2308,0.3607,1.0,node2vec
2021,Journal of Thrombosis and Haemostasis,16.1957,15.3696,16.0117,1.0,node2vec
2021,Journal of Translational Medicine,2.2157,1.8235,2.0804,1.0,node2vec
2021,Journal of Vascular Surgery,0.8065,0.4516,0.6582,1.0,node2vec
2021,Journal of Virology,6.4,3.1385,5.1628,1.0,node2vec
2021,Journal of neurosurgery,0.4706,0.1176,0.3415,1.0,node2vec
2021,Journal of the American Academy of Dermatology,1.4746,0.8305,1.1836,1.0,node2vec
2021,Journal of the American Chemical Society,0.5588,0.2059,0.3893,1.0,node2vec
2021,Journal of the American College of Cardiology,1.8051,0.853,1.3583,1.0,node2vec
2021,Journal of the American College of Surgeons,1.5385,0.7308,1.1734,1.0,node2vec
2021,Journal of the American Geriatrics Society,1.2553,0.5745,0.9172,1.0,node2vec
2021,Journal of the American Heart Association,0.8757,0.3432,0.5675,1.0,node2vec
2021,Journal of the American Medical Directors Association,1.3462,0.6538,1.0941,1.0,node2vec
2021,Journal of the American Medical Informatics Association,2.0968,0.4516,1.4248,1.0,node2vec
2021,Journal of the American Society of Echocardiography,1.0,0.36,0.5918,1.0,node2vec
2021,Journal of the American Society of Nephrology,1.7363,1.3846,1.5636,1.0,node2vec
2021,Journal of the European Academy of Dermatology and Venereology,1.6,1.1143,1.4428,1.0,node2vec
2021,Journal of the International AIDS Society,1.6857,0.8857,1.1351,1.0,node2vec
2021,Journal of the National Comprehensive Cancer Network,2.5455,0.9318,1.7315,1.0,node2vec
2021,Kidney International,3.2883,2.7658,3.0385,1.0,node2vec
2021,Kidney International Reports,1.3333,1.0,1.2005,1.0,node2vec
2021,Knee Surgery Sports Traumatology Arthroscopy,0.9149,0.4468,0.7389,1.0,node2vec
2021,LWT,0.4348,0.2174,0.3411,1.0,node2vec
2021,Lara D. Veeken,0.3654,0.1731,0.2657,1.0,node2vec
2021,Leukemia,1.1744,0.686,0.9997,1.0,node2vec
2021,Life Sciences,0.94,0.28,0.7202,1.0,node2vec
2021,Lipids in Health and Disease,0.4167,0.25,0.3486,1.0,node2vec
2021,Liver International,1.6591,1.2955,1.5264,1.0,node2vec
2021,Lung Cancer,1.1111,0.4667,0.8585,1.0,node2vec
2021,MMWR Morbidity and Mortality Weekly Report,6.5904,3.4639,5.1815,1.0,node2vec
2021,Magnetic Resonance in Medicine,1.2439,0.5122,0.9386,1.0,node2vec
2021,Malaria Journal,0.4634,0.1951,0.3922,1.0,node2vec
2021,Materials Science and Engineering C,0.7692,0.4038,0.6179,1.0,node2vec
2021,Mayo Clinic Proceedings,2.4286,1.7857,2.2987,1.0,node2vec
2021,Medical Hypotheses,1.4231,1.3077,1.3984,1.0,node2vec
2021,Medical Image Analysis,1.4627,0.6866,0.9507,1.0,node2vec
2021,Medical Physics,1.1212,0.5152,0.9201,1.0,node2vec
2021,Medical Science Monitor,0.3333,0.1905,0.2729,1.0,node2vec
2021,Medical Teacher,0.4762,0.0,0.2309,1.0,node2vec
2021,Medicine,0.6667,0.2982,0.4706,1.0,node2vec
2021,Medicine & Science in Sports & Exercise,1.08,0.32,0.8158,1.0,node2vec
2021,Metabolism,2.32,1.96,2.1709,1.0,node2vec
2021,Modern Pathology,1.8772,1.4211,1.6396,1.0,node2vec
2021,Molecular Cell,2.0392,1.4706,1.7788,1.0,node2vec
2021,Molecular Neurodegeneration,0.68,0.24,0.4751,1.0,node2vec
2021,Molecular Psychiatry,0.6818,0.2727,0.4461,1.0,node2vec
2021,Molecular Therapy,0.5625,0.2812,0.4758,1.0,node2vec
2021,Molecules,0.4318,0.1136,0.2357,1.0,node2vec
2021,Movement Disorders,0.9,0.4333,0.6309,1.0,node2vec
2021,Multiple Sclerosis Journal,0.8261,0.3478,0.5848,1.0,node2vec
2021,Multiple Sclerosis and Related Disorders,1.1111,0.8148,0.923,1.0,node2vec
2021,Nano Letters,0.6818,0.5,0.561,1.0,node2vec
2021,Nature,12.8793,8.1034,11.4695,1.0,node2vec
2021,Nature Biomedical Engineering,0.6585,0.1707,0.3367,1.0,node2vec
2021,Nature Biotechnology,1.9474,1.3684,1.6509,1.0,node2vec
2021,Nature Cancer,1.2121,0.7576,1.0305,1.0,node2vec
2021,Nature Cell Biology,1.0698,0.4186,0.755,1.0,node2vec
2021,Nature Chemical Biology,0.8214,0.4643,0.596,1.0,node2vec
2021,Nature Communications,1.4334,0.7799,1.0932,1.0,node2vec
2021,Nature Genetics,4.5556,0.5833,1.6551,1.0,node2vec
2021,Nature Immunology,3.4082,1.1633,1.6989,1.0,node2vec
2021,Nature Medicine,8.0882,5.1941,6.8125,1.0,node2vec
2021,Nature Metabolism,0.881,0.3333,0.6318,1.0,node2vec
2021,Nature Microbiology,9.5926,7.537,8.9381,1.0,node2vec
2021,Nature Neuroscience,2.15,0.675,1.3521,1.0,node2vec
2021,Nature Structural & Molecular Biology,5.52,4.52,5.2676,1.0,node2vec
2021,Nephrology Dialysis Transplantation,1.1379,0.7241,0.9918,1.0,node2vec
2021,Neuro-Oncology,0.8026,0.3553,0.6105,1.0,node2vec
2021,NeuroImage,0.7952,0.3494,0.5885,1.0,node2vec
2021,NeuroImage Clinical,0.5833,0.3056,0.4579,1.0,node2vec
2021,Neurobiology of Disease,0.4444,0.1852,0.3965,1.0,node2vec
2021,Neurology,1.3775,0.6948,1.0643,1.0,node2vec
2021,Neurology Neuroimmunology & Neuroinflammation,1.3409,0.8409,1.1521,1.0,node2vec
2021,Neuron,1.3778,0.4667,0.912,1.0,node2vec
2021,Neuropsychopharmacology,0.4,0.4,0.4,1.0,node2vec
2021,Neurosurgery,0.7,0.1667,0.3699,1.0,node2vec
2021,New England Journal of Medicine,16.7127,10.2443,12.455,1.0,node2vec
2021,Nicotine & Tobacco Research,0.7391,0.3478,0.5581,1.0,node2vec
2021,Nucleic Acids Research,1.4103,0.5385,0.8972,1.0,node2vec
2021,Nutrients,0.7557,0.4091,0.6239,1.0,node2vec
2021,Obesity,4.3077,3.3333,3.8795,1.0,node2vec
2021,Obesity Surgery,0.15,0.0,0.085,1.0,node2vec
2021,Obstetrics and Gynecology,1.0879,0.4615,0.7301,1.0,node2vec
2021,OncoImmunology,0.9333,0.3667,0.7236,1.0,node2vec
2021,Oncogene,0.3778,0.0667,0.1508,1.0,node2vec
2021,Open Forum Infectious Diseases,1.4286,0.7714,1.1101,1.0,node2vec
2021,Ophthalmology,0.8947,0.4316,0.6913,1.0,node2vec
2021,Orthopaedic Journal of Sports Medicine,0.3,0.2,0.2361,1.0,node2vec
2021,Osteoarthritis and Cartilage,0.7391,0.1739,0.4361,1.0,node2vec
2021,Osteoporosis International,0.6,0.4,0.4382,1.0,node2vec
2021,Oxidative Medicine and Cellular Longevity,0.3,0.025,0.2257,1.0,node2vec
2021,PEDIATRICS,1.9647,1.4824,1.7711,1.0,node2vec
2021,PLoS Biology,1.6667,0.7273,1.0789,1.0,node2vec
2021,PLoS Genetics,0.55,0.3,0.4507,1.0,node2vec
2021,PLoS Medicine,0.7179,0.2991,0.5083,1.0,node2vec
2021,PLoS ONE,0.7058,0.3388,0.5181,1.0,node2vec
2021,PLoS Pathogens,1.3875,0.8,1.0325,1.0,node2vec
2021,PLoS neglected tropical diseases,0.9455,0.2182,0.4994,1.0,node2vec
2021,Pain,0.5778,0.1556,0.3979,1.0,node2vec
2021,Parasites & Vectors,0.2917,0.0417,0.2158,1.0,node2vec
2021,PeerJ,0.9565,0.1304,0.5043,1.0,node2vec
2021,Pharmacological Research,0.8095,0.5952,0.6905,1.0,node2vec
2021,Physics in Medicine and Biology,1.3333,1.0833,1.2584,1.0,node2vec
2021,Physics of Fluids,4.9565,4.7391,4.9342,1.0,node2vec
2021,Phytomedicine,0.3846,0.1538,0.2766,1.0,node2vec
2021,Plastic & Reconstructive Surgery,0.4848,0.0606,0.1387,1.0,node2vec
2021,Preventive Medicine,1.2381,0.7143,0.9334,1.0,node2vec
2021,Proceedings of the National Academy of Sciences,2.076,1.3824,1.7209,1.0,node2vec
2021,PubMed,2.3114,0.5329,0.8377,1.0,node2vec
2021,Radiology,9.9842,7.8579,9.2415,1.0,node2vec
2021,Radiology Artificial Intelligence,2.7083,0.7083,1.6383,1.0,node2vec
2021,Radiology Cardiothoracic Imaging,10.8571,9.1905,9.8803,1.0,node2vec
2021,Radiotherapy and Oncology,1.8302,1.0566,1.5781,1.0,node2vec
2021,Redox Biology,0.7903,0.2258,0.5428,1.0,node2vec
2021,Regional Anesthesia & Pain Medicine,0.7586,0.3448,0.504,1.0,node2vec
2021,Reproductive Health,0.6296,0.1852,0.412,1.0,node2vec
2021,Respiratory Research,1.2667,0.7778,1.0261,1.0,node2vec
2021,Resuscitation,1.1667,0.5476,0.9341,1.0,node2vec
2021,Science,11.3317,9.7286,10.5263,1.0,node2vec
2021,Science Advances,1.1605,0.5309,0.7262,1.0,node2vec
2021,Science Immunology,5.05,4.525,4.7843,1.0,node2vec
2021,Science Translational Medicine,1.3353,0.6243,0.928,1.0,node2vec
2021,Scientific Data,1.913,0.4783,1.0849,1.0,node2vec
2021,Scientific Reports,0.7295,0.3793,0.5338,1.0,node2vec
2021,Sensors,1.125,0.5893,0.9025,1.0,node2vec
2021,Social Science & Medicine,0.75,0.5,0.5964,1.0,node2vec
2021,Stem Cell Reports,1.2692,0.4231,0.8953,1.0,node2vec
2021,Stem Cell Research & Therapy,0.3067,0.0667,0.1847,1.0,node2vec
2021,Stroke,1.0402,0.5172,0.8359,1.0,node2vec
2021,Surgery,0.2727,0.1212,0.2002,1.0,node2vec
2021,Surgical Endoscopy,0.5476,0.2143,0.3634,1.0,node2vec
2021,Telemedicine Journal and e-Health,1.381,0.381,0.7519,1.0,node2vec
2021,The American Journal of Emergency Medicine,0.9333,0.6333,0.8088,1.0,node2vec
2021,The American Journal of Gastroenterology,1.4655,1.1379,1.3128,1.0,node2vec
2021,The American Journal of Human Genetics,0.8276,0.2759,0.4157,1.0,node2vec
2021,The American Journal of Sports Medicine,0.4889,0.1444,0.2886,1.0,node2vec
2021,The American Journal of Surgical Pathology,0.5909,0.1818,0.3606,1.0,node2vec
2021,The Annals of Thoracic Surgery,0.6857,0.3143,0.5199,1.0,node2vec
2021,The Bone & Joint Journal,0.6154,0.1731,0.323,1.0,node2vec
2021,The EMBO Journal,3.475,2.175,2.6693,1.0,node2vec
2021,The FASEB Journal,0.7647,0.3922,0.5133,1.0,node2vec
2021,The Journal of Allergy and Clinical Immunology In Practice,1.0735,0.5294,0.8833,1.0,node2vec
2021,The Journal of Arthroplasty,0.5373,0.2388,0.3902,1.0,node2vec
2021,The Journal of Clinical Endocrinology & Metabolism,1.0,0.4034,0.721,1.0,node2vec
2021,The Journal of Experimental Medicine,1.7143,1.0794,1.3987,1.0,node2vec
2021,The Journal of Headache and Pain,0.8485,0.5152,0.7063,1.0,node2vec
2021,The Journal of Heart and Lung Transplantation,0.5652,0.1739,0.4621,1.0,node2vec
2021,The Journal of Immunology,1.75,1.0,1.3854,1.0,node2vec
2021,The Journal of Infectious Diseases,2.5253,1.8687,2.2849,1.0,node2vec
2021,The Journal of Pediatrics,1.7778,1.4167,1.6182,1.0,node2vec
2021,The Journal of Physiology,0.4286,0.0476,0.2437,1.0,node2vec
2021,The Journal of Strength and Conditioning Research,0.76,0.24,0.4711,1.0,node2vec
2021,"The Journal of Trauma: Injury, Infection, and Critical Care",0.65,0.35,0.503,1.0,node2vec
2021,The Journal of Urology,0.5686,0.1569,0.3436,1.0,node2vec
2021,The Journals of Gerontology Series A,1.75,0.7812,1.4505,1.0,node2vec
2021,The Lancet,21.8885,14.6047,19.867,1.0,node2vec
2021,The Lancet Child & Adolescent Health,3.0833,1.6111,2.6494,1.0,node2vec
2021,The Lancet Diabetes & Endocrinology,2.2542,1.3559,1.7222,1.0,node2vec
2021,The Lancet Digital Health,1.3478,0.3913,0.7945,1.0,node2vec
2021,The Lancet Global Health,1.6974,0.6447,1.0473,1.0,node2vec
2021,The Lancet HIV,1.3636,0.9697,1.2036,1.0,node2vec
2021,The Lancet Haematology,2.8793,1.8276,2.2219,1.0,node2vec
2021,The Lancet Infectious Diseases,8.4608,5.5686,7.6032,1.0,node2vec
2021,The Lancet Neurology,3.0435,1.1594,2.1203,1.0,node2vec
2021,The Lancet Oncology,3.695,1.79,2.7134,1.0,node2vec
2021,The Lancet Psychiatry,2.45,1.5,2.1376,1.0,node2vec
2021,The Lancet Public Health,2.7222,1.5,1.8264,1.0,node2vec
2021,The Lancet Respiratory Medicine,10.2605,7.3529,9.5158,1.0,node2vec
2021,The Lancet Rheumatology,3.6857,3.0,3.4183,1.0,node2vec
2021,The Medical Journal of Australia,2.3182,1.6364,1.9746,1.0,node2vec
2021,The Ocular Surface,0.3636,0.3182,0.3515,1.0,node2vec
2021,The Oncologist,0.68,0.38,0.5195,1.0,node2vec
2021,The Science of The Total Environment,4.5733,4.2267,4.381,1.0,node2vec
2021,The Spine Journal,0.3636,0.1818,0.3488,1.0,node2vec
2021,The journal of nutrition health & aging,1.65,0.8,1.4475,1.0,node2vec
2021,Theranostics,0.913,0.4783,0.7303,1.0,node2vec
2021,Thorax,0.4857,0.1714,0.3534,1.0,node2vec
2021,Thyroid,0.6458,0.1875,0.4995,1.0,node2vec
2021,Translational Psychiatry,0.2273,0.0455,0.1201,1.0,node2vec
2021,Trends in Food Science & Technology,0.35,0.1,0.241,1.0,node2vec
2021,UNC Libraries,0.913,0.1304,0.3579,1.0,node2vec
2021,Ultrasound in Obstetrics and Gynecology,1.2121,0.8485,1.0917,1.0,node2vec
2021,Unknown,1.1159,0.3598,0.6488,1.0,node2vec
2021,Vaccine,1.0938,0.4688,0.8326,1.0,node2vec
2021,Viruses,5.7021,3.9149,5.014,1.0,node2vec
2021,World Neurosurgery,0.6452,0.3226,0.5082,1.0,node2vec
2021,eLife,1.4678,0.8304,1.1597,1.0,node2vec
2021,iScience,0.8824,0.5294,0.6652,1.0,node2vec
2021,mBio,1.6593,0.8242,1.0945,1.0,node2vec
2021,mSphere,1.4762,1.2381,1.3307,1.0,node2vec
2021,npj Digital Medicine,1.6809,0.4255,1.0223,1.0,node2vec
2021,The Lancet. Gastroenterology & hepatology,5.8689,4.2295,5.4118,1.0,node2vec
2022,ACS Applied Materials & Interfaces,1.7286,1.2143,1.551,1.0,node2vec
2022,ACS Central Science,6.5455,6.3182,6.4515,1.0,node2vec
2022,ACS Nano,4.6479,3.9718,4.4082,1.0,node2vec
2022,ACS Omega,0.8846,0.6923,0.7443,1.0,node2vec
2022,AIDS and Behavior,2.1304,0.4783,1.4748,1.0,node2vec
2022,Academic Medicine,0.7083,0.0833,0.5412,1.0,node2vec
2022,Academic Radiology,1.8077,0.8846,1.4653,1.0,node2vec
2022,Acta Biomaterialia,0.8475,0.5763,0.7759,1.0,node2vec
2022,Acta Neuropathologica,3.2553,2.1064,2.9712,1.0,node2vec
2022,Acta Neuropathologica Communications,0.7143,0.381,0.5706,1.0,node2vec
2022,Acta Pharmaceutica Sinica B,2.7632,2.1842,2.479,1.0,node2vec
2022,Acta Pharmacologica Sinica,0.6897,0.4483,0.5988,1.0,node2vec
2022,Addiction,1.2941,0.5588,1.0371,1.0,node2vec
2022,Advanced Functional Materials,2.8933,2.0667,2.5833,1.0,node2vec
2022,Advanced Healthcare Materials,1.24,0.76,0.9508,1.0,node2vec
2022,Advanced Materials,0.75,0.5833,0.6298,1.0,node2vec
2022,Advanced Science,1.4286,0.4694,0.8849,1.0,node2vec
2022,Age and Ageing,2.0,1.1613,1.5169,1.0,node2vec
2022,Aging,1.5,1.0465,1.246,1.0,node2vec
2022,Aging Cell,1.5641,0.9231,1.1088,1.0,node2vec
2022,Alimentary Pharmacology & Therapeutics,1.1739,0.4783,0.829,1.0,node2vec
2022,Allergy,5.2182,4.7818,5.0777,1.0,node2vec
2022,Alzheimer s & Dementia,1.9136,0.8395,1.2621,1.0,node2vec
2022,Alzheimer s Research & Therapy,1.1304,0.8116,0.9889,1.0,node2vec
2022,American Journal of Clinical Nutrition,0.78,0.36,0.5884,1.0,node2vec
2022,American Journal of Hematology,2.1951,1.3415,1.9255,1.0,node2vec
2022,American Journal of Infection Control,3.2174,2.0435,2.9295,1.0,node2vec
2022,American Journal of Kidney Diseases,1.6744,1.186,1.3862,1.0,node2vec
2022,American Journal of Neuroradiology,1.1786,0.8214,1.0727,1.0,node2vec
2022,American Journal of Obstetrics & Gynecology MFM,6.5217,5.9565,6.3897,1.0,node2vec
2022,American Journal of Obstetrics and Gynecology,3.2184,2.4713,2.831,1.0,node2vec
2022,American Journal of Ophthalmology,1.2703,0.4324,0.7948,1.0,node2vec
2022,American Journal of Respiratory and Critical Care Medicine,2.6824,1.8765,2.2848,1.0,node2vec
2022,American Journal of Roentgenology,11.16,7.64,10.4652,1.0,node2vec
2022,American Journal of Transplantation,3.6893,3.0874,3.4175,1.0,node2vec
2022,American Journal of Tropical Medicine and Hygiene,2.1379,1.7931,1.9542,1.0,node2vec
2022,Anaesthesia,2.9333,2.0,2.6058,1.0,node2vec
2022,Analytical Chemistry,2.2174,2.2174,2.2174,1.0,node2vec
2022,Anesthesia & Analgesia,1.16,0.68,0.9879,1.0,node2vec
2022,Anesthesiology,1.5366,1.0732,1.2976,1.0,node2vec
2022,Angewandte Chemie International Edition,1.0345,0.6552,0.8598,1.0,node2vec
2022,Annals of Clinical and Translational Neurology,1.7143,1.4286,1.5381,1.0,node2vec
2022,Annals of Emergency Medicine,1.35,0.8,1.0064,1.0,node2vec
2022,Annals of Intensive Care,2.5,1.9667,2.1224,1.0,node2vec
2022,Annals of Internal Medicine,5.1667,3.8824,4.6258,1.0,node2vec
2022,Annals of Neurology,1.5294,0.8922,1.2289,1.0,node2vec
2022,Annals of Oncology,2.5879,1.4727,2.0783,1.0,node2vec
2022,Annals of Surgery,1.292,0.4248,0.7663,1.0,node2vec
2022,Annals of Surgical Oncology,0.4242,0.0606,0.189,1.0,node2vec
2022,Annals of Translational Medicine,3.25,2.5417,2.9003,1.0,node2vec
2022,Annals of the American Thoracic Society,2.3,1.5333,1.9099,1.0,node2vec
2022,Annals of the Rheumatic Diseases,3.0853,2.4419,2.725,1.0,node2vec
2022,Antimicrobial Agents and Chemotherapy,3.4545,2.9697,3.3477,1.0,node2vec
2022,Antioxidants,0.5139,0.1389,0.3376,1.0,node2vec
2022,Applied Intelligence,6.3,6.1,6.2661,1.0,node2vec
2022,Applied Sciences,2.0,0.9508,1.5099,1.0,node2vec
2022,Applied Soft Computing,4.3929,3.8214,4.2446,1.0,node2vec
2022,Arteriosclerosis Thrombosis and Vascular Biology,1.1429,0.5429,0.8493,1.0,node2vec
2022,Arthritis & Rheumatology,2.625,1.9375,2.2632,1.0,node2vec
2022,Arthroscopy The Journal of Arthroscopic and Related Surgery,0.0952,0.0476,0.0816,1.0,node2vec
2022,Autophagy,0.7363,0.4396,0.5933,1.0,node2vec
2022,BJOG An International Journal of Obstetrics & Gynaecology,2.2857,1.8,2.0722,1.0,node2vec
2022,BMC Cancer,0.4545,0.1688,0.271,1.0,node2vec
2022,BMC Geriatrics,0.4583,0.25,0.3249,1.0,node2vec
2022,BMC Health Services Research,0.8438,0.7188,0.7396,1.0,node2vec
2022,BMC Infectious Diseases,1.0588,0.9412,0.9817,1.0,node2vec
2022,BMC Medical Informatics and Decision Making,0.68,0.36,0.5485,1.0,node2vec
2022,BMC Medicine,1.3636,0.875,1.0907,1.0,node2vec
2022,BMC Musculoskeletal Disorders,0.2,0.08,0.1521,1.0,node2vec
2022,BMC Pregnancy and Childbirth,0.3377,0.1429,0.2123,1.0,node2vec
2022,BMC Psychiatry,0.1818,0.0909,0.1591,1.0,node2vec
2022,BMC Public Health,0.4412,0.1667,0.3009,1.0,node2vec
2022,BMC Women s Health,0.25,0.2,0.2385,1.0,node2vec
2022,BMJ,8.2573,6.5477,7.3068,1.0,node2vec
2022,BMJ Global Health,1.1304,0.7609,0.9862,1.0,node2vec
2022,BMJ Open,1.3019,0.8208,1.1056,1.0,node2vec
2022,BMJ Open Diabetes Research & Care,1.3636,0.9697,1.2228,1.0,node2vec
2022,BioMed Research International,0.8421,0.5263,0.7039,1.0,node2vec
2022,Bioactive Materials,1.1077,0.7846,1.0146,1.0,node2vec
2022,Biochemical and Biophysical Research Communications,3.0455,1.8636,2.5743,1.0,node2vec
2022,Biomaterials,1.0333,0.5111,0.7996,1.0,node2vec
2022,Biomedical Signal Processing and Control,1.3571,1.1071,1.2664,1.0,node2vec
2022,Biomedicine & Pharmacotherapy,0.5873,0.2698,0.4094,1.0,node2vec
2022,Biomolecules,0.75,0.2917,0.582,1.0,node2vec
2022,Biosensors and Bioelectronics,2.1765,1.7647,2.1135,1.0,node2vec
2022,Blood,1.9676,1.4604,1.7098,1.0,node2vec
2022,Blood Advances,1.4485,0.9515,1.191,1.0,node2vec
2022,Blood Cancer Journal,1.1154,0.8077,1.0032,1.0,node2vec
2022,Brain,1.6912,1.2868,1.5111,1.0,node2vec
2022,Brain Behavior and Immunity,2.0323,1.6452,1.8787,1.0,node2vec
2022,Brain Communications,1.25,0.75,0.9028,1.0,node2vec
2022,Breast Cancer Research and Treatment,0.7,0.25,0.3866,1.0,node2vec
2022,British Journal of Anaesthesia,0.8163,0.3878,0.6216,1.0,node2vec
2022,British Journal of Cancer,0.7143,0.2321,0.5292,1.0,node2vec
2022,British Journal of Dermatology,2.5294,1.8824,2.2682,1.0,node2vec
2022,British Journal of Haematology,2.8378,2.4865,2.67,1.0,node2vec
2022,British Journal of Ophthalmology,1.3784,0.8378,1.2565,1.0,node2vec
2022,British Journal of Pharmacology,1.0,0.65,0.7994,1.0,node2vec
2022,British Journal of Sports Medicine,1.9444,0.8333,1.6683,1.0,node2vec
2022,British journal of surgery,1.8857,0.7714,1.5489,1.0,node2vec
2022,Building and Environment,2.7931,2.4483,2.6826,1.0,node2vec
2022,CHEST Journal,2.8868,2.4057,2.6209,1.0,node2vec
2022,Canadian Medical Association Journal,2.0,1.4242,1.6145,1.0,node2vec
2022,Cancer,1.0795,0.3864,0.7516,1.0,node2vec
2022,Cancer Cell,2.1333,1.1467,1.7443,1.0,node2vec
2022,Cancer Cell International,0.381,0.1429,0.252,1.0,node2vec
2022,Cancer Discovery,2.1712,1.3784,1.7846,1.0,node2vec
2022,Cancer Epidemiology Biomarkers & Prevention,0.45,0.25,0.3828,1.0,node2vec
2022,Cancer Immunology Immunotherapy,0.7586,0.3448,0.6032,1.0,node2vec
2022,Cancer Immunology Research,0.5238,0.2857,0.3889,1.0,node2vec
2022,Cancer Letters,0.3929,0.1071,0.2548,1.0,node2vec
2022,Cancer Medicine,0.6579,0.2632,0.446,1.0,node2vec
2022,Cancer Research,0.4306,0.2222,0.3367,1.0,node2vec
2022,Cancer Science,0.7826,0.087,0.2535,1.0,node2vec
2022,Cancers,0.5849,0.3396,0.4711,1.0,node2vec
2022,Carbohydrate Polymers,0.7167,0.5,0.6471,1.0,node2vec
2022,Cardiovascular Diabetology,2.0253,1.2785,1.7219,1.0,node2vec
2022,Cardiovascular Research,2.9375,2.7083,2.8065,1.0,node2vec
2022,Cell,28.1964,26.9554,27.5753,1.0,node2vec
2022,Cell Death and Differentiation,0.9412,0.4412,0.7028,1.0,node2vec
2022,Cell Death and Disease,0.6419,0.1959,0.4263,1.0,node2vec
2022,Cell Discovery,5.7727,3.3182,4.6771,1.0,node2vec
2022,Cell Host & Microbe,17.1974,15.75,16.8545,1.0,node2vec
2022,Cell Metabolism,2.8681,2.033,2.4253,1.0,node2vec
2022,Cell Proliferation,1.45,1.0,1.1826,1.0,node2vec
2022,Cell Reports,2.5622,2.0507,2.2395,1.0,node2vec
2022,Cell Reports Medicine,5.7895,5.5614,5.7176,1.0,node2vec
2022,Cell Research,6.1818,5.2424,5.7669,1.0,node2vec
2022,Cell stem cell,2.6538,1.7179,2.1999,1.0,node2vec
2022,Cells,1.2097,1.0323,1.13,1.0,node2vec
2022,Cellular and Molecular Gastroenterology and Hepatology,0.5,0.2917,0.4293,1.0,node2vec
2022,Cellular and Molecular Immunology,11.0,8.7917,10.7429,1.0,node2vec
2022,Cephalalgia,1.6296,0.8889,1.3628,1.0,node2vec
2022,Chaos Solitons & Fractals,4.9655,4.3448,4.7266,1.0,node2vec
2022,Chemical Engineering Journal,2.2297,1.6351,2.0139,1.0,node2vec
2022,Chinese Medical Journal,16.0,6.95,10.8495,1.0,node2vec
2022,Circulation,3.3801,1.9668,2.6084,1.0,node2vec
2022,Circulation Arrhythmia and Electrophysiology,1.1395,0.6744,0.9032,1.0,node2vec
2022,Circulation Heart Failure,1.3056,0.5833,0.955,1.0,node2vec
2022,Circulation Research,1.7467,1.2133,1.4286,1.0,node2vec
2022,Clinica Chimica Acta,5.4167,4.5,5.2014,1.0,node2vec
2022,Clinical Cancer Research,1.0714,0.5188,0.8343,1.0,node2vec
2022,Clinical Chemistry,8.9091,3.7273,7.3158,1.0,node2vec
2022,Clinical Chemistry and Laboratory Medicine (CCLM),8.5185,8.037,8.4004,1.0,node2vec
2022,Clinical Gastroenterology and Hepatology,1.9432,1.1818,1.4445,1.0,node2vec
2022,Clinical Infectious Diseases,9.2663,7.5071,8.8387,1.0,node2vec
2022,Clinical Journal of the American Society of Nephrology,1.7925,1.2642,1.599,1.0,node2vec
2022,Clinical Medicine,1.1154,0.7308,1.0205,1.0,node2vec
2022,Clinical Microbiology and Infection,4.6344,4.129,4.5413,1.0,node2vec
2022,Clinical Nutrition,0.6912,0.4265,0.5805,1.0,node2vec
2022,Clinical and Translational Medicine,1.5667,0.7,1.1197,1.0,node2vec
2022,Cochrane Database of Systematic Reviews,1.913,1.7826,1.8142,1.0,node2vec
2022,Communications Biology,1.0426,0.7021,0.9063,1.0,node2vec
2022,Computer Methods and Programs in Biomedicine,3.8333,3.0185,3.3884,1.0,node2vec
2022,Computers in Biology and Medicine,3.7115,3.3558,3.5891,1.0,node2vec
2022,Critical Care,2.4135,1.391,1.8737,1.0,node2vec
2022,Critical Care Medicine,2.88,2.08,2.4443,1.0,node2vec
2022,Cureus,4.3182,3.3182,4.0001,1.0,node2vec
2022,Current Biology,7.0952,6.0,6.8513,1.0,node2vec
2022,Developmental Cell,1.5128,0.9744,1.2779,1.0,node2vec
2022,Diabetes,1.0,0.6207,0.702,1.0,node2vec
2022,Diabetes & Metabolic Syndrome Clinical Research & Reviews,3.7333,1.9,3.1912,1.0,node2vec
2022,Diabetes Care,1.9664,1.1745,1.6506,1.0,node2vec
2022,Diabetes Obesity and Metabolism,2.1111,1.3778,1.8455,1.0,node2vec
2022,Diabetes Research and Clinical Practice,1.8,1.0222,1.5224,1.0,node2vec
2022,Diabetes Technology & Therapeutics,2.0,0.9062,1.6586,1.0,node2vec
2022,Diabetes/Metabolism Research and Reviews,6.625,5.6667,6.2819,1.0,node2vec
2022,Diabetologia,1.7895,1.4211,1.5367,1.0,node2vec
2022,Diagnostics,1.4359,1.1026,1.3786,1.0,node2vec
2022,Drug Design Development and Therapy,0.25,0.15,0.15,1.0,node2vec
2022,Drug and Alcohol Dependence,1.375,0.8125,1.196,1.0,node2vec
2022,EBioMedicine,2.4364,2.2364,2.3705,1.0,node2vec
2022,EClinicalMedicine,3.521,3.1933,3.4125,1.0,node2vec
2022,EMBO Molecular Medicine,2.6389,1.8611,2.1949,1.0,node2vec
2022,EP Europace,0.641,0.5641,0.6123,1.0,node2vec
2022,ERJ Open Research,3.3,2.9,3.2352,1.0,node2vec
2022,ESC Heart Failure,0.8621,0.5517,0.6302,1.0,node2vec
2022,ESMO Open,0.7353,0.3824,0.6421,1.0,node2vec
2022,Emerging Microbes & Infections,14.8169,10.2958,14.1235,1.0,node2vec
2022,Emerging infectious diseases,8.9138,6.8879,8.3652,1.0,node2vec
2022,Endoscopy,0.8108,0.4865,0.6988,1.0,node2vec
2022,Environmental Research,3.3333,2.5417,3.0061,1.0,node2vec
2022,Epilepsia,1.3421,0.6316,1.0634,1.0,node2vec
2022,EuroIntervention,1.0323,0.5806,0.7635,1.0,node2vec
2022,European Heart Journal,3.0887,1.6169,2.2898,1.0,node2vec
2022,European Heart Journal - Cardiovascular Imaging,0.9737,0.6579,0.8466,1.0,node2vec
2022,European Journal of Cancer,1.0109,0.5652,0.8282,1.0,node2vec
2022,European Journal of Heart Failure,2.5063,1.6709,2.0705,1.0,node2vec
2022,European Journal of Neurology,2.5,1.7895,2.1218,1.0,node2vec
2022,European Journal of Nuclear Medicine and Molecular Imaging,2.2439,1.7967,2.1018,1.0,node2vec
2022,European Journal of Pharmacology,0.5238,0.2381,0.4035,1.0,node2vec
2022,European Journal of Preventive Cardiology,1.6364,0.6667,1.1128,1.0,node2vec
2022,European Journal of Radiology,4.1364,3.7273,3.9605,1.0,node2vec
2022,European Radiology,2.5921,1.9474,2.4102,1.0,node2vec
2022,European Respiratory Journal,4.7244,4.0705,4.5183,1.0,node2vec
2022,European Urology,1.3412,0.6353,1.0256,1.0,node2vec
2022,Eurosurveillance,14.622,5.8293,7.2555,1.0,node2vec
2022,Expert Systems with Applications,1.7,1.4,1.6156,1.0,node2vec
2022,Fertility and Sterility,1.413,1.1304,1.2813,1.0,node2vec
2022,Food & Function,0.475,0.2,0.309,1.0,node2vec
2022,Food Chemistry,0.6744,0.3953,0.5494,1.0,node2vec
2022,Food Research International,0.6667,0.3333,0.5381,1.0,node2vec
2022,Foods,0.6042,0.1875,0.4295,1.0,node2vec
2022,Free Radical Biology and Medicine,1.1333,0.5333,0.9281,1.0,node2vec
2022,Frontiers in Aging Neuroscience,0.1923,0.1538,0.1538,1.0,node2vec
2022,Frontiers in Bioengineering and Biotechnology,1.2273,0.6818,0.9777,1.0,node2vec
2022,Frontiers in Cardiovascular Medicine,0.5417,0.5,0.5353,1.0,node2vec
2022,Frontiers in Cell and Developmental Biology,0.4324,0.4054,0.427,1.0,node2vec
2022,Frontiers in Cellular and Infection Microbiology,0.9268,0.7073,0.8019,1.0,node2vec
2022,Frontiers in Endocrinology,0.5714,0.3571,0.5003,1.0,node2vec
2022,Frontiers in Genetics,0.6667,0.4444,0.5696,1.0,node2vec
2022,Frontiers in Immunology,1.2798,1.0596,1.1691,1.0,node2vec
2022,Frontiers in Medicine,1.6842,1.3947,1.5436,1.0,node2vec
2022,Frontiers in Microbiology,1.5957,1.1702,1.259,1.0,node2vec
2022,Frontiers in Neurology,0.8333,0.5909,0.7192,1.0,node2vec
2022,Frontiers in Neuroscience,0.45,0.15,0.3125,1.0,node2vec
2022,Frontiers in Nutrition,0.2,0.05,0.1576,1.0,node2vec
2022,Frontiers in Oncology,0.3874,0.1622,0.2828,1.0,node2vec
2022,Frontiers in Pharmacology,0.6699,0.3107,0.4534,1.0,node2vec
2022,Frontiers in Physiology,1.0,0.6486,0.7962,1.0,node2vec
2022,Frontiers in Psychiatry,0.9643,0.7857,0.8774,1.0,node2vec
2022,Frontiers in Psychology,0.2917,0.125,0.2325,1.0,node2vec
2022,Frontiers in Public Health,2.375,1.9792,2.2635,1.0,node2vec
2022,Future Oncology,0.76,0.56,0.7368,1.0,node2vec
2022,Gastric Cancer,0.6,0.35,0.4802,1.0,node2vec
2022,Gastroenterology,1.989,1.1044,1.6435,1.0,node2vec
2022,Gastrointestinal Endoscopy,1.25,0.7321,0.9809,1.0,node2vec
2022,Genetics in Medicine,0.5185,0.1481,0.3813,1.0,node2vec
2022,Genome Medicine,3.0312,2.3125,2.7309,1.0,node2vec
2022,Gut,2.2593,1.563,1.9261,1.0,node2vec
2022,Gut Microbes,0.3462,0.1154,0.1481,1.0,node2vec
2022,Gynecologic Oncology,0.4,0.1429,0.2413,1.0,node2vec
2022,Haematologica,1.05,0.475,0.7228,1.0,node2vec
2022,Headache The Journal of Head and Face Pain,1.6296,1.3704,1.5542,1.0,node2vec
2022,Health Affairs,2.6087,0.913,1.1013,1.0,node2vec
2022,Health and Quality of Life Outcomes,0.45,0.3,0.3,1.0,node2vec
2022,Heart,1.7857,1.3929,1.5916,1.0,node2vec
2022,Heart Rhythm,1.5294,1.2647,1.441,1.0,node2vec
2022,Heliyon,0.6944,0.5556,0.6203,1.0,node2vec
2022,Hepatology,1.2615,0.6231,0.9728,1.0,node2vec
2022,Hepatology Communications,0.64,0.24,0.5184,1.0,node2vec
2022,Human Reproduction,0.7586,0.3448,0.622,1.0,node2vec
2022,Hypertension,1.506,0.8554,1.1089,1.0,node2vec
2022,IEEE Access,2.3357,1.6224,1.9953,1.0,node2vec
2022,IEEE Journal of Biomedical and Health Informatics,1.541,1.0164,1.2963,1.0,node2vec
2022,IEEE Transactions on Medical Imaging,3.6575,3.1781,3.4484,1.0,node2vec
2022,Immunity,7.6543,7.1111,7.38,1.0,node2vec
2022,Indian Journal of Ophthalmology,1.1304,0.7391,1.0548,1.0,node2vec
2022,Industrial Crops and Products,0.6667,0.0741,0.2821,1.0,node2vec
2022,Informatics in Medicine Unlocked,4.5652,3.9565,4.3851,1.0,node2vec
2022,Intensive Care Medicine,11.7619,6.1905,9.4855,1.0,node2vec
2022,International Immunopharmacology,1.3333,1.2,1.2828,1.0,node2vec
2022,International Journal of Antimicrobial Agents,18.8387,16.0968,18.1716,1.0,node2vec
2022,International Journal of Behavioral Nutrition and Physical Activity,0.6,0.2,0.4687,1.0,node2vec
2022,International Journal of Biological Macromolecules,0.7094,0.3846,0.5785,1.0,node2vec
2022,International Journal of Biological Sciences,0.875,0.5625,0.6639,1.0,node2vec
2022,International Journal of Cancer,0.9302,0.3721,0.6694,1.0,node2vec
2022,International Journal of Cardiology,1.4545,1.1818,1.3931,1.0,node2vec
2022,International Journal of Drug Policy,1.5161,0.9032,1.2752,1.0,node2vec
2022,International Journal of Environmental Research and Public Health,0.9909,0.653,0.8556,1.0,node2vec
2022,International Journal of Epidemiology,1.8788,1.2424,1.6595,1.0,node2vec
2022,International Journal of Gynecology & Obstetrics,3.8387,2.3226,3.389,1.0,node2vec
2022,International Journal of Infectious Diseases,4.6103,3.6985,4.3676,1.0,node2vec
2022,International Journal of Molecular Sciences,0.9219,0.7031,0.8071,1.0,node2vec
2022,International Journal of Nanomedicine,0.3103,0.1724,0.2477,1.0,node2vec
2022,International Journal of Pharmaceutics,0.6,0.1,0.4785,1.0,node2vec
2022,International Journal of Radiation Oncology*Biology*Physics,1.3833,0.8167,1.119,1.0,node2vec
2022,International Journal of Stroke,2.75,2.4,2.4469,1.0,node2vec
2022,Investigative Ophthalmology & Visual Science,0.9394,0.4545,0.7258,1.0,node2vec
2022,JACC Heart Failure,1.5,0.7059,1.0829,1.0,node2vec
2022,JACC. Cardiovascular imaging,1.3188,1.087,1.2198,1.0,node2vec
2022,JACC. Clinical electrophysiology,0.9655,0.7241,0.8665,1.0,node2vec
2022,JACC: Cardiovascular Interventions,1.4318,0.8409,1.1903,1.0,node2vec
2022,JAMA,18.677,12.1758,16.4723,1.0,node2vec
2022,JAMA Cardiology,7.687,6.4348,7.1407,1.0,node2vec
2022,JAMA Dermatology,1.2093,0.6279,0.9744,1.0,node2vec
2022,JAMA Internal Medicine,9.6759,8.3148,9.0504,1.0,node2vec
2022,JAMA Network Open,1.7255,1.1128,1.415,1.0,node2vec
2022,JAMA Neurology,4.8319,3.4538,4.3526,1.0,node2vec
2022,JAMA Oncology,2.3088,1.1103,1.6709,1.0,node2vec
2022,JAMA Ophthalmology,2.35,0.75,1.2726,1.0,node2vec
2022,JAMA Pediatrics,4.2105,3.3509,3.8826,1.0,node2vec
2022,JAMA Psychiatry,1.1277,0.383,0.7857,1.0,node2vec
2022,JAMA Surgery,0.9405,0.25,0.6029,1.0,node2vec
2022,JCI Insight,2.3478,1.7565,2.0744,1.0,node2vec
2022,JHEP Reports,0.35,0.25,0.3429,1.0,node2vec
2022,JMIR Public Health and Surveillance,4.8696,2.3478,4.0705,1.0,node2vec
2022,JMIR mhealth and uhealth,0.3478,0.1739,0.2464,1.0,node2vec
2022,JNCI Journal of the National Cancer Institute,1.1475,0.3934,0.8127,1.0,node2vec
2022,Journal for ImmunoTherapy of Cancer,0.9144,0.4439,0.6851,1.0,node2vec
2022,Journal of Affective Disorders,1.4651,0.8605,1.2522,1.0,node2vec
2022,Journal of Agricultural and Food Chemistry,0.8333,0.3704,0.5337,1.0,node2vec
2022,Journal of Allergy and Clinical Immunology,4.2857,3.6633,4.0923,1.0,node2vec
2022,Journal of Alzheimer s Disease,1.303,1.0,1.2468,1.0,node2vec
2022,Journal of Biological Chemistry,4.6571,3.8857,4.5493,1.0,node2vec
2022,Journal of Biomolecular Structure and Dynamics,4.5946,4.0,4.4354,1.0,node2vec
2022,Journal of Bone and Joint Surgery,2.2195,0.9512,1.4805,1.0,node2vec
2022,Journal of Bone and Mineral Research,0.7941,0.3235,0.5443,1.0,node2vec
2022,Journal of Cachexia Sarcopenia and Muscle,1.0426,0.2553,0.5277,1.0,node2vec
2022,Journal of Cellular and Molecular Medicine,0.825,0.25,0.4791,1.0,node2vec
2022,Journal of Clinical Investigation,4.7632,4.0526,4.356,1.0,node2vec
2022,Journal of Clinical Medicine,1.3206,1.0534,1.2156,1.0,node2vec
2022,Journal of Clinical Microbiology,8.6667,7.4568,8.3505,1.0,node2vec
2022,Journal of Clinical Oncology,1.8554,0.798,1.3648,1.0,node2vec
2022,Journal of Clinical Virology,7.0278,5.4444,6.7114,1.0,node2vec
2022,Journal of Controlled Release,0.5405,0.2703,0.4105,1.0,node2vec
2022,Journal of Cystic Fibrosis,0.7143,0.2857,0.5252,1.0,node2vec
2022,Journal of Ethnopharmacology,0.2432,0.1351,0.2234,1.0,node2vec
2022,Journal of Experimental & Clinical Cancer Research,0.2778,0.1389,0.2226,1.0,node2vec
2022,Journal of Functional Foods,0.2609,0.1304,0.2024,1.0,node2vec
2022,Journal of Fungi,2.5,2.5,2.5,1.0,node2vec
2022,Journal of Gastroenterology and Hepatology,0.85,0.35,0.7042,1.0,node2vec
2022,Journal of General Internal Medicine,2.2941,1.0294,1.3261,1.0,node2vec
2022,Journal of Hazardous Materials,1.0,0.65,0.8384,1.0,node2vec
2022,Journal of Hematology & Oncology,1.814,1.2558,1.5213,1.0,node2vec
2022,Journal of Hepatology,1.5521,0.9018,1.2388,1.0,node2vec
2022,Journal of Hospital Infection,2.3667,1.2667,1.7727,1.0,node2vec
2022,Journal of Infection,11.0189,9.8679,10.8251,1.0,node2vec
2022,Journal of Investigative Dermatology,0.6,0.25,0.3506,1.0,node2vec
2022,Journal of Korean Medical Science,7.5714,3.9643,6.6003,1.0,node2vec
2022,Journal of Magnetic Resonance Imaging,0.6667,0.2857,0.5656,1.0,node2vec
2022,Journal of Medical Internet Research,1.3655,0.7379,1.1195,1.0,node2vec
2022,Journal of Medical Virology,9.1279,7.343,8.0072,1.0,node2vec
2022,Journal of Medicinal Chemistry,0.5536,0.3393,0.444,1.0,node2vec
2022,Journal of Molecular Structure,0.913,0.6522,0.7715,1.0,node2vec
2022,Journal of Nanobiotechnology,0.2857,0.1786,0.2332,1.0,node2vec
2022,Journal of NeuroInterventional Surgery,0.7727,0.4545,0.6094,1.0,node2vec
2022,Journal of Neuroinflammation,0.5479,0.1507,0.308,1.0,node2vec
2022,Journal of Neurology,1.1389,0.9444,1.0646,1.0,node2vec
2022,Journal of Neurology Neurosurgery & Psychiatry,1.4634,0.9512,1.2275,1.0,node2vec
2022,Journal of Neuroscience,0.4857,0.2,0.3285,1.0,node2vec
2022,Journal of Nuclear Medicine,1.5443,1.0633,1.3278,1.0,node2vec
2022,Journal of Pain and Symptom Management,2.25,0.7917,1.0844,1.0,node2vec
2022,Journal of Shoulder and Elbow Surgery,0.75,0.125,0.4158,1.0,node2vec
2022,Journal of Thoracic Oncology,2.3261,1.8043,2.1029,1.0,node2vec
2022,Journal of Thoracic and Cardiovascular Surgery,0.5,0.25,0.3517,1.0,node2vec
2022,Journal of Thrombosis and Haemostasis,18.35,16.2167,17.9888,1.0,node2vec
2022,Journal of Translational Medicine,2.9123,2.3684,2.6388,1.0,node2vec
2022,Journal of Vascular Surgery,1.04,0.6,0.8428,1.0,node2vec
2022,Journal of Virology,9.8966,8.0,9.6756,1.0,node2vec
2022,Journal of the American Academy of Dermatology,2.037,0.9074,1.4711,1.0,node2vec
2022,Journal of the American Chemical Society,0.5106,0.3617,0.4169,1.0,node2vec
2022,Journal of the American College of Cardiology,2.1699,1.2934,1.8056,1.0,node2vec
2022,Journal of the American Geriatrics Society,2.0789,1.1053,1.7327,1.0,node2vec
2022,Journal of the American Heart Association,0.9769,0.3769,0.6811,1.0,node2vec
2022,Journal of the American Medical Directors Association,2.8571,1.0714,1.6377,1.0,node2vec
2022,Journal of the American Medical Informatics Association,4.1111,1.6667,3.5117,1.0,node2vec
2022,Journal of the American Society of Echocardiography,0.6957,0.3913,0.5274,1.0,node2vec
2022,Journal of the American Society of Nephrology,2.8416,2.4257,2.6557,1.0,node2vec
2022,Journal of the European Academy of Dermatology and Venereology,2.7667,1.9333,2.4498,1.0,node2vec
2022,Journal of the International AIDS Society,2.2963,1.0741,1.6949,1.0,node2vec
2022,Journal of the National Comprehensive Cancer Network,1.6087,0.7174,1.1441,1.0,node2vec
2022,Kidney International,5.9773,5.1136,5.6891,1.0,node2vec
2022,Kidney International Reports,2.3438,1.7812,2.1019,1.0,node2vec
2022,Knee Surgery Sports Traumatology Arthroscopy,0.8235,0.5294,0.6754,1.0,node2vec
2022,LWT,0.5345,0.1724,0.4119,1.0,node2vec
2022,Lara D. Veeken,0.6,0.4,0.5403,1.0,node2vec
2022,Leukemia,1.6712,1.1644,1.4079,1.0,node2vec
2022,Life Sciences,1.2381,0.381,0.9299,1.0,node2vec
2022,Lipids in Health and Disease,1.1,0.4667,0.7961,1.0,node2vec
2022,Liver Cancer,0.8182,0.3636,0.4874,1.0,node2vec
2022,Liver International,3.1818,2.5152,2.887,1.0,node2vec
2022,Lung Cancer,0.6,0.2667,0.5493,1.0,node2vec
2022,MMWR Morbidity and Mortality Weekly Report,9.2991,5.2103,7.5966,1.0,node2vec
2022,Magnetic Resonance in Medicine,0.9524,0.6667,0.8265,1.0,node2vec
2022,Malaria Journal,0.8108,0.3243,0.5161,1.0,node2vec
2022,Materials Science and Engineering C,1.093,0.4651,0.7828,1.0,node2vec
2022,Mayo Clinic Proceedings,3.8966,2.8276,3.5717,1.0,node2vec
2022,Med,5.5217,5.2609,5.4699,1.0,node2vec
2022,Medical Hypotheses,3.1724,2.7931,3.0525,1.0,node2vec
2022,Medical Image Analysis,1.4051,0.7215,0.9989,1.0,node2vec
2022,Medical Physics,2.16,1.92,2.066,1.0,node2vec
2022,Medicine,1.0645,0.6452,0.9301,1.0,node2vec
2022,Metabolism,2.75,2.6562,2.7291,1.0,node2vec
2022,Modern Pathology,3.1667,2.7917,2.9819,1.0,node2vec
2022,Molecular Cancer Therapeutics,0.9048,0.3333,0.6345,1.0,node2vec
2022,Molecular Cell,4.2955,3.75,3.9822,1.0,node2vec
2022,Molecular Metabolism,0.2727,0.1818,0.2508,1.0,node2vec
2022,Molecular Neurodegeneration,0.6667,0.3333,0.482,1.0,node2vec
2022,Molecular Psychiatry,1.6765,1.3824,1.5524,1.0,node2vec
2022,Molecular Therapy,0.8519,0.2593,0.431,1.0,node2vec
2022,Molecules,0.4268,0.1951,0.3084,1.0,node2vec
2022,Movement Disorders,1.1481,0.7037,0.9974,1.0,node2vec
2022,Multiple Sclerosis Journal,1.2727,0.5909,0.9065,1.0,node2vec
2022,Multiple Sclerosis and Related Disorders,2.0,1.0952,1.7068,1.0,node2vec
2022,Nano Letters,1.5,1.2727,1.4355,1.0,node2vec
2022,Nature,21.8532,17.6228,20.4342,1.0,node2vec
2022,Nature Biomedical Engineering,0.8868,0.5472,0.7254,1.0,node2vec
2022,Nature Biotechnology,7.0,5.6047,6.1539,1.0,node2vec
2022,Nature Cancer,2.4194,1.129,1.7966,1.0,node2vec
2022,Nature Cell Biology,2.4595,0.8649,1.6217,1.0,node2vec
2022,Nature Chemical Biology,2.0,0.9231,1.4217,1.0,node2vec
2022,Nature Communications,2.5954,1.9831,2.2469,1.0,node2vec
2022,Nature Genetics,2.6061,1.4242,2.1157,1.0,node2vec
2022,Nature Immunology,7.037,6.3148,6.6219,1.0,node2vec
2022,Nature Machine Intelligence,4.65,4.05,4.296,1.0,node2vec
2022,Nature Medicine,13.4239,10.6626,12.2918,1.0,node2vec
2022,Nature Metabolism,1.2321,0.8036,1.0318,1.0,node2vec
2022,Nature Microbiology,18.04,13.76,17.2328,1.0,node2vec
2022,Nature Neuroscience,1.0,0.5333,0.6652,1.0,node2vec
2022,Nature Protocols,1.05,0.65,0.7922,1.0,node2vec
2022,Nature Structural & Molecular Biology,9.4333,8.9667,9.4018,1.0,node2vec
2022,Nephrology Dialysis Transplantation,2.7667,2.2,2.6815,1.0,node2vec
2022,Neural Computing and Applications,1.0909,0.9545,1.0707,1.0,node2vec
2022,Neuro-Oncology,0.6375,0.2375,0.3904,1.0,node2vec
2022,NeuroImage,0.9859,0.5493,0.825,1.0,node2vec
2022,NeuroImage Clinical,0.65,0.3,0.4765,1.0,node2vec
2022,Neurobiology of Disease,1.1,0.8,1.0146,1.0,node2vec
2022,Neurology,1.9636,1.0955,1.5995,1.0,node2vec
2022,Neurology Neuroimmunology & Neuroinflammation,1.6604,1.0189,1.3926,1.0,node2vec
2022,Neuron,1.3111,0.5111,0.9772,1.0,node2vec
2022,New England Journal of Medicine,26.1419,17.8284,20.5879,1.0,node2vec
2022,Nucleic Acids Research,1.0513,0.2564,0.5556,1.0,node2vec
2022,Nutrients,0.974,0.6234,0.81,1.0,node2vec
2022,Obesity,7.1667,5.7,6.4803,1.0,node2vec
2022,Obstetrics and Gynecology,1.6,0.88,1.2084,1.0,node2vec
2022,OncoImmunology,0.3913,0.1739,0.286,1.0,node2vec
2022,Oncogene,0.2759,0.1379,0.192,1.0,node2vec
2022,Open Forum Infectious Diseases,2.1842,1.8158,2.0055,1.0,node2vec
2022,Ophthalmology,0.8506,0.5057,0.6838,1.0,node2vec
2022,Oxidative Medicine and Cellular Longevity,0.5909,0.1591,0.349,1.0,node2vec
2022,PEDIATRICS,2.9444,2.3778,2.7258,1.0,node2vec
2022,PLoS Biology,3.3488,2.2326,2.9038,1.0,node2vec
2022,PLoS Medicine,1.3333,0.7905,1.0618,1.0,node2vec
2022,PLoS ONE,1.2248,0.874,1.0808,1.0,node2vec
2022,PLoS Pathogens,3.2442,2.8605,3.0618,1.0,node2vec
2022,PLoS neglected tropical diseases,0.7561,0.3659,0.5768,1.0,node2vec
2022,Pain,0.75,0.25,0.4868,1.0,node2vec
2022,Pathogens,1.9048,1.6667,1.7477,1.0,node2vec
2022,Pattern Recognition,2.15,1.8,1.8931,1.0,node2vec
2022,Pharmaceutics,0.75,0.15,0.3529,1.0,node2vec
2022,Pharmacological Research,1.2174,0.8478,1.0208,1.0,node2vec
2022,Physics of Fluids,7.3158,7.0263,7.2413,1.0,node2vec
2022,Phytomedicine,0.5,0.1944,0.3871,1.0,node2vec
2022,Plastic & Reconstructive Surgery,0.2,0.0,0.0834,1.0,node2vec
2022,Preventive Medicine,0.8095,0.1905,0.5897,1.0,node2vec
2022,Proceedings of the National Academy of Sciences,3.8175,3.0317,3.473,1.0,node2vec
2022,PubMed,3.5761,0.8313,1.2126,1.0,node2vec
2022,Radiology,15.4327,12.4444,14.3619,1.0,node2vec
2022,Radiology Cardiothoracic Imaging,14.125,12.375,13.0416,1.0,node2vec
2022,Radiotherapy and Oncology,0.9762,0.5476,0.7842,1.0,node2vec
2022,Redox Biology,0.7875,0.3375,0.5671,1.0,node2vec
2022,Regional Anesthesia & Pain Medicine,0.6087,0.1304,0.4202,1.0,node2vec
2022,Reproductive Health,0.3077,0.0385,0.1585,1.0,node2vec
2022,Respiratory Medicine,2.0476,1.5714,1.946,1.0,node2vec
2022,Respiratory Research,2.3111,1.9556,2.0795,1.0,node2vec
2022,Resuscitation,3.3514,2.7297,3.0741,1.0,node2vec
2022,Science,24.811,22.8189,23.8414,1.0,node2vec
2022,Science Advances,1.7455,1.0804,1.4193,1.0,node2vec
2022,Science Immunology,10.4493,9.8986,10.1167,1.0,node2vec
2022,Science Translational Medicine,2.5657,1.8586,2.1915,1.0,node2vec
2022,Scientific Data,2.1154,0.8462,1.4756,1.0,node2vec
2022,Scientific Reports,1.168,0.7892,0.9499,1.0,node2vec
2022,Sensors,1.1351,0.6757,0.8796,1.0,node2vec
2022,Signal Transduction and Targeted Therapy,1.566,1.3585,1.5122,1.0,node2vec
2022,Stem Cell Reports,0.6,0.4,0.4484,1.0,node2vec
2022,Stem Cell Research & Therapy,0.5733,0.2533,0.4113,1.0,node2vec
2022,Stroke,1.5493,1.0352,1.3805,1.0,node2vec
2022,Surgery,0.5,0.25,0.4207,1.0,node2vec
2022,Surgical Endoscopy,0.4074,0.1481,0.2915,1.0,node2vec
2022,Sustainable Cities and Society,3.95,3.35,3.8899,1.0,node2vec
2022,Telemedicine Journal and e-Health,2.3548,0.5484,1.2798,1.0,node2vec
2022,The American Journal of Emergency Medicine,2.1613,1.4516,1.7975,1.0,node2vec
2022,The American Journal of Gastroenterology,2.3818,1.7091,2.0949,1.0,node2vec
2022,The American Journal of Human Genetics,0.8696,0.5652,0.7174,1.0,node2vec
2022,The American Journal of Sports Medicine,0.4237,0.1356,0.2546,1.0,node2vec
2022,The American Journal of Surgical Pathology,1.0435,0.3478,0.5498,1.0,node2vec
2022,The Annals of Thoracic Surgery,0.6667,0.2917,0.5988,1.0,node2vec
2022,The Bone & Joint Journal,0.4848,0.303,0.4299,1.0,node2vec
2022,The EMBO Journal,5.4222,4.7111,4.9542,1.0,node2vec
2022,The FASEB Journal,1.0312,0.7812,0.846,1.0,node2vec
2022,The Journal of Allergy and Clinical Immunology In Practice,1.5672,0.6716,1.1744,1.0,node2vec
2022,The Journal of Arthroplasty,0.6087,0.1522,0.3879,1.0,node2vec
2022,The Journal of Clinical Endocrinology & Metabolism,1.6593,1.044,1.3511,1.0,node2vec
2022,The Journal of Experimental Medicine,4.3944,3.8028,4.1939,1.0,node2vec
2022,The Journal of Headache and Pain,1.8788,1.0606,1.5639,1.0,node2vec
2022,The Journal of Heart and Lung Transplantation,1.2273,0.7273,1.0681,1.0,node2vec
2022,The Journal of Infectious Diseases,4.7193,4.0526,4.344,1.0,node2vec
2022,The Journal of Pediatrics,2.9444,2.6111,2.7448,1.0,node2vec
2022,The Journal of Urology,0.4722,0.1667,0.3257,1.0,node2vec
2022,The Journals of Gerontology Series A,2.4412,1.5588,2.091,1.0,node2vec
2022,The Lancet,31.3636,22.2597,29.1017,1.0,node2vec
2022,The Lancet Child & Adolescent Health,4.4,2.96,3.8953,1.0,node2vec
2022,The Lancet Diabetes & Endocrinology,1.8361,1.3115,1.5753,1.0,node2vec
2022,The Lancet Digital Health,1.6774,0.5,0.8543,1.0,node2vec
2022,The Lancet Global Health,2.7733,1.32,2.0165,1.0,node2vec
2022,The Lancet HIV,2.075,1.6,1.8621,1.0,node2vec
2022,The Lancet Haematology,4.9592,4.2857,4.5804,1.0,node2vec
2022,The Lancet Infectious Diseases,10.4571,7.5929,9.6095,1.0,node2vec
2022,The Lancet Microbe,8.3235,7.2059,7.5997,1.0,node2vec
2022,The Lancet Neurology,4.1719,3.1719,3.6973,1.0,node2vec
2022,The Lancet Oncology,3.8134,1.8134,2.9298,1.0,node2vec
2022,The Lancet Psychiatry,5.5714,5.1429,5.4214,1.0,node2vec
2022,The Lancet Public Health,3.9302,2.6279,3.2594,1.0,node2vec
2022,The Lancet Regional Health - Europe,1.2826,1.087,1.2423,1.0,node2vec
2022,The Lancet Respiratory Medicine,12.755,10.8013,11.7102,1.0,node2vec
2022,The Lancet Rheumatology,4.9825,3.8246,4.5215,1.0,node2vec
2022,The Ocular Surface,1.25,0.75,1.01,1.0,node2vec
2022,The Oncologist,0.5517,0.2759,0.3974,1.0,node2vec
2022,The Science of The Total Environment,7.7557,7.4122,7.6003,1.0,node2vec
2022,The Spine Journal,0.2857,0.0,0.1836,1.0,node2vec
2022,The journal of nutrition health & aging,2.5,1.35,2.2827,1.0,node2vec
2022,Theranostics,0.9048,0.3889,0.5927,1.0,node2vec
2022,Thorax,3.2667,2.5556,2.9722,1.0,node2vec
2022,Thyroid,1.2059,0.4412,0.7934,1.0,node2vec
2022,Translational Psychiatry,0.6897,0.5517,0.6368,1.0,node2vec
2022,Translational Vision Science & Technology,1.2,0.3,0.7194,1.0,node2vec
2022,Transplantation,1.5926,0.8889,1.3134,1.0,node2vec
2022,Trends in Food Science & Technology,0.5192,0.3462,0.4291,1.0,node2vec
2022,UNC Libraries,0.6522,0.0,0.2017,1.0,node2vec
2022,Ultrasound in Obstetrics and Gynecology,1.9062,1.5312,1.7693,1.0,node2vec
2022,Unknown,2.0678,0.6441,1.1243,1.0,node2vec
2022,Vaccine,2.2075,1.6604,1.8389,1.0,node2vec
2022,Vaccines,1.7632,1.6053,1.6853,1.0,node2vec
2022,Viruses,6.3378,5.3784,6.0716,1.0,node2vec
2022,Water Research,9.963,9.5556,9.8246,1.0,node2vec
2022,World Neurosurgery,0.6667,0.25,0.5787,1.0,node2vec
2022,eLife,2.55,1.9056,2.2461,1.0,node2vec
2022,iScience,2.24,1.92,2.096,1.0,node2vec
2022,mBio,4.7612,3.806,4.0924,1.0,node2vec
2022,mSphere,2.2174,1.4783,1.9763,1.0,node2vec
2022,mSystems,5.85,5.6,5.6624,1.0,node2vec
2022,npj Digital Medicine,1.4386,0.3509,0.6979,1.0,node2vec
2022,The Lancet. Gastroenterology & hepatology,8.1607,5.9643,7.1223,1.0,node2vec
