year,journal,baseline_if,filtered_rif,weighted_rif,stability_threshold,model
2018,ACS Applied Materials & Interfaces,0.8125,0.5833,0.5833,0.7,vgae
2018,ACS Nano,0.2778,0.25,0.25,0.7,vgae
2018,AIDS,0.6333,0.5333,0.5333,0.7,vgae
2018,AIDS and Behavior,0.8947,0.8421,0.8421,0.7,vgae
2018,Academic Medicine,0.6341,0.439,0.439,0.7,vgae
2018,Acta Biomaterialia,0.4767,0.407,0.407,0.7,vgae
2018,Acta Neuropathologica,1.4783,1.3623,1.3623,0.7,vgae
2018,Acta Neuropathologica Communications,1.6944,1.6111,1.6111,0.7,vgae
2018,Acta Ophthalmologica,0.6364,0.5455,0.5455,0.7,vgae
2018,Addiction,0.8913,0.8043,0.8043,0.7,vgae
2018,Addictive Behaviors,0.84,0.84,0.84,0.7,vgae
2018,Aesthetic Surgery Journal,0.5,0.4091,0.4091,0.7,vgae
2018,Age and Ageing,0.9512,0.8293,0.8293,0.7,vgae
2018,Aging,0.8,0.6667,0.6667,0.7,vgae
2018,Aging Cell,0.6071,0.5357,0.5357,0.7,vgae
2018,Alimentary Pharmacology & Therapeutics,0.8793,0.7241,0.7241,0.7,vgae
2018,Allergy,0.6977,0.6512,0.6512,0.7,vgae
2018,Alzheimer s & Dementia,2.5,2.3636,2.3636,0.7,vgae
2018,Alzheimer s Research & Therapy,0.3548,0.2258,0.2258,0.7,vgae
2018,American Heart Journal,0.4688,0.4375,0.4375,0.7,vgae
2018,American Journal Of Pathology,1.0,0.9091,0.9091,0.7,vgae
2018,American Journal of Clinical Nutrition,0.956,0.8132,0.8132,0.7,vgae
2018,American Journal of Epidemiology,0.7297,0.5676,0.5676,0.7,vgae
2018,American Journal of Hematology,0.6341,0.3902,0.3902,0.7,vgae
2018,American Journal of Kidney Diseases,0.6207,0.5345,0.5345,0.7,vgae
2018,American Journal of Neuroradiology,0.619,0.5,0.5,0.7,vgae
2018,American Journal of Obstetrics and Gynecology,0.7926,0.6593,0.6593,0.7,vgae
2018,American Journal of Ophthalmology,1.7262,1.619,1.619,0.7,vgae
2018,American Journal of Physiology-Heart and Circulatory Physiology,0.7308,0.6538,0.6538,0.7,vgae
2018,American Journal of Physiology-Lung Cellular and Molecular Physiology,0.4545,0.4091,0.4091,0.7,vgae
2018,American Journal of Preventive Medicine,0.8788,0.8182,0.8182,0.7,vgae
2018,American Journal of Psychiatry,1.32,1.1,1.1,0.7,vgae
2018,American Journal of Public Health,1.2791,1.186,1.186,0.7,vgae
2018,American Journal of Respiratory Cell and Molecular Biology,0.3636,0.2273,0.2273,0.7,vgae
2018,American Journal of Respiratory and Critical Care Medicine,1.0606,0.9192,0.9192,0.7,vgae
2018,American Journal of Roentgenology,0.5833,0.5417,0.5417,0.7,vgae
2018,American Journal of Transplantation,1.4717,1.3113,1.3113,0.7,vgae
2018,American Journal of Tropical Medicine and Hygiene,3.5455,3.5455,3.5455,0.7,vgae
2018,Anaesthesia,1.0741,0.8889,0.8889,0.7,vgae
2018,Analytical Chemistry,0.5,0.4167,0.4167,0.7,vgae
2018,Anesthesia & Analgesia,0.48,0.4,0.4,0.7,vgae
2018,Anesthesiology,0.5,0.3966,0.3966,0.7,vgae
2018,Angewandte Chemie International Edition,0.913,0.7609,0.7609,0.7,vgae
2018,Annals of Clinical and Translational Neurology,1.2727,1.2273,1.2273,0.7,vgae
2018,Annals of Emergency Medicine,0.825,0.775,0.775,0.7,vgae
2018,Annals of Intensive Care,0.2593,0.1852,0.1852,0.7,vgae
2018,Annals of Internal Medicine,1.9891,1.7065,1.7065,0.7,vgae
2018,Annals of Neurology,1.2526,1.0947,1.0947,0.7,vgae
2018,Annals of Oncology,1.1187,0.968,0.968,0.7,vgae
2018,Annals of Surgery,1.0505,0.9128,0.9128,0.7,vgae
2018,Annals of Surgical Oncology,0.6962,0.5443,0.5443,0.7,vgae
2018,Annals of the American Thoracic Society,0.6607,0.5536,0.5536,0.7,vgae
2018,Annals of the Rheumatic Diseases,0.881,0.756,0.756,0.7,vgae
2018,Antimicrobial Agents and Chemotherapy,0.8523,0.7614,0.7614,0.7,vgae
2018,Antiviral Research,1.0,0.9429,0.9429,0.7,vgae
2018,Appetite,0.4545,0.4091,0.4091,0.7,vgae
2018,Archives of Physical Medicine and Rehabilitation,0.3636,0.2121,0.2121,0.7,vgae
2018,Arteriosclerosis Thrombosis and Vascular Biology,0.4146,0.3659,0.3659,0.7,vgae
2018,Arthritis & Rheumatology,0.7236,0.5691,0.5691,0.7,vgae
2018,Arthritis Care & Research,0.6042,0.4583,0.4583,0.7,vgae
2018,Arthritis Research & Therapy,0.3621,0.2759,0.2759,0.7,vgae
2018,Arthroscopy The Journal of Arthroscopic and Related Surgery,1.0,0.8837,0.8837,0.7,vgae
2018,Atherosclerosis,1.4412,1.2647,1.2647,0.7,vgae
2018,Autophagy,1.9722,1.8241,1.8241,0.7,vgae
2018,BJOG An International Journal of Obstetrics & Gynaecology,0.6286,0.3429,0.3429,0.7,vgae
2018,BMC Cancer,0.5063,0.4684,0.4684,0.7,vgae
2018,BMC Complementary and Alternative Medicine,0.0769,0.0,0.0,0.7,vgae
2018,BMC Genomics,0.24,0.2,0.2,0.7,vgae
2018,BMC Geriatrics,0.4524,0.3571,0.3571,0.7,vgae
2018,BMC Health Services Research,0.4,0.28,0.28,0.7,vgae
2018,BMC Infectious Diseases,0.2857,0.2381,0.2381,0.7,vgae
2018,BMC Medical Education,0.2727,0.1364,0.1364,0.7,vgae
2018,BMC Medicine,0.6923,0.5385,0.5385,0.7,vgae
2018,BMC Musculoskeletal Disorders,0.4324,0.2973,0.2973,0.7,vgae
2018,BMC Nephrology,0.1739,0.1304,0.1304,0.7,vgae
2018,BMC Pediatrics,0.4762,0.3333,0.3333,0.7,vgae
2018,BMC Pregnancy and Childbirth,0.4302,0.3372,0.3372,0.7,vgae
2018,BMC Psychiatry,0.36,0.24,0.24,0.7,vgae
2018,BMC Public Health,0.486,0.4019,0.4019,0.7,vgae
2018,BMC Pulmonary Medicine,0.35,0.25,0.25,0.7,vgae
2018,BMC Research Notes,0.3333,0.2381,0.2381,0.7,vgae
2018,BMJ,1.4118,1.2574,1.2574,0.7,vgae
2018,BMJ Global Health,0.875,0.75,0.75,0.7,vgae
2018,BMJ Open,0.6108,0.4973,0.4973,0.7,vgae
2018,BMJ Open Diabetes Research & Care,0.2857,0.2381,0.2381,0.7,vgae
2018,BioMed Research International,0.5417,0.5,0.5,0.7,vgae
2018,Biochemical and Biophysical Research Communications,0.5849,0.5283,0.5283,0.7,vgae
2018,Biological Psychiatry,1.0,0.84,0.84,0.7,vgae
2018,Biology of Blood and Marrow Transplantation,0.3704,0.3333,0.3333,0.7,vgae
2018,Biomaterials,0.53,0.43,0.43,0.7,vgae
2018,Biomedical Optics Express,1.0,0.8261,0.8261,0.7,vgae
2018,Biomedical Signal Processing and Control,0.7391,0.7391,0.7391,0.7,vgae
2018,Biomedicine & Pharmacotherapy,0.2703,0.2432,0.2432,0.7,vgae
2018,Biosensors and Bioelectronics,0.2593,0.2593,0.2593,0.7,vgae
2018,Blood,1.2264,1.1032,1.1032,0.7,vgae
2018,Blood Advances,0.2727,0.2424,0.2424,0.7,vgae
2018,Bone,0.3462,0.2308,0.2308,0.7,vgae
2018,Brain,1.6346,1.4872,1.4872,0.7,vgae
2018,Brain Behavior and Immunity,0.25,0.1786,0.1786,0.7,vgae
2018,Breast Cancer Research,0.6154,0.5,0.5,0.7,vgae
2018,Breast Cancer Research and Treatment,0.7174,0.6304,0.6304,0.7,vgae
2018,British Journal Of Nutrition,0.6538,0.6154,0.6154,0.7,vgae
2018,British Journal of Anaesthesia,0.4127,0.3651,0.3651,0.7,vgae
2018,British Journal of Cancer,0.4615,0.4135,0.4135,0.7,vgae
2018,British Journal of Dermatology,0.3455,0.2545,0.2545,0.7,vgae
2018,British Journal of Haematology,0.8478,0.6739,0.6739,0.7,vgae
2018,British Journal of Ophthalmology,0.8723,0.8085,0.8085,0.7,vgae
2018,British Journal of Pharmacology,1.0,0.7917,0.7917,0.7,vgae
2018,British Journal of Sports Medicine,1.6824,1.5294,1.5294,0.7,vgae
2018,British Journal of Urology,0.8,0.7714,0.7714,0.7,vgae
2018,British journal of surgery,0.8889,0.8472,0.8472,0.7,vgae
2018,Bulletin of the World Health Organization,1.619,1.5238,1.5238,0.7,vgae
2018,CA A Cancer Journal for Clinicians,23.8,23.2,23.2,0.7,vgae
2018,CHEST Journal,1.1667,1.0111,1.0111,0.7,vgae
2018,Canadian Medical Association Journal,0.7273,0.6818,0.6818,0.7,vgae
2018,Cancer,1.1073,0.9605,0.9605,0.7,vgae
2018,Cancer Cell,1.5506,1.3034,1.3034,0.7,vgae
2018,Cancer Discovery,2.3286,2.1286,2.1286,0.7,vgae
2018,Cancer Epidemiology Biomarkers & Prevention,0.6429,0.5,0.5,0.7,vgae
2018,Cancer Immunology Immunotherapy,0.4091,0.4091,0.4091,0.7,vgae
2018,Cancer Immunology Research,1.45,1.3333,1.3333,0.7,vgae
2018,Cancer Letters,0.6047,0.4651,0.4651,0.7,vgae
2018,Cancer Medicine,0.9583,0.9167,0.9167,0.7,vgae
2018,Cancer Research,0.6963,0.6387,0.6387,0.7,vgae
2018,Cancer Science,1.15,1.1,1.1,0.7,vgae
2018,Carbohydrate Polymers,0.3333,0.2381,0.2381,0.7,vgae
2018,Cardiovascular Diabetology,0.6452,0.5484,0.5484,0.7,vgae
2018,Cardiovascular Research,0.5185,0.4074,0.4074,0.7,vgae
2018,Cell,3.7704,3.5037,3.5037,0.7,vgae
2018,Cell Death and Differentiation,0.3478,0.2174,0.2174,0.7,vgae
2018,Cell Death and Disease,0.3333,0.2604,0.2604,0.7,vgae
2018,Cell Host & Microbe,5.4286,5.2857,5.2857,0.7,vgae
2018,Cell Metabolism,1.3545,1.1091,1.1091,0.7,vgae
2018,Cell Reports,1.1943,1.0891,1.0891,0.7,vgae
2018,Cell stem cell,4.3467,4.2,4.2,0.7,vgae
2018,Cellular Physiology and Biochemistry,1.9667,1.8,1.8,0.7,vgae
2018,Cephalalgia,0.4348,0.3913,0.3913,0.7,vgae
2018,Chemical Science,1.0,0.8462,0.8462,0.7,vgae
2018,Circulation,1.2642,1.1069,1.1069,0.7,vgae
2018,Circulation Arrhythmia and Electrophysiology,1.1364,1.0227,1.0227,0.7,vgae
2018,Circulation Cardiovascular Imaging,0.6182,0.4364,0.4364,0.7,vgae
2018,Circulation Cardiovascular Interventions,0.775,0.6,0.6,0.7,vgae
2018,Circulation Heart Failure,0.9111,0.7556,0.7556,0.7,vgae
2018,Circulation Research,0.9706,0.8676,0.8676,0.7,vgae
2018,Clinical Cancer Research,1.2294,1.1193,1.1193,0.7,vgae
2018,Clinical Chemistry,0.8966,0.8621,0.8621,0.7,vgae
2018,Clinical Gastroenterology and Hepatology,0.7333,0.5778,0.5778,0.7,vgae
2018,Clinical Infectious Diseases,1.1731,1.0529,1.0529,0.7,vgae
2018,Clinical Journal of the American Society of Nephrology,0.614,0.5439,0.5439,0.7,vgae
2018,Clinical Microbiology and Infection,1.1538,1.0385,1.0385,0.7,vgae
2018,Clinical Nutrition,0.9123,0.7719,0.7719,0.7,vgae
2018,Clinical Orthopaedics and Related Research,0.8333,0.7037,0.7037,0.7,vgae
2018,Clinical Pharmacology & Therapeutics,0.5,0.4091,0.4091,0.7,vgae
2018,Cochrane Database of Systematic Reviews,0.5217,0.4348,0.4348,0.7,vgae
2018,Computer Methods and Programs in Biomedicine,0.7586,0.5517,0.5517,0.7,vgae
2018,Computers in Biology and Medicine,0.7576,0.697,0.697,0.7,vgae
2018,Critical Care,0.825,0.7,0.7,0.7,vgae
2018,Critical Care Medicine,0.8833,0.775,0.775,0.7,vgae
2018,Current Biology,0.3913,0.3913,0.3913,0.7,vgae
2018,Development,0.6154,0.5385,0.5385,0.7,vgae
2018,Diabetes,0.9167,0.8095,0.8095,0.7,vgae
2018,Diabetes Care,1.2108,1.0162,1.0162,0.7,vgae
2018,Diabetes Obesity and Metabolism,1.2581,1.1774,1.1774,0.7,vgae
2018,Diabetes Research and Clinical Practice,1.55,1.5,1.5,0.7,vgae
2018,Diabetologia,0.9643,0.8929,0.8929,0.7,vgae
2018,Digestive Diseases and Sciences,0.5,0.4,0.4,0.7,vgae
2018,Diseases of the Colon & Rectum,0.4333,0.3333,0.3333,0.7,vgae
2018,Drug and Alcohol Dependence,1.1282,1.0385,1.0385,0.7,vgae
2018,EBioMedicine,1.1667,1.0278,1.0278,0.7,vgae
2018,EMBO Molecular Medicine,0.8857,0.8,0.8,0.7,vgae
2018,EP Europace,2.4211,2.1842,2.1842,0.7,vgae
2018,Emerging infectious diseases,1.8795,1.8072,1.8072,0.7,vgae
2018,Endocrinology,0.5455,0.5,0.5,0.7,vgae
2018,Endoscopy,0.7872,0.5532,0.5532,0.7,vgae
2018,Epilepsia,0.6296,0.4444,0.4444,0.7,vgae
2018,EuroIntervention,1.875,1.7083,1.7083,0.7,vgae
2018,European Heart Journal,2.2178,2.0743,2.0743,0.7,vgae
2018,European Heart Journal - Cardiovascular Imaging,0.7143,0.5714,0.5714,0.7,vgae
2018,European Journal of Applied Physiology,0.44,0.36,0.36,0.7,vgae
2018,European Journal of Cancer,1.0,0.9065,0.9065,0.7,vgae
2018,European Journal of Cardio-Thoracic Surgery,0.6389,0.5278,0.5278,0.7,vgae
2018,European Journal of Endocrinology,1.0,0.8214,0.8214,0.7,vgae
2018,European Journal of Heart Failure,1.7558,1.6395,1.6395,0.7,vgae
2018,European Journal of Medicinal Chemistry,0.3333,0.3,0.3,0.7,vgae
2018,European Journal of Neurology,0.3182,0.3182,0.3182,0.7,vgae
2018,European Journal of Nuclear Medicine and Molecular Imaging,1.6986,1.5753,1.5753,0.7,vgae
2018,European Journal of Preventive Cardiology,0.8095,0.619,0.619,0.7,vgae
2018,European Journal of Radiology,0.8261,0.8261,0.8261,0.7,vgae
2018,European Journal of Surgical Oncology,0.5769,0.5385,0.5385,0.7,vgae
2018,European Radiology,0.662,0.5915,0.5915,0.7,vgae
2018,European Respiratory Journal,0.986,0.8531,0.8531,0.7,vgae
2018,European Spine Journal,0.3256,0.2326,0.2326,0.7,vgae
2018,European Urology,1.7395,1.5882,1.5882,0.7,vgae
2018,Eurosurveillance,3.5882,3.4118,3.4118,0.7,vgae
2018,Fertility and Sterility,0.6951,0.6829,0.6829,0.7,vgae
2018,Food & Function,0.5,0.375,0.375,0.7,vgae
2018,Food Chemistry,0.5355,0.4098,0.4098,0.7,vgae
2018,Food Research International,0.5,0.3462,0.3462,0.7,vgae
2018,Foot & Ankle International,0.35,0.25,0.25,0.7,vgae
2018,Free Radical Biology and Medicine,0.4865,0.4054,0.4054,0.7,vgae
2018,Frontiers in Aging Neuroscience,0.64,0.52,0.52,0.7,vgae
2018,Frontiers in Immunology,0.0816,0.0816,0.0816,0.7,vgae
2018,Frontiers in Microbiology,0.2295,0.1803,0.1803,0.7,vgae
2018,Frontiers in Neuroscience,0.1905,0.1429,0.1429,0.7,vgae
2018,Frontiers in Pharmacology,0.3514,0.2162,0.2162,0.7,vgae
2018,Frontiers in Physiology,0.3023,0.2791,0.2791,0.7,vgae
2018,Gastric Cancer,0.8333,0.7333,0.7333,0.7,vgae
2018,Gastroenterology,1.4595,1.2703,1.2703,0.7,vgae
2018,Gastrointestinal Endoscopy,0.5921,0.4868,0.4868,0.7,vgae
2018,Genetics in Medicine,1.48,1.28,1.28,0.7,vgae
2018,Gut,1.3551,1.1884,1.1884,0.7,vgae
2018,Gynecologic Oncology,0.8261,0.6957,0.6957,0.7,vgae
2018,HPB,0.5417,0.4167,0.4167,0.7,vgae
2018,Haematologica,0.6716,0.5373,0.5373,0.7,vgae
2018,Health Affairs,2.1212,1.8788,1.8788,0.7,vgae
2018,Health and Quality of Life Outcomes,0.1786,0.1786,0.1786,0.7,vgae
2018,Heart,0.8302,0.7358,0.7358,0.7,vgae
2018,Heart Rhythm,0.8929,0.6964,0.6964,0.7,vgae
2018,Hepatology,1.1121,0.9907,0.9907,0.7,vgae
2018,Human Brain Mapping,0.881,0.7143,0.7143,0.7,vgae
2018,Human Molecular Genetics,0.5962,0.5769,0.5769,0.7,vgae
2018,Human Reproduction,0.9672,0.8443,0.8443,0.7,vgae
2018,Hypertension,0.6,0.4706,0.4706,0.7,vgae
2018,IEEE Journal of Biomedical and Health Informatics,0.44,0.4,0.4,0.7,vgae
2018,IEEE Transactions on Biomedical Engineering,0.5897,0.5128,0.5128,0.7,vgae
2018,IEEE Transactions on Medical Imaging,3.4182,3.2,3.2,0.7,vgae
2018,Immunity,2.2273,1.8182,1.8182,0.7,vgae
2018,Industrial Crops and Products,0.6129,0.5806,0.5806,0.7,vgae
2018,Injury,0.2759,0.2759,0.2759,0.7,vgae
2018,Intensive Care Medicine,0.9324,0.8243,0.8243,0.7,vgae
2018,International Immunopharmacology,0.2,0.05,0.05,0.7,vgae
2018,International Journal of Behavioral Nutrition and Physical Activity,0.8909,0.7818,0.7818,0.7,vgae
2018,International Journal of Biological Macromolecules,0.1538,0.1282,0.1282,0.7,vgae
2018,International Journal of Cancer,0.68,0.6,0.6,0.7,vgae
2018,International Journal of Cardiology,0.6667,0.5606,0.5606,0.7,vgae
2018,International Journal of Drug Policy,1.4,1.32,1.32,0.7,vgae
2018,International Journal of Environmental Research and Public Health,0.0606,0.0606,0.0606,0.7,vgae
2018,International Journal of Epidemiology,0.5116,0.3488,0.3488,0.7,vgae
2018,International Journal of Molecular Sciences,0.26,0.18,0.18,0.7,vgae
2018,International Journal of Nanomedicine,0.1,0.1,0.1,0.7,vgae
2018,International Journal of Obesity,0.6136,0.4773,0.4773,0.7,vgae
2018,International Journal of Pharmaceutics,0.3182,0.2273,0.2273,0.7,vgae
2018,International Journal of Radiation Oncology*Biology*Physics,0.6702,0.6383,0.6383,0.7,vgae
2018,International Journal of Sports Physiology and Performance,1.1707,1.0732,1.0732,0.7,vgae
2018,International Journal of Stroke,1.6538,1.5,1.5,0.7,vgae
2018,Investigative Ophthalmology & Visual Science,1.8618,1.7967,1.7967,0.7,vgae
2018,JACC Heart Failure,0.973,0.8649,0.8649,0.7,vgae
2018,JACC. Cardiovascular imaging,0.6129,0.5806,0.5806,0.7,vgae
2018,JACC: Cardiovascular Interventions,0.8224,0.7103,0.7103,0.7,vgae
2018,JAIDS Journal of Acquired Immune Deficiency Syndromes,1.875,1.65,1.65,0.7,vgae
2018,JAMA,2.9617,2.6358,2.6358,0.7,vgae
2018,JAMA Cardiology,1.1633,1.0306,1.0306,0.7,vgae
2018,JAMA Dermatology,0.587,0.4348,0.4348,0.7,vgae
2018,JAMA Internal Medicine,1.7928,1.5766,1.5766,0.7,vgae
2018,JAMA Neurology,1.1774,0.9677,0.9677,0.7,vgae
2018,JAMA Oncology,1.6403,1.5036,1.5036,0.7,vgae
2018,JAMA Ophthalmology,2.1194,1.9552,1.9552,0.7,vgae
2018,JAMA Pediatrics,1.0118,0.8471,0.8471,0.7,vgae
2018,JAMA Psychiatry,1.4242,1.2576,1.2576,0.7,vgae
2018,JAMA Surgery,0.8,0.6875,0.6875,0.7,vgae
2018,JCI Insight,0.7542,0.6525,0.6525,0.7,vgae
2018,JMIR mhealth and uhealth,0.6154,0.5769,0.5769,0.7,vgae
2018,JNCI Journal of the National Cancer Institute,1.1408,0.9718,0.9718,0.7,vgae
2018,Journal for ImmunoTherapy of Cancer,1.3871,1.3548,1.3548,0.7,vgae
2018,Journal of Affective Disorders,0.6087,0.4565,0.4565,0.7,vgae
2018,Journal of Agricultural and Food Chemistry,0.5106,0.4468,0.4468,0.7,vgae
2018,Journal of Allergy and Clinical Immunology,0.881,0.7222,0.7222,0.7,vgae
2018,Journal of Alzheimer s Disease,0.6087,0.5435,0.5435,0.7,vgae
2018,Journal of Antimicrobial Chemotherapy,0.9459,0.8378,0.8378,0.7,vgae
2018,Journal of Applied Physiology,0.95,0.9,0.9,0.7,vgae
2018,Journal of Biological Chemistry,0.6526,0.5263,0.5263,0.7,vgae
2018,Journal of Biomechanics,0.2174,0.1304,0.1304,0.7,vgae
2018,Journal of Bone and Joint Surgery,0.4746,0.4237,0.4237,0.7,vgae
2018,Journal of Bone and Mineral Research,0.9138,0.7931,0.7931,0.7,vgae
2018,Journal of Cachexia Sarcopenia and Muscle,1.0233,0.8372,0.8372,0.7,vgae
2018,Journal of Cataract & Refractive Surgery,0.8148,0.7407,0.7407,0.7,vgae
2018,Journal of Cellular and Molecular Medicine,0.4583,0.375,0.375,0.7,vgae
2018,Journal of Cerebral Blood Flow & Metabolism,0.8571,0.7143,0.7143,0.7,vgae
2018,Journal of Clinical Investigation,1.6242,1.3885,1.3885,0.7,vgae
2018,Journal of Clinical Microbiology,0.6957,0.587,0.587,0.7,vgae
2018,Journal of Clinical Oncology,2.0063,1.8214,1.8214,0.7,vgae
2018,Journal of Controlled Release,0.3939,0.2727,0.2727,0.7,vgae
2018,Journal of Critical Care,0.15,0.05,0.05,0.7,vgae
2018,Journal of Ethnopharmacology,0.1429,0.0714,0.0714,0.7,vgae
2018,Journal of Functional Foods,0.6774,0.6129,0.6129,0.7,vgae
2018,Journal of Gastroenterology and Hepatology,0.75,0.75,0.75,0.7,vgae
2018,Journal of General Internal Medicine,0.4783,0.3913,0.3913,0.7,vgae
2018,Journal of Hematology & Oncology,0.6522,0.4783,0.4783,0.7,vgae
2018,Journal of Hepatology,2.311,2.1768,2.1768,0.7,vgae
2018,Journal of Hypertension,0.5455,0.4545,0.4545,0.7,vgae
2018,Journal of Investigative Dermatology,0.7143,0.6984,0.6984,0.7,vgae
2018,Journal of Magnetic Resonance Imaging,1.0333,0.8667,0.8667,0.7,vgae
2018,Journal of Medical Internet Research,0.4419,0.3023,0.3023,0.7,vgae
2018,Journal of Medicinal Chemistry,0.6562,0.5312,0.5312,0.7,vgae
2018,Journal of Neuro-Oncology,0.2941,0.2647,0.2647,0.7,vgae
2018,Journal of NeuroInterventional Surgery,1.2759,1.2069,1.2069,0.7,vgae
2018,Journal of Neuroinflammation,1.0154,0.8769,0.8769,0.7,vgae
2018,Journal of Neurology,0.8214,0.8214,0.8214,0.7,vgae
2018,Journal of Neurology Neurosurgery & Psychiatry,0.7778,0.6667,0.6667,0.7,vgae
2018,Journal of Neuroscience,0.8257,0.7156,0.7156,0.7,vgae
2018,Journal of Neurosurgery Spine,0.4103,0.3333,0.3333,0.7,vgae
2018,Journal of Neurotrauma,0.7674,0.5581,0.5581,0.7,vgae
2018,Journal of Nuclear Medicine,2.1429,2.0252,2.0252,0.7,vgae
2018,Journal of Nutrition,1.1538,1.0256,1.0256,0.7,vgae
2018,Journal of Orthopaedic and Sports Physical Therapy,0.75,0.4,0.4,0.7,vgae
2018,Journal of Pain,1.2121,0.9697,0.9697,0.7,vgae
2018,Journal of Pain and Symptom Management,0.4074,0.4074,0.4074,0.7,vgae
2018,Journal of Pediatric Gastroenterology and Nutrition,0.1818,0.1818,0.1818,0.7,vgae
2018,Journal of Photochemistry and Photobiology B Biology,0.9524,0.9524,0.9524,0.7,vgae
2018,Journal of Physics D Applied Physics,2.0909,1.8182,1.8182,0.7,vgae
2018,Journal of Pineal Research,0.9545,0.8182,0.8182,0.7,vgae
2018,Journal of Shoulder and Elbow Surgery,0.6552,0.431,0.431,0.7,vgae
2018,Journal of Sports Sciences,0.9,0.7667,0.7667,0.7,vgae
2018,Journal of Surgical Oncology,0.6,0.5333,0.5333,0.7,vgae
2018,Journal of Thoracic Oncology,1.5649,1.4427,1.4427,0.7,vgae
2018,Journal of Thoracic and Cardiovascular Surgery,0.3731,0.2836,0.2836,0.7,vgae
2018,Journal of Thrombosis and Haemostasis,0.4762,0.4286,0.4286,0.7,vgae
2018,Journal of Translational Medicine,0.4865,0.4324,0.4324,0.7,vgae
2018,Journal of Vascular Surgery,0.3636,0.2424,0.2424,0.7,vgae
2018,Journal of Virology,0.9278,0.866,0.866,0.7,vgae
2018,Journal of Visualized Experiments,0.1739,0.1304,0.1304,0.7,vgae
2018,Journal of neurosurgery,0.4118,0.3176,0.3176,0.7,vgae
2018,Journal of science and medicine in sport,0.4667,0.4333,0.4333,0.7,vgae
2018,Journal of the American Academy of Dermatology,0.7895,0.6667,0.6667,0.7,vgae
2018,Journal of the American Chemical Society,1.0625,0.9167,0.9167,0.7,vgae
2018,Journal of the American College of Cardiology,1.5015,1.3481,1.3481,0.7,vgae
2018,Journal of the American College of Radiology,0.4783,0.4783,0.4783,0.7,vgae
2018,Journal of the American College of Surgeons,0.7442,0.6744,0.6744,0.7,vgae
2018,Journal of the American Geriatrics Society,0.6622,0.5946,0.5946,0.7,vgae
2018,Journal of the American Heart Association,0.5745,0.4787,0.4787,0.7,vgae
2018,Journal of the American Medical Directors Association,0.9697,0.8485,0.8485,0.7,vgae
2018,Journal of the American Society of Echocardiography,2.3,2.2,2.2,0.7,vgae
2018,Journal of the American Society of Nephrology,0.605,0.4958,0.4958,0.7,vgae
2018,Journal of the European Academy of Dermatology and Venereology,0.6667,0.4,0.4,0.7,vgae
2018,Journal of the International AIDS Society,0.6667,0.6333,0.6333,0.7,vgae
2018,Journal of the National Comprehensive Cancer Network,2.1277,1.7447,1.7447,0.7,vgae
2018,Kidney International,0.809,0.6404,0.6404,0.7,vgae
2018,Knee Surgery Sports Traumatology Arthroscopy,0.6508,0.5397,0.5397,0.7,vgae
2018,LWT,0.3824,0.3529,0.3529,0.7,vgae
2018,Lara D. Veeken,0.56,0.5,0.5,0.7,vgae
2018,Leukemia,0.8421,0.7263,0.7263,0.7,vgae
2018,Lipids in Health and Disease,0.3,0.2,0.2,0.7,vgae
2018,Liver International,1.1562,1.0312,1.0312,0.7,vgae
2018,Liver Transplantation,0.7727,0.6364,0.6364,0.7,vgae
2018,Lung Cancer,1.1905,1.0952,1.0952,0.7,vgae
2018,MMWR Morbidity and Mortality Weekly Report,6.5806,6.2823,6.2823,0.7,vgae
2018,Magnetic Resonance in Medicine,1.0192,0.8462,0.8462,0.7,vgae
2018,Malaria Journal,0.6716,0.5821,0.5821,0.7,vgae
2018,Materials Science and Engineering C,0.3871,0.2258,0.2258,0.7,vgae
2018,Mayo Clinic Proceedings,0.3846,0.2692,0.2692,0.7,vgae
2018,Medical Education,0.4,0.35,0.35,0.7,vgae
2018,Medical Physics,1.4,1.2571,1.2571,0.7,vgae
2018,Medical Teacher,0.84,0.84,0.84,0.7,vgae
2018,Medicine,0.3663,0.3069,0.3069,0.7,vgae
2018,Medicine & Science in Sports & Exercise,0.7571,0.5571,0.5571,0.7,vgae
2018,Menopause The Journal of The North American Menopause Society,1.0,0.7727,0.7727,0.7,vgae
2018,Modern Pathology,1.5122,1.378,1.378,0.7,vgae
2018,Molecular Cancer Therapeutics,0.8222,0.7556,0.7556,0.7,vgae
2018,Molecular Cell,1.0312,0.8125,0.8125,0.7,vgae
2018,Molecular Medicine Reports,0.381,0.2381,0.2381,0.7,vgae
2018,Molecular Metabolism,0.6,0.48,0.48,0.7,vgae
2018,Molecular Neurobiology,0.6071,0.4286,0.4286,0.7,vgae
2018,Molecular Neurodegeneration,0.7931,0.7586,0.7586,0.7,vgae
2018,Molecular Nutrition & Food Research,0.375,0.375,0.375,0.7,vgae
2018,Molecular Psychiatry,0.8889,0.6889,0.6889,0.7,vgae
2018,Molecular Therapy,0.7143,0.7143,0.7143,0.7,vgae
2018,Molecules,0.2188,0.125,0.125,0.7,vgae
2018,Movement Disorders,1.0179,0.8929,0.8929,0.7,vgae
2018,Mucosal Immunology,0.4286,0.381,0.381,0.7,vgae
2018,Multiple Sclerosis Journal,1.2157,1.1373,1.1373,0.7,vgae
2018,Nature,3.9697,3.7121,3.7121,0.7,vgae
2018,Nature Cell Biology,1.0238,0.9286,0.9286,0.7,vgae
2018,Nature Chemical Biology,1.5312,1.3125,1.3125,0.7,vgae
2018,Nature Communications,0.9982,0.8686,0.8686,0.7,vgae
2018,Nature Genetics,1.9683,1.5714,1.5714,0.7,vgae
2018,Nature Immunology,3.125,3.0,3.0,0.7,vgae
2018,Nature Medicine,2.916,2.6183,2.6183,0.7,vgae
2018,Nature Microbiology,0.9818,0.8545,0.8545,0.7,vgae
2018,Nature Neuroscience,1.25,0.9286,0.9286,0.7,vgae
2018,Nature Structural & Molecular Biology,2.2,1.85,1.85,0.7,vgae
2018,Nephrology Dialysis Transplantation,0.5854,0.4878,0.4878,0.7,vgae
2018,Neuro-Oncology,0.9762,0.9048,0.9048,0.7,vgae
2018,NeuroImage,1.2422,1.0703,1.0703,0.7,vgae
2018,NeuroImage Clinical,0.2963,0.2963,0.2963,0.7,vgae
2018,Neurobiology of Aging,0.7091,0.5636,0.5636,0.7,vgae
2018,Neurobiology of Disease,0.7188,0.6562,0.6562,0.7,vgae
2018,Neuroendocrinology,4.25,3.7083,3.7083,0.7,vgae
2018,Neurology,0.9628,0.8514,0.8514,0.7,vgae
2018,Neurology Neuroimmunology & Neuroinflammation,1.2593,1.1481,1.1481,0.7,vgae
2018,Neuron,2.2653,2.1429,2.1429,0.7,vgae
2018,Neuropharmacology,0.1,0.1,0.1,0.7,vgae
2018,Neuropsychopharmacology,0.4762,0.4286,0.4286,0.7,vgae
2018,Neurosurgery,1.2778,1.1389,1.1389,0.7,vgae
2018,Neurosurgical FOCUS,0.375,0.2083,0.2083,0.7,vgae
2018,New England Journal of Medicine,5.8921,5.4724,5.4724,0.7,vgae
2018,Nicotine & Tobacco Research,1.6667,1.5714,1.5714,0.7,vgae
2018,Nucleic Acids Research,1.0682,0.9545,0.9545,0.7,vgae
2018,Nutrients,0.3084,0.243,0.243,0.7,vgae
2018,Nutrition,0.85,0.7,0.7,0.7,vgae
2018,Obesity,0.5946,0.4865,0.4865,0.7,vgae
2018,Obesity Surgery,0.4146,0.3659,0.3659,0.7,vgae
2018,Obstetrics and Gynecology,0.9286,0.7245,0.7245,0.7,vgae
2018,OncoImmunology,0.4667,0.4533,0.4533,0.7,vgae
2018,Oncogene,0.3651,0.3016,0.3016,0.7,vgae
2018,Oncotarget,0.8491,0.7544,0.7544,0.7,vgae
2018,Ophthalmology,1.4338,1.3309,1.3309,0.7,vgae
2018,Oral Oncology,0.6452,0.4839,0.4839,0.7,vgae
2018,Orthopaedic Journal of Sports Medicine,0.625,0.5312,0.5312,0.7,vgae
2018,Osteoarthritis and Cartilage,0.4773,0.1818,0.1818,0.7,vgae
2018,Osteoporosis International,0.5312,0.375,0.375,0.7,vgae
2018,Oxidative Medicine and Cellular Longevity,0.1071,0.0,0.0,0.7,vgae
2018,PEDIATRICS,0.988,0.7904,0.7904,0.7,vgae
2018,PLoS Biology,0.65,0.55,0.55,0.7,vgae
2018,PLoS Genetics,0.5641,0.4359,0.4359,0.7,vgae
2018,PLoS Medicine,0.9597,0.8548,0.8548,0.7,vgae
2018,PLoS ONE,0.5022,0.3988,0.3988,0.7,vgae
2018,PLoS Pathogens,0.9379,0.8,0.8,0.7,vgae
2018,PLoS neglected tropical diseases,2.3453,2.2734,2.2734,0.7,vgae
2018,Pain,0.837,0.7065,0.7065,0.7,vgae
2018,Parasites & Vectors,0.5152,0.3939,0.3939,0.7,vgae
2018,Pediatric Blood & Cancer,0.6667,0.5833,0.5833,0.7,vgae
2018,Pediatric Critical Care Medicine,0.3333,0.1333,0.1333,0.7,vgae
2018,Physics in Medicine and Biology,0.4545,0.2727,0.2727,0.7,vgae
2018,Plasma Sources Science and Technology,2.0455,1.8182,1.8182,0.7,vgae
2018,Plastic & Reconstructive Surgery,0.7297,0.5676,0.5676,0.7,vgae
2018,Preventive Medicine,0.7843,0.7059,0.7059,0.7,vgae
2018,Proceedings of the National Academy of Sciences,1.0089,0.8725,0.8725,0.7,vgae
2018,Psycho-Oncology,0.3667,0.2667,0.2667,0.7,vgae
2018,Psychological Medicine,0.4242,0.3636,0.3636,0.7,vgae
2018,PubMed,0.9331,0.8459,0.8459,0.7,vgae
2018,Public Health Nutrition,0.76,0.72,0.72,0.7,vgae
2018,RSC Advances,0.65,0.45,0.45,0.7,vgae
2018,Radiology,1.125,1.0234,1.0234,0.7,vgae
2018,Radiotherapy and Oncology,1.0566,0.9811,0.9811,0.7,vgae
2018,Redox Biology,0.3333,0.303,0.303,0.7,vgae
2018,Regional Anesthesia & Pain Medicine,1.68,1.68,1.68,0.7,vgae
2018,Reproductive Health,0.4194,0.2903,0.2903,0.7,vgae
2018,Respiratory Medicine,0.303,0.2121,0.2121,0.7,vgae
2018,Respiratory Research,0.4242,0.3333,0.3333,0.7,vgae
2018,Resuscitation,0.5091,0.4,0.4,0.7,vgae
2018,Retina,1.0345,0.931,0.931,0.7,vgae
2018,SLEEP,0.3929,0.3214,0.3214,0.7,vgae
2018,Scandinavian Journal of Medicine and Science in Sports,0.76,0.6,0.6,0.7,vgae
2018,Schizophrenia Bulletin,0.7308,0.5385,0.5385,0.7,vgae
2018,Schizophrenia Research,0.2609,0.2174,0.2174,0.7,vgae
2018,Science,5.0076,4.6565,4.6565,0.7,vgae
2018,Science Advances,0.8387,0.7097,0.7097,0.7,vgae
2018,Science Translational Medicine,1.355,1.1834,1.1834,0.7,vgae
2018,Scientific Reports,0.6118,0.5127,0.5127,0.7,vgae
2018,Seminars in Arthritis and Rheumatism,0.45,0.35,0.35,0.7,vgae
2018,Social Science & Medicine,0.3636,0.2727,0.2727,0.7,vgae
2018,Spine,0.4306,0.25,0.25,0.7,vgae
2018,Sports Medicine,1.1481,1.0741,1.0741,0.7,vgae
2018,Stem Cell Reports,0.7442,0.6744,0.6744,0.7,vgae
2018,Stem Cell Research & Therapy,0.2698,0.2222,0.2222,0.7,vgae
2018,Stem Cells,1.0882,0.8824,0.8824,0.7,vgae
2018,Stem Cells Translational Medicine,0.6,0.4444,0.4444,0.7,vgae
2018,Stroke,0.7016,0.6649,0.6649,0.7,vgae
2018,Supportive Care in Cancer,0.3846,0.359,0.359,0.7,vgae
2018,Surgery,0.4359,0.4103,0.4103,0.7,vgae
2018,Surgery for Obesity and Related Diseases,0.7586,0.6207,0.6207,0.7,vgae
2018,Surgical Endoscopy,0.4722,0.3889,0.3889,0.7,vgae
2018,The American Journal of Cardiology,0.8387,0.7742,0.7742,0.7,vgae
2018,The American Journal of Gastroenterology,1.1477,0.9886,0.9886,0.7,vgae
2018,The American Journal of Human Genetics,0.6512,0.5814,0.5814,0.7,vgae
2018,The American Journal of Medicine,0.6757,0.4595,0.4595,0.7,vgae
2018,The American Journal of Sports Medicine,0.994,0.9107,0.9107,0.7,vgae
2018,The American Journal of Surgical Pathology,1.1209,1.0549,1.0549,0.7,vgae
2018,The Annals of Thoracic Surgery,0.5077,0.3231,0.3231,0.7,vgae
2018,The Bone & Joint Journal,0.6212,0.5152,0.5152,0.7,vgae
2018,The EMBO Journal,1.6923,1.4872,1.4872,0.7,vgae
2018,The FASEB Journal,0.4571,0.3429,0.3429,0.7,vgae
2018,The Journal of Allergy and Clinical Immunology In Practice,0.35,0.3,0.3,0.7,vgae
2018,The Journal of Arthroplasty,0.8031,0.6378,0.6378,0.7,vgae
2018,The Journal of Cell Biology,0.8529,0.7647,0.7647,0.7,vgae
2018,The Journal of Clinical Endocrinology & Metabolism,0.8266,0.6416,0.6416,0.7,vgae
2018,The Journal of Clinical Psychiatry,0.7391,0.6087,0.6087,0.7,vgae
2018,The Journal of Experimental Medicine,0.8302,0.7547,0.7547,0.7,vgae
2018,The Journal of Heart and Lung Transplantation,0.9565,0.8261,0.8261,0.7,vgae
2018,The Journal of Immunology,0.4918,0.3443,0.3443,0.7,vgae
2018,The Journal of Infectious Diseases,1.4082,1.3469,1.3469,0.7,vgae
2018,The Journal of Pathology,1.125,0.9583,0.9583,0.7,vgae
2018,The Journal of Pediatrics,0.5048,0.4,0.4,0.7,vgae
2018,The Journal of Physiology,1.16,1.04,1.04,0.7,vgae
2018,The Journal of Rheumatology,0.4828,0.4483,0.4483,0.7,vgae
2018,The Journal of Sexual Medicine,0.6944,0.5556,0.5556,0.7,vgae
2018,The Journal of Strength and Conditioning Research,0.7353,0.6324,0.6324,0.7,vgae
2018,"The Journal of Trauma: Injury, Infection, and Critical Care",0.9216,0.8235,0.8235,0.7,vgae
2018,The Journal of Urology,0.7529,0.6235,0.6235,0.7,vgae
2018,The Journals of Gerontology Series A,1.0185,0.963,0.963,0.7,vgae
2018,The Lancet,4.4259,4.1179,4.1179,0.7,vgae
2018,The Lancet Diabetes & Endocrinology,1.4286,1.3036,1.3036,0.7,vgae
2018,The Lancet Global Health,1.2857,1.0635,1.0635,0.7,vgae
2018,The Lancet HIV,1.6571,1.4571,1.4571,0.7,vgae
2018,The Lancet Haematology,0.7674,0.6977,0.6977,0.7,vgae
2018,The Lancet Infectious Diseases,3.6,3.44,3.44,0.7,vgae
2018,The Lancet Neurology,1.7377,1.5738,1.5738,0.7,vgae
2018,The Lancet Oncology,3.4355,3.1774,3.1774,0.7,vgae
2018,The Lancet Psychiatry,1.1786,0.7143,0.7143,0.7,vgae
2018,The Lancet Respiratory Medicine,1.2174,1.1159,1.1159,0.7,vgae
2018,The Laryngoscope,0.5417,0.4167,0.4167,0.7,vgae
2018,The Oncologist,1.0408,0.9184,0.9184,0.7,vgae
2018,The Spine Journal,0.3235,0.2059,0.2059,0.7,vgae
2018,Theranostics,0.8776,0.7959,0.7959,0.7,vgae
2018,Thorax,0.8594,0.75,0.75,0.7,vgae
2018,Thrombosis and Haemostasis,0.64,0.56,0.56,0.7,vgae
2018,Thyroid,1.0714,0.7857,0.7857,0.7,vgae
2018,Tobacco Control,2.7353,2.5882,2.5882,0.7,vgae
2018,Transfusion,1.04,0.8,0.8,0.7,vgae
2018,Translational Psychiatry,0.6071,0.5357,0.5357,0.7,vgae
2018,Transplantation,0.6757,0.5135,0.5135,0.7,vgae
2018,Trends in Food Science & Technology,0.8333,0.7,0.7,0.7,vgae
2018,Ultrasound in Obstetrics and Gynecology,2.3143,2.1429,2.1429,0.7,vgae
2018,Unknown,0.7907,0.6395,0.6395,0.7,vgae
2018,Vaccine,0.6087,0.413,0.413,0.7,vgae
2018,World Journal of Gastroenterology,0.3514,0.2703,0.2703,0.7,vgae
2018,World Journal of Surgery,1.2,1.1,1.1,0.7,vgae
2018,World Neurosurgery,0.25,0.1875,0.1875,0.7,vgae
2018,eLife,1.2482,1.1314,1.1314,0.7,vgae
2018,mBio,1.4433,1.3196,1.3196,0.7,vgae
2018,mSphere,1.625,1.4583,1.4583,0.7,vgae
2018,The Lancet. Gastroenterology & hepatology,0.5455,0.3636,0.3636,0.7,vgae
2019,ACS Applied Materials & Interfaces,0.6364,0.5682,0.5682,0.7,vgae
2019,ACS Nano,0.4878,0.439,0.439,0.7,vgae
2019,AIDS,0.9459,0.8108,0.8108,0.7,vgae
2019,AIDS and Behavior,0.6364,0.4848,0.4848,0.7,vgae
2019,Academic Medicine,0.5,0.3947,0.3947,0.7,vgae
2019,Acta Biomaterialia,0.5055,0.3846,0.3846,0.7,vgae
2019,Acta Neuropathologica,1.4713,1.2989,1.2989,0.7,vgae
2019,Acta Neuropathologica Communications,0.9773,0.9091,0.9091,0.7,vgae
2019,Acta Oncologica,1.5,1.35,1.35,0.7,vgae
2019,Addiction,1.1489,0.9574,0.9574,0.7,vgae
2019,Addictive Behaviors,1.1714,0.9714,0.9714,0.7,vgae
2019,Age and Ageing,0.7407,0.6296,0.6296,0.7,vgae
2019,Aging,1.0,0.8333,0.8333,0.7,vgae
2019,Aging Cell,0.8222,0.6222,0.6222,0.7,vgae
2019,Alimentary Pharmacology & Therapeutics,0.9091,0.8409,0.8409,0.7,vgae
2019,Allergy,1.0,0.913,0.913,0.7,vgae
2019,Alzheimer s & Dementia,1.4605,1.2895,1.2895,0.7,vgae
2019,Alzheimer s Research & Therapy,0.6122,0.5714,0.5714,0.7,vgae
2019,American Heart Journal,0.75,0.6429,0.6429,0.7,vgae
2019,American Journal Of Pathology,0.9,0.8,0.8,0.7,vgae
2019,American Journal of Clinical Nutrition,0.6154,0.4462,0.4462,0.7,vgae
2019,American Journal of Epidemiology,1.0938,1.0625,1.0625,0.7,vgae
2019,American Journal of Hematology,0.587,0.5,0.5,0.7,vgae
2019,American Journal of Kidney Diseases,0.6341,0.561,0.561,0.7,vgae
2019,American Journal of Neuroradiology,0.7907,0.6744,0.6744,0.7,vgae
2019,American Journal of Obstetrics and Gynecology,0.8785,0.729,0.729,0.7,vgae
2019,American Journal of Ophthalmology,0.7561,0.6829,0.6829,0.7,vgae
2019,American Journal of Physiology-Lung Cellular and Molecular Physiology,1.0,0.7727,0.7727,0.7,vgae
2019,American Journal of Preventive Medicine,1.0,0.9189,0.9189,0.7,vgae
2019,American Journal of Psychiatry,0.9722,0.8889,0.8889,0.7,vgae
2019,American Journal of Public Health,1.525,1.35,1.35,0.7,vgae
2019,American Journal of Respiratory Cell and Molecular Biology,0.92,0.64,0.64,0.7,vgae
2019,American Journal of Respiratory and Critical Care Medicine,1.2736,1.1393,1.1393,0.7,vgae
2019,American Journal of Roentgenology,0.9667,0.8333,0.8333,0.7,vgae
2019,American Journal of Transplantation,1.5,1.3913,1.3913,0.7,vgae
2019,Anaesthesia,1.3636,1.2727,1.2727,0.7,vgae
2019,Anesthesia & Analgesia,0.6383,0.5532,0.5532,0.7,vgae
2019,Anesthesiology,0.56,0.44,0.44,0.7,vgae
2019,Angewandte Chemie International Edition,0.5806,0.5161,0.5161,0.7,vgae
2019,Annals of Allergy Asthma & Immunology,0.5238,0.381,0.381,0.7,vgae
2019,Annals of Clinical and Translational Neurology,0.4783,0.4783,0.4783,0.7,vgae
2019,Annals of Emergency Medicine,0.7241,0.4828,0.4828,0.7,vgae
2019,Annals of Intensive Care,0.4,0.36,0.36,0.7,vgae
2019,Annals of Internal Medicine,1.9688,1.8229,1.8229,0.7,vgae
2019,Annals of Neurology,1.3069,1.1782,1.1782,0.7,vgae
2019,Annals of Oncology,1.2974,1.1078,1.1078,0.7,vgae
2019,Annals of Surgery,0.9124,0.8144,0.8144,0.7,vgae
2019,Annals of Surgical Oncology,0.6829,0.6585,0.6585,0.7,vgae
2019,Annals of the American Thoracic Society,0.5909,0.4318,0.4318,0.7,vgae
2019,Annals of the Rheumatic Diseases,0.9605,0.8355,0.8355,0.7,vgae
2019,Antimicrobial Agents and Chemotherapy,1.3258,1.191,1.191,0.7,vgae
2019,Antiviral Research,0.6875,0.5312,0.5312,0.7,vgae
2019,Archives of Disease in Childhood Fetal & Neonatal,0.4286,0.381,0.381,0.7,vgae
2019,Archives of Physical Medicine and Rehabilitation,0.2609,0.2174,0.2174,0.7,vgae
2019,Arteriosclerosis Thrombosis and Vascular Biology,0.2222,0.1667,0.1667,0.7,vgae
2019,Arthritis & Rheumatology,0.6408,0.5534,0.5534,0.7,vgae
2019,Arthritis Care & Research,0.6857,0.5714,0.5714,0.7,vgae
2019,Arthritis Research & Therapy,0.4828,0.431,0.431,0.7,vgae
2019,Arthroscopy The Journal of Arthroscopic and Related Surgery,0.5517,0.4483,0.4483,0.7,vgae
2019,Atherosclerosis,0.5161,0.3871,0.3871,0.7,vgae
2019,Autophagy,0.6087,0.5109,0.5109,0.7,vgae
2019,BJOG An International Journal of Obstetrics & Gynaecology,0.9643,0.5714,0.5714,0.7,vgae
2019,BMC Cancer,0.2286,0.181,0.181,0.7,vgae
2019,BMC Complementary and Alternative Medicine,0.2927,0.2195,0.2195,0.7,vgae
2019,BMC Genomics,0.2,0.2,0.2,0.7,vgae
2019,BMC Geriatrics,0.2222,0.1905,0.1905,0.7,vgae
2019,BMC Health Services Research,0.1364,0.0758,0.0758,0.7,vgae
2019,BMC Infectious Diseases,0.3387,0.2258,0.2258,0.7,vgae
2019,BMC Medical Education,0.3636,0.2727,0.2727,0.7,vgae
2019,BMC Medicine,0.6562,0.5156,0.5156,0.7,vgae
2019,BMC Musculoskeletal Disorders,0.3939,0.303,0.303,0.7,vgae
2019,BMC Nephrology,0.2174,0.1304,0.1304,0.7,vgae
2019,BMC Pediatrics,0.28,0.2,0.2,0.7,vgae
2019,BMC Pregnancy and Childbirth,0.1443,0.1031,0.1031,0.7,vgae
2019,BMC Psychiatry,0.2857,0.0952,0.0952,0.7,vgae
2019,BMC Public Health,0.4828,0.3966,0.3966,0.7,vgae
2019,BMC Pulmonary Medicine,0.28,0.24,0.24,0.7,vgae
2019,BMC Research Notes,0.25,0.15,0.15,0.7,vgae
2019,BMC Women s Health,0.36,0.32,0.32,0.7,vgae
2019,BMJ,1.4151,1.2201,1.2201,0.7,vgae
2019,BMJ Global Health,0.4324,0.3514,0.3514,0.7,vgae
2019,BMJ Open,0.4633,0.339,0.339,0.7,vgae
2019,BioMed Research International,0.1081,0.0811,0.0811,0.7,vgae
2019,Biochemical and Biophysical Research Communications,0.4583,0.4167,0.4167,0.7,vgae
2019,Biological Psychiatry,0.6818,0.5,0.5,0.7,vgae
2019,Biology of Blood and Marrow Transplantation,0.5588,0.5,0.5,0.7,vgae
2019,Biomaterials,0.6729,0.5981,0.5981,0.7,vgae
2019,Biomedical Optics Express,3.0,2.8519,2.8519,0.7,vgae
2019,Biomedical Signal Processing and Control,0.5455,0.5455,0.5455,0.7,vgae
2019,Biomedicine & Pharmacotherapy,0.3167,0.2167,0.2167,0.7,vgae
2019,Blood,1.3497,1.2124,1.2124,0.7,vgae
2019,Blood Advances,0.5733,0.4933,0.4933,0.7,vgae
2019,Blood Cancer Journal,0.3182,0.2727,0.2727,0.7,vgae
2019,Bone,0.5714,0.5238,0.5238,0.7,vgae
2019,Brain,1.2029,1.1014,1.1014,0.7,vgae
2019,Brain Behavior and Immunity,0.3929,0.2857,0.2857,0.7,vgae
2019,Breast Cancer Research,0.7037,0.6296,0.6296,0.7,vgae
2019,Breast Cancer Research and Treatment,0.7632,0.6842,0.6842,0.7,vgae
2019,British Journal Of Nutrition,0.6667,0.6667,0.6667,0.7,vgae
2019,British Journal of Anaesthesia,0.662,0.5775,0.5775,0.7,vgae
2019,British Journal of Cancer,0.5472,0.4906,0.4906,0.7,vgae
2019,British Journal of Dermatology,0.4894,0.4681,0.4681,0.7,vgae
2019,British Journal of Haematology,0.4848,0.4545,0.4545,0.7,vgae
2019,British Journal of Ophthalmology,0.7619,0.6667,0.6667,0.7,vgae
2019,British Journal of Pharmacology,1.4074,1.1852,1.1852,0.7,vgae
2019,British Journal of Sports Medicine,1.0462,0.9538,0.9538,0.7,vgae
2019,British Journal of Urology,0.6216,0.5405,0.5405,0.7,vgae
2019,British journal of surgery,0.791,0.6866,0.6866,0.7,vgae
2019,CA A Cancer Journal for Clinicians,23.75,23.25,23.25,0.7,vgae
2019,CHEST Journal,0.5441,0.4559,0.4559,0.7,vgae
2019,Canadian Medical Association Journal,1.1905,1.0952,1.0952,0.7,vgae
2019,Cancer,0.8861,0.7848,0.7848,0.7,vgae
2019,Cancer Cell,2.2273,2.0568,2.0568,0.7,vgae
2019,Cancer Discovery,2.5529,2.3412,2.3412,0.7,vgae
2019,Cancer Epidemiology Biomarkers & Prevention,0.963,0.8889,0.8889,0.7,vgae
2019,Cancer Immunology Immunotherapy,1.2059,1.0588,1.0588,0.7,vgae
2019,Cancer Immunology Research,1.0167,0.9667,0.9667,0.7,vgae
2019,Cancer Letters,0.7576,0.6364,0.6364,0.7,vgae
2019,Cancer Medicine,0.4667,0.4333,0.4333,0.7,vgae
2019,Cancer Research,1.0116,0.9191,0.9191,0.7,vgae
2019,Cancer Science,1.08,0.96,0.96,0.7,vgae
2019,Carbohydrate Polymers,0.66,0.54,0.54,0.7,vgae
2019,Cardiovascular Diabetology,1.1538,1.1154,1.1154,0.7,vgae
2019,Cardiovascular Research,0.4444,0.2222,0.2222,0.7,vgae
2019,Cell,2.4094,2.2282,2.2282,0.7,vgae
2019,Cell Death and Differentiation,0.5417,0.5417,0.5417,0.7,vgae
2019,Cell Death and Disease,0.5595,0.4702,0.4702,0.7,vgae
2019,Cell Host & Microbe,1.0405,0.9595,0.9595,0.7,vgae
2019,Cell Metabolism,1.625,1.375,1.375,0.7,vgae
2019,Cell Reports,1.0076,0.8511,0.8511,0.7,vgae
2019,Cell stem cell,1.459,1.4262,1.4262,0.7,vgae
2019,Cellular Physiology and Biochemistry,1.5227,1.4318,1.4318,0.7,vgae
2019,Cephalalgia,1.5714,1.5238,1.5238,0.7,vgae
2019,Chemical Science,0.52,0.4,0.4,0.7,vgae
2019,Circulation,1.4051,1.2336,1.2336,0.7,vgae
2019,Circulation Arrhythmia and Electrophysiology,0.8108,0.6757,0.6757,0.7,vgae
2019,Circulation Cardiovascular Imaging,0.5476,0.4286,0.4286,0.7,vgae
2019,Circulation Cardiovascular Interventions,0.5455,0.5152,0.5152,0.7,vgae
2019,Circulation Cardiovascular Quality and Outcomes,0.7143,0.619,0.619,0.7,vgae
2019,Circulation Heart Failure,0.65,0.5,0.5,0.7,vgae
2019,Circulation Research,0.7083,0.6667,0.6667,0.7,vgae
2019,Clinical Cancer Research,1.2713,1.1555,1.1555,0.7,vgae
2019,Clinical Chemistry,0.8095,0.619,0.619,0.7,vgae
2019,Clinical Gastroenterology and Hepatology,0.6966,0.5955,0.5955,0.7,vgae
2019,Clinical Infectious Diseases,0.8585,0.7366,0.7366,0.7,vgae
2019,Clinical Interventions in Aging,0.4,0.35,0.35,0.7,vgae
2019,Clinical Journal of the American Society of Nephrology,0.6047,0.4186,0.4186,0.7,vgae
2019,Clinical Lung Cancer,0.2273,0.2273,0.2273,0.7,vgae
2019,Clinical Microbiology and Infection,0.5556,0.4074,0.4074,0.7,vgae
2019,Clinical Nutrition,0.5192,0.4423,0.4423,0.7,vgae
2019,Clinical Orthopaedics and Related Research,0.5333,0.2889,0.2889,0.7,vgae
2019,Clinical Pharmacology & Therapeutics,0.3103,0.2414,0.2414,0.7,vgae
2019,Computer Methods and Programs in Biomedicine,0.6667,0.5185,0.5185,0.7,vgae
2019,Computers in Biology and Medicine,2.0,1.7609,1.7609,0.7,vgae
2019,Critical Care,0.4058,0.3623,0.3623,0.7,vgae
2019,Critical Care Medicine,1.2273,1.1455,1.1455,0.7,vgae
2019,Current Biology,0.6,0.48,0.48,0.7,vgae
2019,Development,0.9583,0.75,0.75,0.7,vgae
2019,Developmental Cell,0.4062,0.3125,0.3125,0.7,vgae
2019,Developmental Medicine & Child Neurology,0.1,0.1,0.1,0.7,vgae
2019,Diabetes,0.7385,0.6,0.6,0.7,vgae
2019,Diabetes Care,1.3855,1.3012,1.3012,0.7,vgae
2019,Diabetes Obesity and Metabolism,1.7821,1.6667,1.6667,0.7,vgae
2019,Diabetes Research and Clinical Practice,2.6818,2.4545,2.4545,0.7,vgae
2019,Diabetes Technology & Therapeutics,1.4138,1.2759,1.2759,0.7,vgae
2019,Diabetologia,0.9589,0.8219,0.8219,0.7,vgae
2019,Diseases of the Colon & Rectum,0.4516,0.3226,0.3226,0.7,vgae
2019,Drug and Alcohol Dependence,1.0638,1.0,1.0,0.7,vgae
2019,EBioMedicine,0.4359,0.3462,0.3462,0.7,vgae
2019,EFORT Open Reviews,0.1429,0.0952,0.0952,0.7,vgae
2019,EMBO Molecular Medicine,0.4737,0.3947,0.3947,0.7,vgae
2019,EP Europace,0.7667,0.6667,0.6667,0.7,vgae
2019,Emerging Microbes & Infections,0.5217,0.4783,0.4783,0.7,vgae
2019,Emerging infectious diseases,1.5634,1.3099,1.3099,0.7,vgae
2019,Endocrinology,0.619,0.4286,0.4286,0.7,vgae
2019,Endoscopy,0.6042,0.5417,0.5417,0.7,vgae
2019,Epilepsia,1.3571,1.25,1.25,0.7,vgae
2019,EuroIntervention,1.0741,0.8889,0.8889,0.7,vgae
2019,European Heart Journal,1.4554,1.3348,1.3348,0.7,vgae
2019,European Heart Journal - Cardiovascular Imaging,0.8966,0.8621,0.8621,0.7,vgae
2019,European Journal of Cancer,0.7143,0.5982,0.5982,0.7,vgae
2019,European Journal of Cardio-Thoracic Surgery,0.7391,0.4348,0.4348,0.7,vgae
2019,European Journal of Endocrinology,0.6667,0.5556,0.5556,0.7,vgae
2019,European Journal of Epidemiology,1.3913,1.1304,1.1304,0.7,vgae
2019,European Journal of Heart Failure,0.9221,0.7922,0.7922,0.7,vgae
2019,European Journal of Medicinal Chemistry,0.5714,0.3929,0.3929,0.7,vgae
2019,European Journal of Neurology,0.6087,0.5652,0.5652,0.7,vgae
2019,European Journal of Nuclear Medicine and Molecular Imaging,1.5312,1.4792,1.4792,0.7,vgae
2019,European Journal of Nutrition,0.1304,0.1304,0.1304,0.7,vgae
2019,European Journal of Preventive Cardiology,0.619,0.4762,0.4762,0.7,vgae
2019,European Journal of Radiology,1.1,1.05,1.05,0.7,vgae
2019,European Journal of Surgical Oncology,0.3846,0.3846,0.3846,0.7,vgae
2019,European Radiology,0.6667,0.5667,0.5667,0.7,vgae
2019,European Respiratory Journal,1.0065,0.9091,0.9091,0.7,vgae
2019,European Spine Journal,0.3333,0.2727,0.2727,0.7,vgae
2019,European Urology,1.2143,1.1071,1.1071,0.7,vgae
2019,Eurosurveillance,1.3611,1.1389,1.1389,0.7,vgae
2019,Experimental Gerontology,0.5217,0.3478,0.3478,0.7,vgae
2019,Fertility and Sterility,0.8194,0.7083,0.7083,0.7,vgae
2019,Food & Function,0.4898,0.4286,0.4286,0.7,vgae
2019,Food Chemistry,0.4624,0.3642,0.3642,0.7,vgae
2019,Food Research International,0.9348,0.8043,0.8043,0.7,vgae
2019,Food and Chemical Toxicology,0.7619,0.4762,0.4762,0.7,vgae
2019,Foot & Ankle International,0.4286,0.381,0.381,0.7,vgae
2019,Free Radical Biology and Medicine,0.549,0.549,0.549,0.7,vgae
2019,Frontiers in Aging Neuroscience,0.3571,0.2381,0.2381,0.7,vgae
2019,Frontiers in Immunology,0.2459,0.2049,0.2049,0.7,vgae
2019,Frontiers in Microbiology,0.4651,0.4302,0.4302,0.7,vgae
2019,Frontiers in Molecular Neuroscience,0.2273,0.1818,0.1818,0.7,vgae
2019,Frontiers in Neurology,0.3111,0.2667,0.2667,0.7,vgae
2019,Frontiers in Neuroscience,0.4444,0.4167,0.4167,0.7,vgae
2019,Frontiers in Oncology,0.1481,0.1481,0.1481,0.7,vgae
2019,Frontiers in Pharmacology,0.4815,0.3889,0.3889,0.7,vgae
2019,Frontiers in Physiology,0.5952,0.5357,0.5357,0.7,vgae
2019,Frontiers in Psychology,0.3571,0.2857,0.2857,0.7,vgae
2019,Frontiers in Public Health,0.2857,0.2857,0.2857,0.7,vgae
2019,Gastric Cancer,0.76,0.72,0.72,0.7,vgae
2019,Gastroenterology,1.0769,0.9949,0.9949,0.7,vgae
2019,Gastrointestinal Endoscopy,0.6623,0.6104,0.6104,0.7,vgae
2019,Genetics in Medicine,0.6486,0.6216,0.6216,0.7,vgae
2019,Global Spine Journal,0.1852,0.1852,0.1852,0.7,vgae
2019,Gut,0.9457,0.7829,0.7829,0.7,vgae
2019,Gynecologic Oncology,0.5345,0.4828,0.4828,0.7,vgae
2019,Haematologica,0.623,0.541,0.541,0.7,vgae
2019,Health Affairs,1.7917,1.7083,1.7083,0.7,vgae
2019,Health and Quality of Life Outcomes,0.2069,0.1379,0.1379,0.7,vgae
2019,Heart,0.6087,0.4565,0.4565,0.7,vgae
2019,Heart Rhythm,1.4528,1.3208,1.3208,0.7,vgae
2019,Hepatology,1.2048,1.0619,1.0619,0.7,vgae
2019,Human Brain Mapping,1.0741,0.9259,0.9259,0.7,vgae
2019,Human Molecular Genetics,0.7083,0.625,0.625,0.7,vgae
2019,Human Reproduction,0.7172,0.6263,0.6263,0.7,vgae
2019,Hypertension,0.5185,0.4321,0.4321,0.7,vgae
2019,IEEE Access,0.6053,0.5,0.5,0.7,vgae
2019,IEEE Journal of Biomedical and Health Informatics,0.625,0.6,0.6,0.7,vgae
2019,IEEE Transactions on Biomedical Engineering,0.6471,0.5294,0.5294,0.7,vgae
2019,IEEE Transactions on Medical Imaging,1.675,1.475,1.475,0.7,vgae
2019,Immunity,1.4444,1.25,1.25,0.7,vgae
2019,Industrial Crops and Products,0.4688,0.4062,0.4062,0.7,vgae
2019,Inflammatory Bowel Diseases,0.25,0.2,0.2,0.7,vgae
2019,Injury,0.32,0.2,0.2,0.7,vgae
2019,Intensive Care Medicine,1.44,1.3333,1.3333,0.7,vgae
2019,International Immunopharmacology,0.36,0.32,0.32,0.7,vgae
2019,International Journal of Behavioral Nutrition and Physical Activity,0.8958,0.7708,0.7708,0.7,vgae
2019,International Journal of Biological Macromolecules,0.3333,0.28,0.28,0.7,vgae
2019,International Journal of COPD,0.6,0.5,0.5,0.7,vgae
2019,International Journal of Cancer,0.6353,0.4824,0.4824,0.7,vgae
2019,International Journal of Cardiology,0.5424,0.4576,0.4576,0.7,vgae
2019,International Journal of Drug Policy,2.1026,1.9487,1.9487,0.7,vgae
2019,International Journal of Environmental Research and Public Health,0.3469,0.2857,0.2857,0.7,vgae
2019,International Journal of Epidemiology,0.4571,0.2286,0.2286,0.7,vgae
2019,International Journal of Gynecology & Obstetrics,0.4762,0.4762,0.4762,0.7,vgae
2019,International Journal of Molecular Medicine,0.1429,0.0952,0.0952,0.7,vgae
2019,International Journal of Molecular Sciences,0.4375,0.3375,0.3375,0.7,vgae
2019,International Journal of Nanomedicine,0.4516,0.3548,0.3548,0.7,vgae
2019,International Journal of Obesity,0.4286,0.4,0.4,0.7,vgae
2019,International Journal of Pharmaceutics,0.1379,0.1034,0.1034,0.7,vgae
2019,International Journal of Radiation Oncology*Biology*Physics,0.593,0.4767,0.4767,0.7,vgae
2019,International Journal of Sports Physiology and Performance,1.5938,1.4688,1.4688,0.7,vgae
2019,International Journal of Stroke,1.6,1.3,1.3,0.7,vgae
2019,International Orthopaedics,0.5652,0.5217,0.5217,0.7,vgae
2019,Investigative Ophthalmology & Visual Science,1.3295,1.2727,1.2727,0.7,vgae
2019,JACC Heart Failure,0.6111,0.5278,0.5278,0.7,vgae
2019,JACC. Cardiovascular imaging,0.5758,0.4848,0.4848,0.7,vgae
2019,JACC. Clinical electrophysiology,0.425,0.425,0.425,0.7,vgae
2019,JACC: Cardiovascular Interventions,1.05,0.88,0.88,0.7,vgae
2019,JAIDS Journal of Acquired Immune Deficiency Syndromes,1.0714,1.0357,1.0357,0.7,vgae
2019,JAMA,2.1404,1.8889,1.8889,0.7,vgae
2019,JAMA Cardiology,1.2159,1.0682,1.0682,0.7,vgae
2019,JAMA Dermatology,0.6071,0.5,0.5,0.7,vgae
2019,JAMA Internal Medicine,1.25,1.0761,1.0761,0.7,vgae
2019,JAMA Network Open,0.1077,0.1077,0.1077,0.7,vgae
2019,JAMA Neurology,1.3769,1.2923,1.2923,0.7,vgae
2019,JAMA Oncology,1.5404,1.3292,1.3292,0.7,vgae
2019,JAMA Ophthalmology,1.2273,1.1364,1.1364,0.7,vgae
2019,JAMA Pediatrics,1.05,0.8125,0.8125,0.7,vgae
2019,JAMA Psychiatry,1.6714,1.4571,1.4571,0.7,vgae
2019,JAMA Surgery,1.2469,1.1605,1.1605,0.7,vgae
2019,JCI Insight,0.7778,0.6797,0.6797,0.7,vgae
2019,JMIR mhealth and uhealth,0.5294,0.4118,0.4118,0.7,vgae
2019,JNCI Journal of the National Cancer Institute,1.125,0.9722,0.9722,0.7,vgae
2019,Journal for ImmunoTherapy of Cancer,1.2653,1.1429,1.1429,0.7,vgae
2019,Journal of Adolescent Health,0.6,0.6,0.6,0.7,vgae
2019,Journal of Affective Disorders,0.0682,0.0227,0.0227,0.7,vgae
2019,Journal of Agricultural and Food Chemistry,0.36,0.36,0.36,0.7,vgae
2019,Journal of Allergy and Clinical Immunology,0.7273,0.5455,0.5455,0.7,vgae
2019,Journal of Alzheimer s Disease,0.7121,0.5758,0.5758,0.7,vgae
2019,Journal of Antimicrobial Chemotherapy,1.36,1.16,1.16,0.7,vgae
2019,Journal of Applied Physiology,0.4762,0.4286,0.4286,0.7,vgae
2019,Journal of Biological Chemistry,0.8194,0.6806,0.6806,0.7,vgae
2019,Journal of Biomechanics,0.25,0.05,0.05,0.7,vgae
2019,Journal of Bone and Joint Surgery,0.8056,0.7222,0.7222,0.7,vgae
2019,Journal of Bone and Mineral Research,1.0,0.9583,0.9583,0.7,vgae
2019,Journal of Cachexia Sarcopenia and Muscle,2.0,1.8298,1.8298,0.7,vgae
2019,Journal of Cancer Research and Clinical Oncology,0.5714,0.4762,0.4762,0.7,vgae
2019,Journal of Cataract & Refractive Surgery,0.5714,0.5714,0.5714,0.7,vgae
2019,Journal of Cellular Physiology,0.2647,0.2647,0.2647,0.7,vgae
2019,Journal of Cellular and Molecular Medicine,0.4138,0.3103,0.3103,0.7,vgae
2019,Journal of Clinical Investigation,0.9765,0.9059,0.9059,0.7,vgae
2019,Journal of Clinical Medicine,0.0909,0.0909,0.0909,0.7,vgae
2019,Journal of Clinical Microbiology,1.1702,0.9362,0.9362,0.7,vgae
2019,Journal of Clinical Oncology,2.4469,2.1925,2.1925,0.7,vgae
2019,Journal of Controlled Release,0.2667,0.1667,0.1667,0.7,vgae
2019,Journal of Critical Care,0.2174,0.1739,0.1739,0.7,vgae
2019,Journal of Experimental & Clinical Cancer Research,0.2,0.2,0.2,0.7,vgae
2019,Journal of Functional Foods,0.2778,0.2222,0.2222,0.7,vgae
2019,Journal of General Internal Medicine,0.9,0.9,0.9,0.7,vgae
2019,Journal of Glaucoma,1.6,1.55,1.55,0.7,vgae
2019,Journal of Hematology & Oncology,0.6207,0.4828,0.4828,0.7,vgae
2019,Journal of Hepatology,1.9355,1.7613,1.7613,0.7,vgae
2019,Journal of Investigative Dermatology,0.5741,0.463,0.463,0.7,vgae
2019,Journal of Lipid Research,0.4348,0.3913,0.3913,0.7,vgae
2019,Journal of Magnetic Resonance Imaging,1.1136,0.9318,0.9318,0.7,vgae
2019,Journal of Medical Internet Research,0.3585,0.2264,0.2264,0.7,vgae
2019,Journal of Medicinal Chemistry,0.44,0.4,0.4,0.7,vgae
2019,Journal of Neuro-Oncology,0.4118,0.4118,0.4118,0.7,vgae
2019,Journal of NeuroInterventional Surgery,0.9762,0.8095,0.8095,0.7,vgae
2019,Journal of Neuroinflammation,0.3538,0.3231,0.3231,0.7,vgae
2019,Journal of Neurology,0.5172,0.3793,0.3793,0.7,vgae
2019,Journal of Neurology Neurosurgery & Psychiatry,0.6833,0.5667,0.5667,0.7,vgae
2019,Journal of Neuroscience,1.0714,0.9571,0.9571,0.7,vgae
2019,Journal of Neurosurgery Spine,0.5926,0.5926,0.5926,0.7,vgae
2019,Journal of Neurotrauma,0.6667,0.549,0.549,0.7,vgae
2019,Journal of Nuclear Medicine,1.6944,1.5741,1.5741,0.7,vgae
2019,Journal of Nutrition,0.9259,0.7037,0.7037,0.7,vgae
2019,Journal of Orthopaedic and Sports Physical Therapy,0.7308,0.5,0.5,0.7,vgae
2019,Journal of Pain,0.5357,0.5,0.5,0.7,vgae
2019,Journal of Pain and Symptom Management,0.48,0.48,0.48,0.7,vgae
2019,Journal of Pineal Research,1.381,1.2381,1.2381,0.7,vgae
2019,Journal of Shoulder and Elbow Surgery,0.3617,0.3404,0.3404,0.7,vgae
2019,Journal of Sports Sciences,0.7143,0.619,0.619,0.7,vgae
2019,Journal of Substance Abuse Treatment,0.85,0.7,0.7,0.7,vgae
2019,Journal of Surgical Oncology,0.5455,0.5,0.5,0.7,vgae
2019,Journal of Thoracic Disease,0.7727,0.5909,0.5909,0.7,vgae
2019,Journal of Thoracic Oncology,1.0167,0.95,0.95,0.7,vgae
2019,Journal of Thoracic and Cardiovascular Surgery,0.2985,0.2537,0.2537,0.7,vgae
2019,Journal of Thrombosis and Haemostasis,0.4074,0.3704,0.3704,0.7,vgae
2019,Journal of Translational Medicine,0.2759,0.2759,0.2759,0.7,vgae
2019,Journal of Vascular Surgery,0.4194,0.2742,0.2742,0.7,vgae
2019,Journal of Virology,0.7326,0.6628,0.6628,0.7,vgae
2019,Journal of clinical lipidology,0.6,0.55,0.55,0.7,vgae
2019,Journal of neurosurgery,0.493,0.3803,0.3803,0.7,vgae
2019,Journal of science and medicine in sport,0.5909,0.4545,0.4545,0.7,vgae
2019,Journal of the American Academy of Dermatology,1.0208,0.9167,0.9167,0.7,vgae
2019,Journal of the American Chemical Society,0.7174,0.6739,0.6739,0.7,vgae
2019,Journal of the American College of Cardiology,1.5215,1.3712,1.3712,0.7,vgae
2019,Journal of the American College of Radiology,1.2069,1.0345,1.0345,0.7,vgae
2019,Journal of the American College of Surgeons,0.7381,0.6429,0.6429,0.7,vgae
2019,Journal of the American Geriatrics Society,0.7097,0.5161,0.5161,0.7,vgae
2019,Journal of the American Heart Association,0.8945,0.7156,0.7156,0.7,vgae
2019,Journal of the American Medical Directors Association,1.3585,1.0189,1.0189,0.7,vgae
2019,Journal of the American Society of Nephrology,0.5876,0.4639,0.4639,0.7,vgae
2019,Journal of the European Academy of Dermatology and Venereology,0.4091,0.3182,0.3182,0.7,vgae
2019,Journal of the International AIDS Society,1.3548,1.1935,1.1935,0.7,vgae
2019,Journal of the National Comprehensive Cancer Network,2.6122,2.4286,2.4286,0.7,vgae
2019,Kidney International,0.7222,0.6111,0.6111,0.7,vgae
2019,Knee Surgery Sports Traumatology Arthroscopy,0.6316,0.5965,0.5965,0.7,vgae
2019,LWT,0.4333,0.3667,0.3667,0.7,vgae
2019,Lara D. Veeken,0.5606,0.4091,0.4091,0.7,vgae
2019,Leukemia,1.0396,0.8218,0.8218,0.7,vgae
2019,Life Sciences,0.2381,0.2381,0.2381,0.7,vgae
2019,Lipids in Health and Disease,0.32,0.28,0.28,0.7,vgae
2019,Liver International,1.0714,0.9643,0.9643,0.7,vgae
2019,Liver Transplantation,1.2,1.2,1.2,0.7,vgae
2019,Lung Cancer,1.5128,1.4615,1.4615,0.7,vgae
2019,MMWR Morbidity and Mortality Weekly Report,3.4825,3.0877,3.0877,0.7,vgae
2019,Magnetic Resonance in Medicine,1.75,1.5625,1.5625,0.7,vgae
2019,Malaria Journal,0.7808,0.6712,0.6712,0.7,vgae
2019,Materials Science and Engineering C,0.2308,0.1538,0.1538,0.7,vgae
2019,Medical Image Analysis,2.04,1.6,1.6,0.7,vgae
2019,Medical Physics,1.65,1.575,1.575,0.7,vgae
2019,Medical Teacher,1.0,0.6129,0.6129,0.7,vgae
2019,Medicine,0.3108,0.2432,0.2432,0.7,vgae
2019,Medicine & Science in Sports & Exercise,0.6724,0.5345,0.5345,0.7,vgae
2019,Menopause The Journal of The North American Menopause Society,0.9583,0.7917,0.7917,0.7,vgae
2019,Microbiome,0.6207,0.5862,0.5862,0.7,vgae
2019,Modern Pathology,1.2059,1.0735,1.0735,0.7,vgae
2019,Molecular Cancer Research,0.4348,0.3913,0.3913,0.7,vgae
2019,Molecular Cancer Therapeutics,1.0625,1.0,1.0,0.7,vgae
2019,Molecular Cell,0.9524,0.7857,0.7857,0.7,vgae
2019,Molecular Metabolism,0.5625,0.4375,0.4375,0.7,vgae
2019,Molecular Neurobiology,0.5385,0.4615,0.4615,0.7,vgae
2019,Molecular Neurodegeneration,0.6875,0.625,0.625,0.7,vgae
2019,Molecular Nutrition & Food Research,0.4286,0.2857,0.2857,0.7,vgae
2019,Molecular Pharmaceutics,0.7619,0.7143,0.7143,0.7,vgae
2019,Molecular Psychiatry,1.1111,0.9778,0.9778,0.7,vgae
2019,Molecular Therapy,1.5156,1.3906,1.3906,0.7,vgae
2019,Molecules,0.2222,0.1587,0.1587,0.7,vgae
2019,Movement Disorders,0.8103,0.7586,0.7586,0.7,vgae
2019,Multiple Sclerosis Journal,0.8636,0.6818,0.6818,0.7,vgae
2019,Nature,4.4076,4.0948,4.0948,0.7,vgae
2019,Nature Biomedical Engineering,0.8485,0.7576,0.7576,0.7,vgae
2019,Nature Cell Biology,1.6098,1.3171,1.3171,0.7,vgae
2019,Nature Chemical Biology,0.9333,0.7,0.7,0.7,vgae
2019,Nature Communications,0.8926,0.7713,0.7713,0.7,vgae
2019,Nature Genetics,2.54,2.2,2.2,0.7,vgae
2019,Nature Immunology,1.3478,1.0435,1.0435,0.7,vgae
2019,Nature Medicine,1.942,1.7464,1.7464,0.7,vgae
2019,Nature Microbiology,0.8868,0.7358,0.7358,0.7,vgae
2019,Nature Neuroscience,1.5938,1.4375,1.4375,0.7,vgae
2019,Nephrology Dialysis Transplantation,0.2564,0.2308,0.2308,0.7,vgae
2019,Neuro-Oncology,1.3279,1.2131,1.2131,0.7,vgae
2019,NeuroImage,1.2393,1.1111,1.1111,0.7,vgae
2019,NeuroImage Clinical,0.6207,0.5172,0.5172,0.7,vgae
2019,Neurobiology of Aging,0.6122,0.5714,0.5714,0.7,vgae
2019,Neurobiology of Disease,0.8621,0.8621,0.8621,0.7,vgae
2019,Neurology,1.0141,0.8803,0.8803,0.7,vgae
2019,Neurology Neuroimmunology & Neuroinflammation,0.8621,0.8621,0.8621,0.7,vgae
2019,Neuron,1.3696,1.1739,1.1739,0.7,vgae
2019,Neuropharmacology,0.619,0.5714,0.5714,0.7,vgae
2019,Neuropsychopharmacology,0.7097,0.5484,0.5484,0.7,vgae
2019,Neurosurgery,0.325,0.3,0.3,0.7,vgae
2019,Neurosurgical FOCUS,0.68,0.68,0.68,0.7,vgae
2019,New England Journal of Medicine,5.0951,4.7268,4.7268,0.7,vgae
2019,Nicotine & Tobacco Research,1.2083,1.125,1.125,0.7,vgae
2019,Nucleic Acids Research,1.3333,1.1389,1.1389,0.7,vgae
2019,Nutrients,0.3175,0.2381,0.2381,0.7,vgae
2019,Obesity,0.6296,0.4815,0.4815,0.7,vgae
2019,Obesity Surgery,1.0465,1.0,1.0,0.7,vgae
2019,Obstetrics and Gynecology,1.2143,1.0306,1.0306,0.7,vgae
2019,OncoImmunology,0.7011,0.6207,0.6207,0.7,vgae
2019,Oncogene,0.4416,0.3506,0.3506,0.7,vgae
2019,Oncotarget,0.8955,0.7562,0.7562,0.7,vgae
2019,Open Forum Infectious Diseases,0.3636,0.2727,0.2727,0.7,vgae
2019,Ophthalmology,1.0455,0.9621,0.9621,0.7,vgae
2019,Oral Oncology,0.5714,0.4571,0.4571,0.7,vgae
2019,Orthopaedic Journal of Sports Medicine,0.4118,0.3529,0.3529,0.7,vgae
2019,Osteoarthritis and Cartilage,0.7619,0.619,0.619,0.7,vgae
2019,Osteoporosis International,0.8462,0.8077,0.8077,0.7,vgae
2019,Otolaryngology,0.25,0.25,0.25,0.7,vgae
2019,Oxidative Medicine and Cellular Longevity,0.3415,0.2683,0.2683,0.7,vgae
2019,PEDIATRICS,0.907,0.8217,0.8217,0.7,vgae
2019,PLoS Biology,0.5417,0.5,0.5,0.7,vgae
2019,PLoS Genetics,0.5,0.4333,0.4333,0.7,vgae
2019,PLoS Medicine,1.0602,0.8271,0.8271,0.7,vgae
2019,PLoS ONE,0.537,0.4373,0.4373,0.7,vgae
2019,PLoS Pathogens,1.3178,1.1783,1.1783,0.7,vgae
2019,PLoS neglected tropical diseases,0.6692,0.5077,0.5077,0.7,vgae
2019,Pain,0.6567,0.5672,0.5672,0.7,vgae
2019,Parasites & Vectors,0.3667,0.3667,0.3667,0.7,vgae
2019,Pediatric Blood & Cancer,1.0952,0.9048,0.9048,0.7,vgae
2019,Pediatric Critical Care Medicine,0.5238,0.4286,0.4286,0.7,vgae
2019,Pediatric Diabetes,0.381,0.381,0.381,0.7,vgae
2019,PeerJ,0.2727,0.2727,0.2727,0.7,vgae
2019,Physics in Medicine and Biology,0.6667,0.4583,0.4583,0.7,vgae
2019,Phytomedicine,0.1333,0.1333,0.1333,0.7,vgae
2019,Plastic & Reconstructive Surgery,1.0161,0.8226,0.8226,0.7,vgae
2019,Preventive Medicine,0.8974,0.7436,0.7436,0.7,vgae
2019,Proceedings of the National Academy of Sciences,0.8671,0.7275,0.7275,0.7,vgae
2019,Psycho-Oncology,0.28,0.16,0.16,0.7,vgae
2019,Psychological Medicine,0.7143,0.5714,0.5714,0.7,vgae
2019,PubMed,0.9601,0.8472,0.8472,0.7,vgae
2019,Public Health Nutrition,2.2188,1.8438,1.8438,0.7,vgae
2019,Radiology,1.2138,1.0966,1.0966,0.7,vgae
2019,Radiotherapy and Oncology,0.6957,0.6087,0.6087,0.7,vgae
2019,Redox Biology,0.7736,0.6415,0.6415,0.7,vgae
2019,Regional Anesthesia & Pain Medicine,1.8182,1.5455,1.5455,0.7,vgae
2019,Reproductive Health,1.0682,0.9545,0.9545,0.7,vgae
2019,Respiratory Medicine,0.24,0.24,0.24,0.7,vgae
2019,Respiratory Research,0.4324,0.4054,0.4054,0.7,vgae
2019,Resuscitation,0.6444,0.5111,0.5111,0.7,vgae
2019,Retina,0.875,0.725,0.725,0.7,vgae
2019,Scandinavian Journal of Medicine and Science in Sports,0.4333,0.3667,0.3667,0.7,vgae
2019,Schizophrenia Bulletin,0.45,0.4,0.4,0.7,vgae
2019,Schizophrenia Research,0.3043,0.2609,0.2609,0.7,vgae
2019,Science,3.7712,3.4492,3.4492,0.7,vgae
2019,Science Advances,0.4667,0.4667,0.4667,0.7,vgae
2019,Science Translational Medicine,1.5402,1.3966,1.3966,0.7,vgae
2019,Scientific Reports,0.6678,0.5702,0.5702,0.7,vgae
2019,Sensors,0.4483,0.4483,0.4483,0.7,vgae
2019,Social Science & Medicine,0.15,0.15,0.15,0.7,vgae
2019,Spine,0.4286,0.3393,0.3393,0.7,vgae
2019,Sports Medicine,0.84,0.8,0.8,0.7,vgae
2019,Stem Cell Reports,0.82,0.76,0.76,0.7,vgae
2019,Stem Cell Research & Therapy,0.4321,0.3704,0.3704,0.7,vgae
2019,Stem Cells Translational Medicine,0.3929,0.3214,0.3214,0.7,vgae
2019,Stroke,0.6902,0.6196,0.6196,0.7,vgae
2019,Supportive Care in Cancer,0.3902,0.3659,0.3659,0.7,vgae
2019,Surgery,0.3571,0.3214,0.3214,0.7,vgae
2019,Surgery for Obesity and Related Diseases,1.12,0.96,0.96,0.7,vgae
2019,Surgical Endoscopy,0.6575,0.5616,0.5616,0.7,vgae
2019,The American Journal of Cardiology,0.5909,0.4091,0.4091,0.7,vgae
2019,The American Journal of Gastroenterology,1.0972,0.9028,0.9028,0.7,vgae
2019,The American Journal of Human Genetics,0.6765,0.6176,0.6176,0.7,vgae
2019,The American Journal of Medicine,1.52,1.36,1.36,0.7,vgae
2019,The American Journal of Sports Medicine,0.8531,0.7832,0.7832,0.7,vgae
2019,The American Journal of Surgical Pathology,1.2073,1.0976,1.0976,0.7,vgae
2019,The Annals of Thoracic Surgery,0.6552,0.5345,0.5345,0.7,vgae
2019,The Bone & Joint Journal,0.9565,0.8261,0.8261,0.7,vgae
2019,The EMBO Journal,0.8049,0.6341,0.6341,0.7,vgae
2019,The FASEB Journal,0.5319,0.4681,0.4681,0.7,vgae
2019,The Journal of Allergy and Clinical Immunology In Practice,0.6786,0.5893,0.5893,0.7,vgae
2019,The Journal of Arthroplasty,0.6583,0.6083,0.6083,0.7,vgae
2019,The Journal of Cell Biology,0.6333,0.5667,0.5667,0.7,vgae
2019,The Journal of Clinical Endocrinology & Metabolism,0.75,0.5956,0.5956,0.7,vgae
2019,The Journal of Experimental Medicine,1.9286,1.8393,1.8393,0.7,vgae
2019,The Journal of Headache and Pain,0.375,0.3333,0.3333,0.7,vgae
2019,The Journal of Heart and Lung Transplantation,0.7037,0.5185,0.5185,0.7,vgae
2019,The Journal of Immunology,0.6296,0.537,0.537,0.7,vgae
2019,The Journal of Infectious Diseases,0.7553,0.6809,0.6809,0.7,vgae
2019,The Journal of Nutritional Biochemistry,0.3333,0.2381,0.2381,0.7,vgae
2019,The Journal of Pathology,1.1667,1.0,1.0,0.7,vgae
2019,The Journal of Pediatrics,0.625,0.5375,0.5375,0.7,vgae
2019,The Journal of Physiology,1.1818,1.1364,1.1364,0.7,vgae
2019,The Journal of Rheumatology,0.5833,0.4167,0.4167,0.7,vgae
2019,The Journal of Strength and Conditioning Research,0.6333,0.6,0.6,0.7,vgae
2019,"The Journal of Trauma: Injury, Infection, and Critical Care",0.6667,0.5952,0.5952,0.7,vgae
2019,The Journal of Urology,1.0625,1.0156,1.0156,0.7,vgae
2019,The Journals of Gerontology Series A,0.8148,0.6296,0.6296,0.7,vgae
2019,The Lancet,3.852,3.544,3.544,0.7,vgae
2019,The Lancet Child & Adolescent Health,0.7143,0.619,0.619,0.7,vgae
2019,The Lancet Diabetes & Endocrinology,2.4923,2.2462,2.2462,0.7,vgae
2019,The Lancet Global Health,0.7353,0.5882,0.5882,0.7,vgae
2019,The Lancet HIV,1.7647,1.5,1.5,0.7,vgae
2019,The Lancet Haematology,0.7609,0.5,0.5,0.7,vgae
2019,The Lancet Infectious Diseases,1.6044,1.4945,1.4945,0.7,vgae
2019,The Lancet Neurology,1.1194,0.9552,0.9552,0.7,vgae
2019,The Lancet Oncology,3.0226,2.6836,2.6836,0.7,vgae
2019,The Lancet Psychiatry,0.6364,0.4242,0.4242,0.7,vgae
2019,The Lancet Public Health,0.8462,0.7692,0.7692,0.7,vgae
2019,The Lancet Respiratory Medicine,1.3059,1.1882,1.1882,0.7,vgae
2019,The Laryngoscope,0.5,0.2917,0.2917,0.7,vgae
2019,The Oncologist,0.8333,0.7963,0.7963,0.7,vgae
2019,The Spine Journal,0.3684,0.2895,0.2895,0.7,vgae
2019,The journal of nutrition health & aging,0.2857,0.2381,0.2381,0.7,vgae
2019,Theranostics,0.5902,0.5574,0.5574,0.7,vgae
2019,Thorax,1.2449,1.0612,1.0612,0.7,vgae
2019,Thrombosis and Haemostasis,0.9231,0.8462,0.8462,0.7,vgae
2019,Thyroid,0.9333,0.8,0.8,0.7,vgae
2019,Tobacco Control,2.4054,2.2703,2.2703,0.7,vgae
2019,Translational Psychiatry,0.7083,0.5,0.5,0.7,vgae
2019,Transplantation,1.2059,1.0882,1.0882,0.7,vgae
2019,Trends in Food Science & Technology,1.2759,1.069,1.069,0.7,vgae
2019,Ultrasound in Obstetrics and Gynecology,1.1892,1.0541,1.0541,0.7,vgae
2019,Unknown,0.8365,0.673,0.673,0.7,vgae
2019,Vaccine,0.6042,0.3958,0.3958,0.7,vgae
2019,World Journal of Gastroenterology,0.75,0.6786,0.6786,0.7,vgae
2019,World Neurosurgery,0.4773,0.4318,0.4318,0.7,vgae
2019,World Psychiatry,2.2083,1.9583,1.9583,0.7,vgae
2019,eLife,1.125,0.9605,0.9605,0.7,vgae
2019,mBio,0.9341,0.8242,0.8242,0.7,vgae
2019,mSphere,0.9048,0.6667,0.6667,0.7,vgae
2019,The Lancet. Gastroenterology & hepatology,0.9737,0.7368,0.7368,0.7,vgae
2020,ACS Applied Materials & Interfaces,0.8393,0.7143,0.7143,0.7,vgae
2020,ACS Nano,0.4255,0.2979,0.2979,0.7,vgae
2020,AIDS,0.6667,0.5833,0.5833,0.7,vgae
2020,AIDS and Behavior,0.75,0.7143,0.7143,0.7,vgae
2020,Academic Medicine,0.6757,0.5946,0.5946,0.7,vgae
2020,Acta Biomaterialia,0.525,0.425,0.425,0.7,vgae
2020,Acta Neuropathologica,1.6778,1.4556,1.4556,0.7,vgae
2020,Acta Neuropathologica Communications,0.9298,0.8772,0.8772,0.7,vgae
2020,Addiction,1.381,1.3333,1.3333,0.7,vgae
2020,Addictive Behaviors,0.7188,0.625,0.625,0.7,vgae
2020,Advanced Functional Materials,0.7083,0.6667,0.6667,0.7,vgae
2020,Advanced Healthcare Materials,0.4091,0.4091,0.4091,0.7,vgae
2020,Advanced Materials,0.3182,0.2727,0.2727,0.7,vgae
2020,Advanced Science,1.35,1.35,1.35,0.7,vgae
2020,Advances in Therapy,0.8,0.65,0.65,0.7,vgae
2020,Age and Ageing,2.619,2.4286,2.4286,0.7,vgae
2020,Aging,0.413,0.3261,0.3261,0.7,vgae
2020,Aging Cell,1.1111,1.0556,1.0556,0.7,vgae
2020,Alimentary Pharmacology & Therapeutics,0.5957,0.5319,0.5319,0.7,vgae
2020,Allergy,1.1042,0.875,0.875,0.7,vgae
2020,Alzheimer s & Dementia,2.1039,1.961,1.961,0.7,vgae
2020,Alzheimer s Research & Therapy,0.7885,0.6538,0.6538,0.7,vgae
2020,American Heart Journal,1.4444,1.2963,1.2963,0.7,vgae
2020,American Journal of Clinical Nutrition,0.46,0.36,0.36,0.7,vgae
2020,American Journal of Hematology,0.975,0.9,0.9,0.7,vgae
2020,American Journal of Kidney Diseases,0.4194,0.2903,0.2903,0.7,vgae
2020,American Journal of Neuroradiology,0.8333,0.7667,0.7667,0.7,vgae
2020,American Journal of Obstetrics and Gynecology,0.7736,0.6604,0.6604,0.7,vgae
2020,American Journal of Ophthalmology,0.5455,0.4545,0.4545,0.7,vgae
2020,American Journal of Preventive Medicine,1.2581,1.1613,1.1613,0.7,vgae
2020,American Journal of Psychiatry,1.0857,1.0286,1.0286,0.7,vgae
2020,American Journal of Public Health,0.9744,0.8462,0.8462,0.7,vgae
2020,American Journal of Respiratory and Critical Care Medicine,1.0833,0.9464,0.9464,0.7,vgae
2020,American Journal of Roentgenology,1.0,0.9259,0.9259,0.7,vgae
2020,American Journal of Transplantation,1.4024,1.2073,1.2073,0.7,vgae
2020,Anaesthesia,1.0,0.7391,0.7391,0.7,vgae
2020,Anesthesia & Analgesia,0.2973,0.2162,0.2162,0.7,vgae
2020,Anesthesiology,0.6667,0.537,0.537,0.7,vgae
2020,Angewandte Chemie International Edition,0.3871,0.3226,0.3226,0.7,vgae
2020,Annals of Clinical and Translational Neurology,0.6522,0.6087,0.6087,0.7,vgae
2020,Annals of Intensive Care,0.5185,0.3333,0.3333,0.7,vgae
2020,Annals of Internal Medicine,2.1786,1.881,1.881,0.7,vgae
2020,Annals of Neurology,1.3942,1.3077,1.3077,0.7,vgae
2020,Annals of Oncology,1.8298,1.6649,1.6649,0.7,vgae
2020,Annals of Surgery,0.8363,0.7427,0.7427,0.7,vgae
2020,Annals of Surgical Oncology,0.6795,0.5513,0.5513,0.7,vgae
2020,Annals of the American Thoracic Society,0.5333,0.4,0.4,0.7,vgae
2020,Annals of the Rheumatic Diseases,0.669,0.507,0.507,0.7,vgae
2020,Antimicrobial Agents and Chemotherapy,0.9474,0.8596,0.8596,0.7,vgae
2020,Antimicrobial Resistance and Infection Control,0.3462,0.2308,0.2308,0.7,vgae
2020,Antioxidants,0.2083,0.1458,0.1458,0.7,vgae
2020,Applied Sciences,0.35,0.35,0.35,0.7,vgae
2020,Arteriosclerosis Thrombosis and Vascular Biology,0.4286,0.3333,0.3333,0.7,vgae
2020,Arthritis & Rheumatology,0.7168,0.6726,0.6726,0.7,vgae
2020,Arthritis Care & Research,0.5833,0.5417,0.5417,0.7,vgae
2020,Arthritis Research & Therapy,0.4833,0.4167,0.4167,0.7,vgae
2020,Arthroscopy The Journal of Arthroscopic and Related Surgery,0.7778,0.6667,0.6667,0.7,vgae
2020,Atherosclerosis,0.7333,0.6,0.6,0.7,vgae
2020,Autophagy,0.6306,0.5766,0.5766,0.7,vgae
2020,BJOG An International Journal of Obstetrics & Gynaecology,0.5833,0.5833,0.5833,0.7,vgae
2020,BMC Cancer,0.5036,0.4604,0.4604,0.7,vgae
2020,BMC Complementary and Alternative Medicine,0.2727,0.1818,0.1818,0.7,vgae
2020,BMC Genomics,0.2727,0.2273,0.2273,0.7,vgae
2020,BMC Geriatrics,0.2676,0.2254,0.2254,0.7,vgae
2020,BMC Health Services Research,0.194,0.1343,0.1343,0.7,vgae
2020,BMC Infectious Diseases,0.193,0.1579,0.1579,0.7,vgae
2020,BMC Medical Education,0.0909,0.0,0.0,0.7,vgae
2020,BMC Medicine,0.7662,0.6883,0.6883,0.7,vgae
2020,BMC Musculoskeletal Disorders,0.2083,0.1458,0.1458,0.7,vgae
2020,BMC Nephrology,0.16,0.08,0.08,0.7,vgae
2020,BMC Pediatrics,0.1304,0.0435,0.0435,0.7,vgae
2020,BMC Pregnancy and Childbirth,0.2679,0.2232,0.2232,0.7,vgae
2020,BMC Psychiatry,0.087,0.0435,0.0435,0.7,vgae
2020,BMC Public Health,0.1534,0.1288,0.1288,0.7,vgae
2020,BMC Pulmonary Medicine,0.4688,0.4375,0.4375,0.7,vgae
2020,BMC Research Notes,0.3,0.2667,0.2667,0.7,vgae
2020,BMC Women s Health,0.5455,0.303,0.303,0.7,vgae
2020,BMJ,1.4581,1.2291,1.2291,0.7,vgae
2020,BMJ Global Health,0.5789,0.3947,0.3947,0.7,vgae
2020,BMJ Open,0.4124,0.3446,0.3446,0.7,vgae
2020,BioMed Research International,0.2857,0.25,0.25,0.7,vgae
2020,Biochemical and Biophysical Research Communications,1.0263,0.9211,0.9211,0.7,vgae
2020,Biological Psychiatry,0.4815,0.4444,0.4444,0.7,vgae
2020,Biology of Blood and Marrow Transplantation,0.5676,0.5405,0.5405,0.7,vgae
2020,Biomaterials,0.7477,0.6577,0.6577,0.7,vgae
2020,Biomedical Optics Express,0.7391,0.6522,0.6522,0.7,vgae
2020,Biomedical Signal Processing and Control,0.8696,0.6522,0.6522,0.7,vgae
2020,Biomedicine & Pharmacotherapy,0.4688,0.4141,0.4141,0.7,vgae
2020,Bioorganic Chemistry,0.4348,0.3913,0.3913,0.7,vgae
2020,Blood,1.0036,0.8909,0.8909,0.7,vgae
2020,Blood Advances,0.5524,0.5048,0.5048,0.7,vgae
2020,Bone,0.2381,0.0952,0.0952,0.7,vgae
2020,Brain,1.0714,0.9481,0.9481,0.7,vgae
2020,Brain Behavior and Immunity,0.2759,0.2414,0.2414,0.7,vgae
2020,Breast Cancer Research,0.2286,0.1429,0.1429,0.7,vgae
2020,Breast Cancer Research and Treatment,0.5333,0.4,0.4,0.7,vgae
2020,British Journal of Anaesthesia,0.8676,0.75,0.75,0.7,vgae
2020,British Journal of Cancer,0.7973,0.6216,0.6216,0.7,vgae
2020,British Journal of Dermatology,0.7111,0.6444,0.6444,0.7,vgae
2020,British Journal of Haematology,0.5455,0.5,0.5,0.7,vgae
2020,British Journal of Ophthalmology,0.6486,0.5405,0.5405,0.7,vgae
2020,British Journal of Pharmacology,1.1212,1.1212,1.1212,0.7,vgae
2020,British Journal of Sports Medicine,0.4677,0.4194,0.4194,0.7,vgae
2020,British Journal of Urology,0.5333,0.4667,0.4667,0.7,vgae
2020,British journal of surgery,1.0339,0.9153,0.9153,0.7,vgae
2020,CHEST Journal,0.9375,0.8438,0.8438,0.7,vgae
2020,Cancer,0.963,0.8593,0.8593,0.7,vgae
2020,Cancer Cell,2.369,2.1667,2.1667,0.7,vgae
2020,Cancer Discovery,2.8171,2.5854,2.5854,0.7,vgae
2020,Cancer Immunology Immunotherapy,0.9394,0.8485,0.8485,0.7,vgae
2020,Cancer Immunology Research,0.8841,0.7971,0.7971,0.7,vgae
2020,Cancer Letters,0.625,0.575,0.575,0.7,vgae
2020,Cancer Management and Research,0.55,0.55,0.55,0.7,vgae
2020,Cancer Medicine,0.7091,0.6545,0.6545,0.7,vgae
2020,Cancer Research,0.812,0.7265,0.7265,0.7,vgae
2020,Cancer Science,0.3636,0.3636,0.3636,0.7,vgae
2020,Cancers,0.1765,0.1569,0.1569,0.7,vgae
2020,Carbohydrate Polymers,0.5769,0.4615,0.4615,0.7,vgae
2020,Cardiovascular Diabetology,1.0548,0.9863,0.9863,0.7,vgae
2020,Cardiovascular Research,0.3548,0.2581,0.2581,0.7,vgae
2020,Cell,2.8679,2.6981,2.6981,0.7,vgae
2020,Cell Death and Differentiation,0.7931,0.7586,0.7586,0.7,vgae
2020,Cell Death and Disease,0.5936,0.4813,0.4813,0.7,vgae
2020,Cell Host & Microbe,1.2931,1.1207,1.1207,0.7,vgae
2020,Cell Metabolism,1.6176,1.3824,1.3824,0.7,vgae
2020,Cell Reports,0.9357,0.7671,0.7671,0.7,vgae
2020,Cell stem cell,1.6667,1.5417,1.5417,0.7,vgae
2020,Cells,0.25,0.2143,0.2143,0.7,vgae
2020,Cellular Physiology and Biochemistry,0.68,0.6,0.6,0.7,vgae
2020,Cephalalgia,2.5143,2.4286,2.4286,0.7,vgae
2020,Chemical Engineering Journal,2.5,2.25,2.25,0.7,vgae
2020,Circulation,1.2245,1.0884,1.0884,0.7,vgae
2020,Circulation Arrhythmia and Electrophysiology,0.7838,0.6757,0.6757,0.7,vgae
2020,Circulation Cardiovascular Imaging,1.2188,1.0312,1.0312,0.7,vgae
2020,Circulation Cardiovascular Interventions,0.8286,0.8,0.8,0.7,vgae
2020,Circulation Cardiovascular Quality and Outcomes,0.5455,0.4091,0.4091,0.7,vgae
2020,Circulation Heart Failure,0.6216,0.5405,0.5405,0.7,vgae
2020,Circulation Research,0.4808,0.4423,0.4423,0.7,vgae
2020,Clinical Cancer Research,1.1842,1.0673,1.0673,0.7,vgae
2020,Clinical Gastroenterology and Hepatology,0.73,0.67,0.67,0.7,vgae
2020,Clinical Infectious Diseases,1.1,0.8941,0.8941,0.7,vgae
2020,Clinical Interventions in Aging,0.3077,0.3077,0.3077,0.7,vgae
2020,Clinical Journal of the American Society of Nephrology,0.6047,0.4186,0.4186,0.7,vgae
2020,Clinical Lung Cancer,0.6818,0.6364,0.6364,0.7,vgae
2020,Clinical Microbiology and Infection,1.1429,0.8929,0.8929,0.7,vgae
2020,Clinical Nutrition,0.8571,0.7143,0.7143,0.7,vgae
2020,Clinical Orthopaedics and Related Research,0.4792,0.375,0.375,0.7,vgae
2020,Clinical Pharmacology & Therapeutics,0.3929,0.25,0.25,0.7,vgae
2020,Clinical Rheumatology,0.25,0.15,0.15,0.7,vgae
2020,Clinical Transplantation,0.4688,0.4062,0.4062,0.7,vgae
2020,Communications Biology,0.2692,0.2692,0.2692,0.7,vgae
2020,Computer Methods and Programs in Biomedicine,1.1707,1.0,1.0,0.7,vgae
2020,Computers in Biology and Medicine,2.7727,2.5909,2.5909,0.7,vgae
2020,Critical Care,0.5769,0.3974,0.3974,0.7,vgae
2020,Critical Care Medicine,1.234,1.0957,1.0957,0.7,vgae
2020,Developmental Cell,1.1316,0.8684,0.8684,0.7,vgae
2020,Developmental Medicine & Child Neurology,0.8,0.65,0.65,0.7,vgae
2020,Diabetes,0.4878,0.439,0.439,0.7,vgae
2020,Diabetes Care,1.4675,1.2663,1.2663,0.7,vgae
2020,Diabetes Obesity and Metabolism,1.24,1.08,1.08,0.7,vgae
2020,Diabetes Research and Clinical Practice,1.8571,1.8214,1.8214,0.7,vgae
2020,Diabetes Technology & Therapeutics,1.9722,1.9167,1.9167,0.7,vgae
2020,Diabetologia,0.8261,0.7391,0.7391,0.7,vgae
2020,Diseases of the Colon & Rectum,0.3478,0.2609,0.2609,0.7,vgae
2020,Drug Design Development and Therapy,0.2083,0.1667,0.1667,0.7,vgae
2020,Drug and Alcohol Dependence,1.0476,0.9524,0.9524,0.7,vgae
2020,EBioMedicine,0.8609,0.7652,0.7652,0.7,vgae
2020,EClinicalMedicine,0.5238,0.381,0.381,0.7,vgae
2020,EMBO Molecular Medicine,0.7879,0.7273,0.7273,0.7,vgae
2020,EMBO Reports,0.95,0.9,0.9,0.7,vgae
2020,EP Europace,1.1818,1.0303,1.0303,0.7,vgae
2020,Emerging Microbes & Infections,1.2593,1.1111,1.1111,0.7,vgae
2020,Emerging infectious diseases,0.9216,0.8039,0.8039,0.7,vgae
2020,Endoscopy,1.0263,0.8421,0.8421,0.7,vgae
2020,Epilepsia,0.7959,0.7143,0.7143,0.7,vgae
2020,EuroIntervention,0.931,0.8966,0.8966,0.7,vgae
2020,European Heart Journal,1.5992,1.4752,1.4752,0.7,vgae
2020,European Heart Journal - Cardiovascular Imaging,0.9412,0.8824,0.8824,0.7,vgae
2020,European Journal of Cancer,0.945,0.8991,0.8991,0.7,vgae
2020,European Journal of Cardio-Thoracic Surgery,0.619,0.5714,0.5714,0.7,vgae
2020,European Journal of Endocrinology,0.3846,0.3077,0.3077,0.7,vgae
2020,European Journal of Epidemiology,1.0435,0.7391,0.7391,0.7,vgae
2020,European Journal of Heart Failure,1.2785,1.2152,1.2152,0.7,vgae
2020,European Journal of Medicinal Chemistry,0.3421,0.1842,0.1842,0.7,vgae
2020,European Journal of Nuclear Medicine and Molecular Imaging,1.0367,0.9358,0.9358,0.7,vgae
2020,European Journal of Nutrition,0.5769,0.3846,0.3846,0.7,vgae
2020,European Journal of Pharmacology,0.35,0.15,0.15,0.7,vgae
2020,European Journal of Preventive Cardiology,0.4074,0.3704,0.3704,0.7,vgae
2020,European Journal of Radiology,1.1111,1.1111,1.1111,0.7,vgae
2020,European Journal of Surgical Oncology,0.4815,0.3333,0.3333,0.7,vgae
2020,European Radiology,1.2754,1.1667,1.1667,0.7,vgae
2020,European Respiratory Journal,0.7985,0.709,0.709,0.7,vgae
2020,European Spine Journal,0.6154,0.4231,0.4231,0.7,vgae
2020,European Urology,1.119,1.0397,1.0397,0.7,vgae
2020,Eurosurveillance,2.0833,1.8333,1.8333,0.7,vgae
2020,Experimental & Molecular Medicine,0.1667,0.125,0.125,0.7,vgae
2020,Expert Systems with Applications,2.0952,2.0,2.0,0.7,vgae
2020,Fertility and Sterility,0.8806,0.7313,0.7313,0.7,vgae
2020,Food & Function,0.2931,0.2241,0.2241,0.7,vgae
2020,Food Chemistry,0.6478,0.4717,0.4717,0.7,vgae
2020,Food Research International,0.8261,0.6087,0.6087,0.7,vgae
2020,Food and Chemical Toxicology,0.5909,0.5,0.5,0.7,vgae
2020,Free Radical Biology and Medicine,0.9057,0.7736,0.7736,0.7,vgae
2020,Frontiers in Aging Neuroscience,0.4364,0.3818,0.3818,0.7,vgae
2020,Frontiers in Endocrinology,0.4333,0.3,0.3,0.7,vgae
2020,Frontiers in Immunology,0.3947,0.3421,0.3421,0.7,vgae
2020,Frontiers in Microbiology,0.4731,0.3978,0.3978,0.7,vgae
2020,Frontiers in Molecular Neuroscience,0.3182,0.2273,0.2273,0.7,vgae
2020,Frontiers in Neurology,0.2923,0.1846,0.1846,0.7,vgae
2020,Frontiers in Neuroscience,0.4808,0.4038,0.4038,0.7,vgae
2020,Frontiers in Oncology,0.3333,0.3175,0.3175,0.7,vgae
2020,Frontiers in Pharmacology,0.65,0.55,0.55,0.7,vgae
2020,Frontiers in Physiology,0.4333,0.3667,0.3667,0.7,vgae
2020,Frontiers in Psychiatry,0.2381,0.1905,0.1905,0.7,vgae
2020,Frontiers in Psychology,0.5,0.4,0.4,0.7,vgae
2020,Frontiers in Public Health,0.35,0.2,0.2,0.7,vgae
2020,Gastric Cancer,1.2333,1.2,1.2,0.7,vgae
2020,Gastroenterology,1.4564,1.2923,1.2923,0.7,vgae
2020,Gastrointestinal Endoscopy,0.9,0.8286,0.8286,0.7,vgae
2020,Genetics in Medicine,0.6842,0.5263,0.5263,0.7,vgae
2020,Gut,0.9435,0.7823,0.7823,0.7,vgae
2020,Gynecologic Oncology,0.4737,0.4035,0.4035,0.7,vgae
2020,Haematologica,0.8493,0.7945,0.7945,0.7,vgae
2020,Health Affairs,0.375,0.25,0.25,0.7,vgae
2020,Health and Quality of Life Outcomes,0.1852,0.1852,0.1852,0.7,vgae
2020,Heart,1.1471,1.0588,1.0588,0.7,vgae
2020,Heart Rhythm,0.7674,0.7209,0.7209,0.7,vgae
2020,Hepatology,1.2388,1.1493,1.1493,0.7,vgae
2020,Human Brain Mapping,1.1034,1.1034,1.1034,0.7,vgae
2020,Human Molecular Genetics,0.8235,0.6471,0.6471,0.7,vgae
2020,Human Reproduction,0.9286,0.8214,0.8214,0.7,vgae
2020,Hypertension,0.5529,0.5059,0.5059,0.7,vgae
2020,IEEE Access,0.7727,0.7159,0.7159,0.7,vgae
2020,IEEE Journal of Biomedical and Health Informatics,1.3396,1.2453,1.2453,0.7,vgae
2020,IEEE Transactions on Biomedical Engineering,0.8571,0.7619,0.7619,0.7,vgae
2020,IEEE Transactions on Medical Imaging,2.617,2.3723,2.3723,0.7,vgae
2020,Immunity,2.2157,2.0196,2.0196,0.7,vgae
2020,Industrial Crops and Products,0.4706,0.4412,0.4412,0.7,vgae
2020,Inflammatory Bowel Diseases,0.85,0.8,0.8,0.7,vgae
2020,Intensive Care Medicine,0.9365,0.8413,0.8413,0.7,vgae
2020,International Breastfeeding Journal,0.55,0.5,0.5,0.7,vgae
2020,International Immunopharmacology,0.3256,0.2558,0.2558,0.7,vgae
2020,International Journal of Behavioral Nutrition and Physical Activity,0.3333,0.2308,0.2308,0.7,vgae
2020,International Journal of Biological Macromolecules,0.6263,0.4747,0.4747,0.7,vgae
2020,International Journal of Biological Sciences,0.1304,0.0435,0.0435,0.7,vgae
2020,International Journal of Cancer,0.7684,0.6842,0.6842,0.7,vgae
2020,International Journal of Cardiology,0.75,0.5455,0.5455,0.7,vgae
2020,International Journal of Computer Assisted Radiology and Surgery,0.85,0.6,0.6,0.7,vgae
2020,International Journal of Drug Policy,1.413,1.3478,1.3478,0.7,vgae
2020,International Journal of Environmental Research and Public Health,0.219,0.1333,0.1333,0.7,vgae
2020,International Journal of Epidemiology,0.6857,0.6,0.6,0.7,vgae
2020,International Journal of Gynecology & Obstetrics,1.4762,1.4286,1.4286,0.7,vgae
2020,International Journal of Molecular Medicine,0.2381,0.2381,0.2381,0.7,vgae
2020,International Journal of Molecular Sciences,0.3043,0.2609,0.2609,0.7,vgae
2020,International Journal of Nanomedicine,0.4333,0.3667,0.3667,0.7,vgae
2020,International Journal of Obesity,0.5217,0.4348,0.4348,0.7,vgae
2020,International Journal of Pharmaceutics,0.3226,0.1935,0.1935,0.7,vgae
2020,International Journal of Radiation Oncology*Biology*Physics,0.5634,0.507,0.507,0.7,vgae
2020,Investigative Ophthalmology & Visual Science,0.8361,0.7213,0.7213,0.7,vgae
2020,JACC Heart Failure,1.0,0.9545,0.9545,0.7,vgae
2020,JACC. Cardiovascular imaging,0.9545,0.8409,0.8409,0.7,vgae
2020,JACC. Clinical electrophysiology,1.0,0.875,0.875,0.7,vgae
2020,JACC: Cardiovascular Interventions,0.9495,0.8384,0.8384,0.7,vgae
2020,JAIDS Journal of Acquired Immune Deficiency Syndromes,0.6364,0.5909,0.5909,0.7,vgae
2020,JAMA,2.0058,1.7275,1.7275,0.7,vgae
2020,JAMA Cardiology,1.1458,1.0417,1.0417,0.7,vgae
2020,JAMA Dermatology,0.7547,0.566,0.566,0.7,vgae
2020,JAMA Internal Medicine,1.26,1.0,1.0,0.7,vgae
2020,JAMA Network Open,0.6009,0.5322,0.5322,0.7,vgae
2020,JAMA Neurology,1.1448,1.0552,1.0552,0.7,vgae
2020,JAMA Oncology,1.7011,1.6149,1.6149,0.7,vgae
2020,JAMA Ophthalmology,1.0678,0.9661,0.9661,0.7,vgae
2020,JAMA Otolaryngology–Head & Neck Surgery,0.2273,0.2273,0.2273,0.7,vgae
2020,JAMA Pediatrics,0.9726,0.8082,0.8082,0.7,vgae
2020,JAMA Psychiatry,1.1875,0.9375,0.9375,0.7,vgae
2020,JAMA Surgery,0.5844,0.4286,0.4286,0.7,vgae
2020,JCI Insight,0.7798,0.6548,0.6548,0.7,vgae
2020,JCO Precision Oncology,1.381,1.3333,1.3333,0.7,vgae
2020,JMIR mhealth and uhealth,0.4595,0.4324,0.4324,0.7,vgae
2020,JNCI Journal of the National Cancer Institute,0.8667,0.7833,0.7833,0.7,vgae
2020,Journal for ImmunoTherapy of Cancer,0.8657,0.806,0.806,0.7,vgae
2020,Journal of Affective Disorders,0.2623,0.1967,0.1967,0.7,vgae
2020,Journal of Agricultural and Food Chemistry,0.371,0.3226,0.3226,0.7,vgae
2020,Journal of Allergy and Clinical Immunology,0.967,0.8352,0.8352,0.7,vgae
2020,Journal of Alzheimer s Disease,0.7097,0.6129,0.6129,0.7,vgae
2020,Journal of Antimicrobial Chemotherapy,0.5758,0.4242,0.4242,0.7,vgae
2020,Journal of Applied Physiology,0.7826,0.3913,0.3913,0.7,vgae
2020,Journal of Assisted Reproduction and Genetics,0.3,0.25,0.25,0.7,vgae
2020,Journal of Biological Chemistry,0.625,0.5417,0.5417,0.7,vgae
2020,Journal of Bone and Joint Surgery,0.7423,0.6289,0.6289,0.7,vgae
2020,Journal of Bone and Mineral Research,0.8333,0.6875,0.6875,0.7,vgae
2020,Journal of Cachexia Sarcopenia and Muscle,1.4694,1.449,1.449,0.7,vgae
2020,Journal of Cancer,0.24,0.24,0.24,0.7,vgae
2020,Journal of Cancer Research and Clinical Oncology,0.8261,0.8261,0.8261,0.7,vgae
2020,Journal of Cardiovascular Magnetic Resonance,0.9524,0.8571,0.8571,0.7,vgae
2020,Journal of Cataract & Refractive Surgery,0.2273,0.1364,0.1364,0.7,vgae
2020,Journal of Cellular Physiology,0.413,0.3913,0.3913,0.7,vgae
2020,Journal of Cellular and Molecular Medicine,0.5758,0.4242,0.4242,0.7,vgae
2020,Journal of Clinical Investigation,0.9901,0.9015,0.9015,0.7,vgae
2020,Journal of Clinical Medicine,0.3763,0.3548,0.3548,0.7,vgae
2020,Journal of Clinical Microbiology,0.7647,0.6471,0.6471,0.7,vgae
2020,Journal of Clinical Oncology,2.2524,2.0967,2.0967,0.7,vgae
2020,Journal of Controlled Release,0.2821,0.1795,0.1795,0.7,vgae
2020,Journal of Critical Care,0.6522,0.5652,0.5652,0.7,vgae
2020,Journal of Diabetes Research,0.0952,0.0952,0.0952,0.7,vgae
2020,Journal of Ethnopharmacology,0.1111,0.1111,0.1111,0.7,vgae
2020,Journal of Experimental & Clinical Cancer Research,0.2568,0.2568,0.2568,0.7,vgae
2020,Journal of Functional Foods,0.8,0.6,0.6,0.7,vgae
2020,Journal of Gastroenterology,0.5714,0.4762,0.4762,0.7,vgae
2020,Journal of General Internal Medicine,0.5806,0.5806,0.5806,0.7,vgae
2020,Journal of Hematology & Oncology,1.0,0.875,0.875,0.7,vgae
2020,Journal of Hepatology,1.4524,1.2738,1.2738,0.7,vgae
2020,Journal of Hypertension,0.9565,0.8696,0.8696,0.7,vgae
2020,Journal of Investigative Dermatology,1.3333,1.1389,1.1389,0.7,vgae
2020,Journal of Lipid Research,0.5,0.3636,0.3636,0.7,vgae
2020,Journal of Magnetic Resonance Imaging,1.3333,1.2619,1.2619,0.7,vgae
2020,Journal of Medical Internet Research,0.4242,0.3333,0.3333,0.7,vgae
2020,Journal of Medicinal Chemistry,0.525,0.475,0.475,0.7,vgae
2020,Journal of Neuro-Oncology,0.5806,0.5484,0.5484,0.7,vgae
2020,Journal of NeuroInterventional Surgery,1.2222,1.1481,1.1481,0.7,vgae
2020,Journal of Neuroinflammation,0.5769,0.5385,0.5385,0.7,vgae
2020,Journal of Neurology,0.6667,0.5926,0.5926,0.7,vgae
2020,Journal of Neurology Neurosurgery & Psychiatry,0.8511,0.766,0.766,0.7,vgae
2020,Journal of Neuroscience,0.8462,0.7846,0.7846,0.7,vgae
2020,Journal of Neurosurgery Spine,0.7037,0.7037,0.7037,0.7,vgae
2020,Journal of Neurotrauma,0.7609,0.6957,0.6957,0.7,vgae
2020,Journal of Nuclear Medicine,1.6875,1.5938,1.5938,0.7,vgae
2020,Journal of Nutrition,0.28,0.24,0.24,0.7,vgae
2020,Journal of Orthopaedic Surgery and Research,0.381,0.3333,0.3333,0.7,vgae
2020,Journal of Orthopaedic and Sports Physical Therapy,0.4074,0.4074,0.4074,0.7,vgae
2020,Journal of Pain,0.6552,0.5862,0.5862,0.7,vgae
2020,Journal of Shoulder and Elbow Surgery,0.3519,0.2778,0.2778,0.7,vgae
2020,Journal of Surgical Research,0.1905,0.1429,0.1429,0.7,vgae
2020,Journal of Thoracic Oncology,1.5556,1.4375,1.4375,0.7,vgae
2020,Journal of Thoracic and Cardiovascular Surgery,0.2727,0.2121,0.2121,0.7,vgae
2020,Journal of Thrombosis and Haemostasis,0.6333,0.4667,0.4667,0.7,vgae
2020,Journal of Translational Medicine,0.4324,0.4054,0.4054,0.7,vgae
2020,Journal of Vascular Surgery,0.6053,0.5789,0.5789,0.7,vgae
2020,Journal of Virology,0.6538,0.5641,0.5641,0.7,vgae
2020,Journal of neurosurgery,0.3607,0.2951,0.2951,0.7,vgae
2020,Journal of the American Academy of Dermatology,1.0877,0.9298,0.9298,0.7,vgae
2020,Journal of the American Chemical Society,0.6591,0.4773,0.4773,0.7,vgae
2020,Journal of the American College of Cardiology,1.4636,1.303,1.303,0.7,vgae
2020,Journal of the American College of Radiology,1.44,1.28,1.28,0.7,vgae
2020,Journal of the American College of Surgeons,0.9412,0.7941,0.7941,0.7,vgae
2020,Journal of the American Geriatrics Society,0.5385,0.4808,0.4808,0.7,vgae
2020,Journal of the American Heart Association,1.0,0.9135,0.9135,0.7,vgae
2020,Journal of the American Medical Directors Association,0.5,0.4583,0.4583,0.7,vgae
2020,Journal of the American Society of Nephrology,0.6164,0.4384,0.4384,0.7,vgae
2020,Journal of the European Academy of Dermatology and Venereology,0.6,0.5667,0.5667,0.7,vgae
2020,Journal of the International AIDS Society,1.6667,1.5185,1.5185,0.7,vgae
2020,Journal of the National Comprehensive Cancer Network,1.9184,1.6735,1.6735,0.7,vgae
2020,Kidney International,0.6857,0.5143,0.5143,0.7,vgae
2020,Knee Surgery Sports Traumatology Arthroscopy,0.6852,0.5926,0.5926,0.7,vgae
2020,LWT,0.4595,0.4054,0.4054,0.7,vgae
2020,Lara D. Veeken,0.3607,0.2131,0.2131,0.7,vgae
2020,Leukemia,0.9894,0.9149,0.9149,0.7,vgae
2020,Life Sciences,0.3778,0.3333,0.3333,0.7,vgae
2020,Lipids in Health and Disease,0.8333,0.7083,0.7083,0.7,vgae
2020,Liver International,0.3636,0.3333,0.3333,0.7,vgae
2020,Liver Transplantation,0.8636,0.8636,0.8636,0.7,vgae
2020,Lung Cancer,0.8333,0.8148,0.8148,0.7,vgae
2020,MMWR Morbidity and Mortality Weekly Report,3.5952,3.1667,3.1667,0.7,vgae
2020,Magnetic Resonance in Medicine,1.1852,0.9444,0.9444,0.7,vgae
2020,Malaria Journal,0.6167,0.55,0.55,0.7,vgae
2020,Materials Science and Engineering C,0.375,0.3125,0.3125,0.7,vgae
2020,Mayo Clinic Proceedings,0.619,0.5238,0.5238,0.7,vgae
2020,Medical Image Analysis,1.1163,1.0465,1.0465,0.7,vgae
2020,Medical Physics,1.0244,0.9512,0.9512,0.7,vgae
2020,Medical Science Monitor,0.1304,0.087,0.087,0.7,vgae
2020,Medical Teacher,0.3571,0.2857,0.2857,0.7,vgae
2020,Medicine,0.3875,0.3125,0.3125,0.7,vgae
2020,Medicine & Science in Sports & Exercise,0.7949,0.6667,0.6667,0.7,vgae
2020,Menopause The Journal of The North American Menopause Society,0.3636,0.2273,0.2273,0.7,vgae
2020,Microbiome,1.0385,0.9231,0.9231,0.7,vgae
2020,Modern Pathology,0.8036,0.75,0.75,0.7,vgae
2020,Molecular Cancer Research,0.3636,0.3182,0.3182,0.7,vgae
2020,Molecular Cancer Therapeutics,0.8571,0.8214,0.8214,0.7,vgae
2020,Molecular Cell,1.0385,0.8654,0.8654,0.7,vgae
2020,Molecular Metabolism,0.48,0.44,0.44,0.7,vgae
2020,Molecular Neurobiology,0.2941,0.2647,0.2647,0.7,vgae
2020,Molecular Neurodegeneration,1.1923,1.1154,1.1154,0.7,vgae
2020,Molecular Psychiatry,0.7111,0.4889,0.4889,0.7,vgae
2020,Molecular Therapy,0.5476,0.4524,0.4524,0.7,vgae
2020,Molecules,0.4124,0.3093,0.3093,0.7,vgae
2020,Movement Disorders,0.746,0.6032,0.6032,0.7,vgae
2020,Multiple Sclerosis Journal,0.6296,0.5926,0.5926,0.7,vgae
2020,Nature,3.5,3.199,3.199,0.7,vgae
2020,Nature Biomedical Engineering,2.0,1.7632,1.7632,0.7,vgae
2020,Nature Cell Biology,0.8889,0.7778,0.7778,0.7,vgae
2020,Nature Chemical Biology,0.931,0.7931,0.7931,0.7,vgae
2020,Nature Communications,0.9688,0.8438,0.8438,0.7,vgae
2020,Nature Genetics,3.641,3.3077,3.3077,0.7,vgae
2020,Nature Immunology,1.0323,0.9677,0.9677,0.7,vgae
2020,Nature Medicine,4.2055,3.9384,3.9384,0.7,vgae
2020,Nature Metabolism,0.3,0.25,0.25,0.7,vgae
2020,Nature Microbiology,0.9286,0.7679,0.7679,0.7,vgae
2020,Nature Neuroscience,2.4634,2.3171,2.3171,0.7,vgae
2020,Nephrology Dialysis Transplantation,0.2941,0.2941,0.2941,0.7,vgae
2020,Neuro-Oncology,0.5556,0.4762,0.4762,0.7,vgae
2020,NeuroImage,1.1683,1.0198,1.0198,0.7,vgae
2020,NeuroImage Clinical,0.6545,0.5818,0.5818,0.7,vgae
2020,Neurobiology of Aging,0.8,0.6857,0.6857,0.7,vgae
2020,Neurobiology of Disease,0.8,0.7,0.7,0.7,vgae
2020,Neurology,0.9124,0.7849,0.7849,0.7,vgae
2020,Neurology Neuroimmunology & Neuroinflammation,0.4,0.3333,0.3333,0.7,vgae
2020,Neuron,2.122,1.9512,1.9512,0.7,vgae
2020,Neuropsychopharmacology,0.5,0.5,0.5,0.7,vgae
2020,Neurosurgery,0.4048,0.3571,0.3571,0.7,vgae
2020,Neurosurgical FOCUS,0.5385,0.4615,0.4615,0.7,vgae
2020,New England Journal of Medicine,6.0346,5.6321,5.6321,0.7,vgae
2020,Nicotine & Tobacco Research,0.6538,0.6154,0.6154,0.7,vgae
2020,Nucleic Acids Research,0.5172,0.4138,0.4138,0.7,vgae
2020,Nutrients,0.6278,0.4978,0.4978,0.7,vgae
2020,Obesity,0.5,0.4583,0.4583,0.7,vgae
2020,Obesity Surgery,0.9487,0.7179,0.7179,0.7,vgae
2020,Obstetrics and Gynecology,1.3053,1.1158,1.1158,0.7,vgae
2020,OncoImmunology,1.0,0.9375,0.9375,0.7,vgae
2020,Oncogene,0.6447,0.5526,0.5526,0.7,vgae
2020,Oncotarget,0.8596,0.7544,0.7544,0.7,vgae
2020,Open Forum Infectious Diseases,0.7714,0.6,0.6,0.7,vgae
2020,Ophthalmology,1.4397,1.2759,1.2759,0.7,vgae
2020,Oral Oncology,0.92,0.88,0.88,0.7,vgae
2020,Orphanet Journal of Rare Diseases,0.25,0.25,0.25,0.7,vgae
2020,Orthopaedic Journal of Sports Medicine,0.4118,0.4118,0.4118,0.7,vgae
2020,Osteoarthritis and Cartilage,0.7,0.625,0.625,0.7,vgae
2020,Osteoporosis International,0.4545,0.4091,0.4091,0.7,vgae
2020,Otolaryngology,0.7143,0.619,0.619,0.7,vgae
2020,Oxidative Medicine and Cellular Longevity,0.4255,0.1915,0.1915,0.7,vgae
2020,PEDIATRICS,0.9167,0.8125,0.8125,0.7,vgae
2020,PLoS Biology,0.7941,0.6471,0.6471,0.7,vgae
2020,PLoS Genetics,0.1481,0.1111,0.1111,0.7,vgae
2020,PLoS Medicine,0.9922,0.9062,0.9062,0.7,vgae
2020,PLoS ONE,0.5339,0.4556,0.4556,0.7,vgae
2020,PLoS Pathogens,0.8333,0.6562,0.6562,0.7,vgae
2020,PLoS neglected tropical diseases,0.5595,0.4524,0.4524,0.7,vgae
2020,Pain,0.7692,0.5962,0.5962,0.7,vgae
2020,Parasites & Vectors,0.3333,0.1944,0.1944,0.7,vgae
2020,Parkinsonism & Related Disorders,0.4762,0.4286,0.4286,0.7,vgae
2020,Pediatric Blood & Cancer,0.1429,0.1429,0.1429,0.7,vgae
2020,Pediatric Diabetes,1.2727,1.1364,1.1364,0.7,vgae
2020,PeerJ,0.6552,0.5862,0.5862,0.7,vgae
2020,Pharmacological Research,0.381,0.2381,0.2381,0.7,vgae
2020,Physics in Medicine and Biology,0.9677,0.9355,0.9355,0.7,vgae
2020,Phytomedicine,0.3684,0.2368,0.2368,0.7,vgae
2020,Plastic & Reconstructive Surgery,0.5,0.4792,0.4792,0.7,vgae
2020,Preventive Medicine,0.8889,0.7407,0.7407,0.7,vgae
2020,Proceedings of the National Academy of Sciences,0.8775,0.784,0.784,0.7,vgae
2020,Psycho-Oncology,0.2692,0.1923,0.1923,0.7,vgae
2020,Psychological Medicine,0.6786,0.5357,0.5357,0.7,vgae
2020,PubMed,0.5164,0.4262,0.4262,0.7,vgae
2020,Public Health Nutrition,0.96,0.88,0.88,0.7,vgae
2020,Radiology,1.4768,1.3576,1.3576,0.7,vgae
2020,Radiotherapy and Oncology,0.9245,0.9057,0.9057,0.7,vgae
2020,Redox Biology,0.7414,0.6724,0.6724,0.7,vgae
2020,Regional Anesthesia & Pain Medicine,1.5806,1.5161,1.5161,0.7,vgae
2020,Reproductive Health,0.4595,0.4054,0.4054,0.7,vgae
2020,Respiratory Research,0.4524,0.4048,0.4048,0.7,vgae
2020,Resuscitation,0.66,0.6,0.6,0.7,vgae
2020,Retina,1.25,1.05,1.05,0.7,vgae
2020,Scandinavian Journal of Medicine and Science in Sports,0.7407,0.7037,0.7037,0.7,vgae
2020,Science,2.5763,2.3136,2.3136,0.7,vgae
2020,Science Advances,0.5814,0.4419,0.4419,0.7,vgae
2020,Science Translational Medicine,1.0893,0.8869,0.8869,0.7,vgae
2020,Scientific Reports,0.6144,0.5097,0.5097,0.7,vgae
2020,Sensors,0.7,0.65,0.65,0.7,vgae
2020,Social Science & Medicine,0.3478,0.2609,0.2609,0.7,vgae
2020,Spine,0.8684,0.8684,0.8684,0.7,vgae
2020,Stem Cell Reports,0.7174,0.5435,0.5435,0.7,vgae
2020,Stem Cell Research & Therapy,0.4881,0.381,0.381,0.7,vgae
2020,Stem Cells Translational Medicine,0.5,0.3846,0.3846,0.7,vgae
2020,Stroke,0.6765,0.5765,0.5765,0.7,vgae
2020,Supportive Care in Cancer,0.5,0.3684,0.3684,0.7,vgae
2020,Surgery,0.359,0.2821,0.2821,0.7,vgae
2020,Surgical Endoscopy,0.3803,0.2958,0.2958,0.7,vgae
2020,The American Journal of Gastroenterology,1.2881,1.1695,1.1695,0.7,vgae
2020,The American Journal of Human Genetics,0.9706,0.9118,0.9118,0.7,vgae
2020,The American Journal of Sports Medicine,0.6261,0.5304,0.5304,0.7,vgae
2020,The American Journal of Surgical Pathology,0.9118,0.8824,0.8824,0.7,vgae
2020,The Annals of Thoracic Surgery,0.8431,0.7059,0.7059,0.7,vgae
2020,The Bone & Joint Journal,0.8302,0.6981,0.6981,0.7,vgae
2020,The British Journal of Psychiatry,0.5238,0.4762,0.4762,0.7,vgae
2020,The EMBO Journal,1.3429,1.2571,1.2571,0.7,vgae
2020,The FASEB Journal,0.3934,0.3115,0.3115,0.7,vgae
2020,The Journal of Allergy and Clinical Immunology In Practice,0.6429,0.5143,0.5143,0.7,vgae
2020,The Journal of Arthroplasty,0.8113,0.6981,0.6981,0.7,vgae
2020,The Journal of Cell Biology,2.0,1.8636,1.8636,0.7,vgae
2020,The Journal of Clinical Endocrinology & Metabolism,0.6269,0.5821,0.5821,0.7,vgae
2020,The Journal of Experimental Medicine,1.1091,0.8909,0.8909,0.7,vgae
2020,The Journal of Headache and Pain,0.8148,0.7037,0.7037,0.7,vgae
2020,The Journal of Heart and Lung Transplantation,1.5667,1.3667,1.3667,0.7,vgae
2020,The Journal of Immunology,0.6061,0.4545,0.4545,0.7,vgae
2020,The Journal of Infectious Diseases,1.2439,1.061,1.061,0.7,vgae
2020,The Journal of Pathology,1.0455,0.9091,0.9091,0.7,vgae
2020,The Journal of Pediatrics,0.566,0.3962,0.3962,0.7,vgae
2020,The Journal of Physiology,0.5333,0.4333,0.4333,0.7,vgae
2020,The Journal of Strength and Conditioning Research,0.8085,0.6809,0.6809,0.7,vgae
2020,"The Journal of Trauma: Injury, Infection, and Critical Care",0.3667,0.3333,0.3333,0.7,vgae
2020,The Journal of Urology,0.7302,0.6825,0.6825,0.7,vgae
2020,The Journals of Gerontology Series A,0.814,0.6744,0.6744,0.7,vgae
2020,The Lancet,3.0945,2.815,2.815,0.7,vgae
2020,The Lancet Child & Adolescent Health,0.6,0.44,0.44,0.7,vgae
2020,The Lancet Diabetes & Endocrinology,1.8548,1.6774,1.6774,0.7,vgae
2020,The Lancet Global Health,1.2429,1.0429,1.0429,0.7,vgae
2020,The Lancet HIV,1.7879,1.6364,1.6364,0.7,vgae
2020,The Lancet Haematology,0.6667,0.6078,0.6078,0.7,vgae
2020,The Lancet Infectious Diseases,1.4416,1.2468,1.2468,0.7,vgae
2020,The Lancet Neurology,2.1831,1.9437,1.9437,0.7,vgae
2020,The Lancet Oncology,2.7214,2.5174,2.5174,0.7,vgae
2020,The Lancet Psychiatry,0.9333,0.6667,0.6667,0.7,vgae
2020,The Lancet Public Health,1.1071,0.9643,0.9643,0.7,vgae
2020,The Lancet Respiratory Medicine,1.3977,1.25,1.25,0.7,vgae
2020,The Laryngoscope,0.2,0.08,0.08,0.7,vgae
2020,The Medical Journal of Australia,0.7619,0.7619,0.7619,0.7,vgae
2020,The Oncologist,0.8871,0.8226,0.8226,0.7,vgae
2020,The Science of The Total Environment,0.5455,0.4091,0.4091,0.7,vgae
2020,The Spine Journal,0.4848,0.3939,0.3939,0.7,vgae
2020,The journal of nutrition health & aging,0.6296,0.5556,0.5556,0.7,vgae
2020,Theranostics,0.5526,0.4605,0.4605,0.7,vgae
2020,Thorax,1.0667,0.9,0.9,0.7,vgae
2020,Thyroid,0.7447,0.6596,0.6596,0.7,vgae
2020,Tobacco Control,2.7778,2.7222,2.7222,0.7,vgae
2020,Translational Psychiatry,0.5238,0.5238,0.5238,0.7,vgae
2020,Transplantation,1.0714,0.9286,0.9286,0.7,vgae
2020,Trends in Food Science & Technology,0.8286,0.6286,0.6286,0.7,vgae
2020,Ultrasound in Obstetrics and Gynecology,0.8537,0.7561,0.7561,0.7,vgae
2020,Unknown,0.8022,0.6484,0.6484,0.7,vgae
2020,Vaccine,0.5135,0.4324,0.4324,0.7,vgae
2020,Viruses,0.4375,0.375,0.375,0.7,vgae
2020,World Neurosurgery,0.7222,0.6389,0.6389,0.7,vgae
2020,eLife,1.0303,0.9273,0.9273,0.7,vgae
2020,mAbs,0.5714,0.381,0.381,0.7,vgae
2020,mBio,0.7071,0.6061,0.6061,0.7,vgae
2020,npj Digital Medicine,1.8519,1.5926,1.5926,0.7,vgae
2020,The Lancet. Gastroenterology & hepatology,0.6364,0.5455,0.5455,0.7,vgae
2021,ACS Applied Materials & Interfaces,0.6667,0.4211,0.4211,0.7,vgae
2021,ACS Nano,2.5161,2.0968,2.0968,0.7,vgae
2021,AIDS and Behavior,0.8571,0.6429,0.6429,0.7,vgae
2021,Academic Medicine,0.6829,0.122,0.122,0.7,vgae
2021,Academic Radiology,0.8276,0.4483,0.4483,0.7,vgae
2021,Acta Biomaterialia,0.4688,0.1406,0.1406,0.7,vgae
2021,Acta Neuropathologica,1.5781,0.8125,0.8125,0.7,vgae
2021,Acta Neuropathologica Communications,0.7358,0.3962,0.3962,0.7,vgae
2021,Acta Pharmaceutica Sinica B,2.8333,2.375,2.375,0.7,vgae
2021,Addiction,1.0,0.5128,0.5128,0.7,vgae
2021,Advanced Functional Materials,1.0213,0.8298,0.8298,0.7,vgae
2021,Advanced Healthcare Materials,0.3043,0.087,0.087,0.7,vgae
2021,Advanced Materials,0.6786,0.3571,0.3571,0.7,vgae
2021,Advanced Science,1.5625,0.4688,0.4688,0.7,vgae
2021,Age and Ageing,0.9722,0.75,0.75,0.7,vgae
2021,Aging,0.7802,0.5604,0.5604,0.7,vgae
2021,Aging Cell,1.4583,0.7917,0.7917,0.7,vgae
2021,Alimentary Pharmacology & Therapeutics,0.7727,0.25,0.25,0.7,vgae
2021,Allergy,4.24,3.98,3.98,0.7,vgae
2021,Alzheimer s & Dementia,2.1475,1.3607,1.3607,0.7,vgae
2021,Alzheimer s Research & Therapy,0.9,0.58,0.58,0.7,vgae
2021,American Heart Journal,0.44,0.2,0.2,0.7,vgae
2021,American Journal of Clinical Nutrition,0.56,0.08,0.08,0.7,vgae
2021,American Journal of Hematology,1.1081,0.6757,0.6757,0.7,vgae
2021,American Journal of Kidney Diseases,1.1282,0.7692,0.7692,0.7,vgae
2021,American Journal of Neuroradiology,1.0769,0.6154,0.6154,0.7,vgae
2021,American Journal of Obstetrics and Gynecology,1.7411,1.2946,1.2946,0.7,vgae
2021,American Journal of Ophthalmology,0.7925,0.1698,0.1698,0.7,vgae
2021,American Journal of Psychiatry,1.3333,0.6667,0.6667,0.7,vgae
2021,American Journal of Public Health,0.871,0.2903,0.2903,0.7,vgae
2021,American Journal of Respiratory and Critical Care Medicine,1.9017,1.3179,1.3179,0.7,vgae
2021,American Journal of Roentgenology,7.0968,6.5806,6.5806,0.7,vgae
2021,American Journal of Transplantation,2.7843,2.1863,2.1863,0.7,vgae
2021,American Journal of Tropical Medicine and Hygiene,0.8571,0.75,0.75,0.7,vgae
2021,Anaesthesia,1.871,1.4194,1.4194,0.7,vgae
2021,Anesthesia & Analgesia,0.6053,0.4211,0.4211,0.7,vgae
2021,Anesthesiology,1.12,0.6,0.6,0.7,vgae
2021,Angewandte Chemie International Edition,0.28,0.04,0.04,0.7,vgae
2021,Annals of Clinical and Translational Neurology,0.7778,0.3704,0.3704,0.7,vgae
2021,Annals of Emergency Medicine,1.15,0.8,0.8,0.7,vgae
2021,Annals of Intensive Care,2.0,1.3333,1.3333,0.7,vgae
2021,Annals of Internal Medicine,2.8105,2.3263,2.3263,0.7,vgae
2021,Annals of Neurology,0.9074,0.3796,0.3796,0.7,vgae
2021,Annals of Oncology,2.4091,1.6648,1.6648,0.7,vgae
2021,Annals of Surgery,1.1523,0.5629,0.5629,0.7,vgae
2021,Annals of Surgical Oncology,0.74,0.44,0.44,0.7,vgae
2021,Annals of Translational Medicine,1.8,1.2667,1.2667,0.7,vgae
2021,Annals of the American Thoracic Society,1.1,0.6667,0.6667,0.7,vgae
2021,Annals of the Rheumatic Diseases,1.4054,0.8514,0.8514,0.7,vgae
2021,Antimicrobial Agents and Chemotherapy,1.375,0.875,0.875,0.7,vgae
2021,Antimicrobial Resistance and Infection Control,0.2,0.0,0.0,0.7,vgae
2021,Antioxidants,0.6329,0.0759,0.0759,0.7,vgae
2021,Applied Sciences,1.5714,1.1633,1.1633,0.7,vgae
2021,Applied Soft Computing,1.5217,1.2609,1.2609,0.7,vgae
2021,Arteriosclerosis Thrombosis and Vascular Biology,0.6444,0.2222,0.2222,0.7,vgae
2021,Arthritis & Rheumatology,1.5577,1.0,1.0,0.7,vgae
2021,Arthritis Research & Therapy,0.8286,0.2857,0.2857,0.7,vgae
2021,Arthroscopy The Journal of Arthroscopic and Related Surgery,0.4375,0.0312,0.0312,0.7,vgae
2021,Artificial Intelligence in Medicine,1.1304,0.5217,0.5217,0.7,vgae
2021,Atherosclerosis,0.3333,0.1429,0.1429,0.7,vgae
2021,Autophagy,0.75,0.2321,0.2321,0.7,vgae
2021,BJOG An International Journal of Obstetrics & Gynaecology,1.4815,1.1481,1.1481,0.7,vgae
2021,BMC Cancer,0.4444,0.0833,0.0833,0.7,vgae
2021,BMC Geriatrics,0.3061,0.102,0.102,0.7,vgae
2021,BMC Health Services Research,0.175,0.025,0.025,0.7,vgae
2021,BMC Infectious Diseases,0.8182,0.6182,0.6182,0.7,vgae
2021,BMC Medical Education,0.15,0.0,0.0,0.7,vgae
2021,BMC Medicine,1.0,0.5435,0.5435,0.7,vgae
2021,BMC Musculoskeletal Disorders,0.2308,0.0,0.0,0.7,vgae
2021,BMC Nephrology,0.2857,0.0,0.0,0.7,vgae
2021,BMC Neurology,0.619,0.2381,0.2381,0.7,vgae
2021,BMC Pregnancy and Childbirth,0.439,0.1341,0.1341,0.7,vgae
2021,BMC Psychiatry,0.1923,0.0385,0.0385,0.7,vgae
2021,BMC Public Health,0.3333,0.1067,0.1067,0.7,vgae
2021,BMC Pulmonary Medicine,0.6,0.36,0.36,0.7,vgae
2021,BMC Research Notes,0.6,0.25,0.25,0.7,vgae
2021,BMC Women s Health,0.4231,0.0,0.0,0.7,vgae
2021,BMJ,4.6866,4.0369,4.0369,0.7,vgae
2021,BMJ Global Health,0.5806,0.2903,0.2903,0.7,vgae
2021,BMJ Open,0.4895,0.2028,0.2028,0.7,vgae
2021,BMJ Open Diabetes Research & Care,0.8,0.6333,0.6333,0.7,vgae
2021,BioMed Research International,0.6087,0.3696,0.3696,0.7,vgae
2021,Bioactive Materials,0.2,0.2,0.2,0.7,vgae
2021,Biochemical and Biophysical Research Communications,1.8182,1.5682,1.5682,0.7,vgae
2021,Biology of Blood and Marrow Transplantation,1.1364,0.5,0.5,0.7,vgae
2021,Biomaterials,0.5979,0.3093,0.3093,0.7,vgae
2021,Biomedical Signal Processing and Control,0.6857,0.4286,0.4286,0.7,vgae
2021,Biomedicine & Pharmacotherapy,0.3165,0.0886,0.0886,0.7,vgae
2021,Biomolecules,0.3448,0.1034,0.1034,0.7,vgae
2021,Blood,1.5075,0.9737,0.9737,0.7,vgae
2021,Blood Advances,0.7872,0.4184,0.4184,0.7,vgae
2021,Brain,1.4815,0.9259,0.9259,0.7,vgae
2021,Brain Behavior and Immunity,1.0588,0.8235,0.8235,0.7,vgae
2021,Breast Cancer Research,0.6087,0.2174,0.2174,0.7,vgae
2021,Breast Cancer Research and Treatment,0.5417,0.125,0.125,0.7,vgae
2021,British Journal of Anaesthesia,0.8621,0.2241,0.2241,0.7,vgae
2021,British Journal of Cancer,0.32,0.12,0.12,0.7,vgae
2021,British Journal of Dermatology,1.8,1.2667,1.2667,0.7,vgae
2021,British Journal of Haematology,2.4,2.12,2.12,0.7,vgae
2021,British Journal of Ophthalmology,1.1613,0.7097,0.7097,0.7,vgae
2021,British Journal of Pharmacology,1.2812,0.3125,0.3125,0.7,vgae
2021,British Journal of Sports Medicine,0.9048,0.4603,0.4603,0.7,vgae
2021,British Journal of Urology,1.0,0.6774,0.6774,0.7,vgae
2021,British journal of surgery,1.0625,0.5625,0.5625,0.7,vgae
2021,CHEST Journal,2.2759,1.8046,1.8046,0.7,vgae
2021,Canadian Medical Association Journal,0.9259,0.7407,0.7407,0.7,vgae
2021,Cancer,0.7963,0.3056,0.3056,0.7,vgae
2021,Cancer Cell,1.6923,0.9231,0.9231,0.7,vgae
2021,Cancer Cell International,0.3636,0.0,0.0,0.7,vgae
2021,Cancer Discovery,2.4667,1.8267,1.8267,0.7,vgae
2021,Cancer Epidemiology Biomarkers & Prevention,0.45,0.15,0.15,0.7,vgae
2021,Cancer Immunology Immunotherapy,0.5484,0.3226,0.3226,0.7,vgae
2021,Cancer Immunology Research,1.4043,0.5745,0.5745,0.7,vgae
2021,Cancer Letters,0.6562,0.0938,0.0938,0.7,vgae
2021,Cancer Medicine,0.6667,0.2037,0.2037,0.7,vgae
2021,Cancer Research,0.5844,0.2338,0.2338,0.7,vgae
2021,Cancer Science,0.7143,0.1786,0.1786,0.7,vgae
2021,Cancers,0.39,0.18,0.18,0.7,vgae
2021,Carbohydrate Polymers,0.6875,0.375,0.375,0.7,vgae
2021,Cardiovascular Diabetology,2.0946,1.6486,1.6486,0.7,vgae
2021,Cardiovascular Research,2.0488,1.8537,1.8537,0.7,vgae
2021,Cell,11.2762,10.4714,10.4714,0.7,vgae
2021,Cell Death and Differentiation,1.303,0.8485,0.8485,0.7,vgae
2021,Cell Death and Disease,0.5099,0.1589,0.1589,0.7,vgae
2021,Cell Host & Microbe,6.629,6.2258,6.2258,0.7,vgae
2021,Cell Metabolism,2.2366,1.4946,1.4946,0.7,vgae
2021,Cell Proliferation,0.913,0.3913,0.3913,0.7,vgae
2021,Cell Reports,1.3472,0.7361,0.7361,0.7,vgae
2021,Cell Reports Medicine,2.7727,2.6818,2.6818,0.7,vgae
2021,Cell Research,4.3636,3.7727,3.7727,0.7,vgae
2021,Cell stem cell,1.5902,0.8525,0.8525,0.7,vgae
2021,Cells,0.8644,0.5763,0.5763,0.7,vgae
2021,Cellular and Molecular Immunology,5.6818,5.5455,5.5455,0.7,vgae
2021,Cephalalgia,1.1143,0.6,0.6,0.7,vgae
2021,Chaos Solitons & Fractals,1.1,0.9667,0.9667,0.7,vgae
2021,Chemical Engineering Journal,2.9545,2.1136,2.1136,0.7,vgae
2021,Circulation,2.5119,1.7292,1.7292,0.7,vgae
2021,Circulation Arrhythmia and Electrophysiology,1.0,0.5366,0.5366,0.7,vgae
2021,Circulation Cardiovascular Imaging,0.875,0.2083,0.2083,0.7,vgae
2021,Circulation Cardiovascular Interventions,0.8696,0.3913,0.3913,0.7,vgae
2021,Circulation Heart Failure,0.7429,0.3714,0.3714,0.7,vgae
2021,Circulation Research,1.24,0.8133,0.8133,0.7,vgae
2021,Clinica Chimica Acta,3.5,3.3,3.3,0.7,vgae
2021,Clinical Cancer Research,1.0675,0.5434,0.5434,0.7,vgae
2021,Clinical Chemistry,6.087,5.7826,5.7826,0.7,vgae
2021,Clinical Chemistry and Laboratory Medicine (CCLM),7.2609,6.913,6.913,0.7,vgae
2021,Clinical Gastroenterology and Hepatology,1.0918,0.602,0.602,0.7,vgae
2021,Clinical Infectious Diseases,6.1833,5.6849,5.6849,0.7,vgae
2021,Clinical Journal of the American Society of Nephrology,1.1765,0.549,0.549,0.7,vgae
2021,Clinical Microbiology and Infection,2.0746,1.8955,1.8955,0.7,vgae
2021,Clinical Nutrition,0.6607,0.2857,0.2857,0.7,vgae
2021,Clinical Orthopaedics and Related Research,0.5357,0.3929,0.3929,0.7,vgae
2021,Clinical Pharmacology & Therapeutics,0.55,0.3,0.3,0.7,vgae
2021,Clinical Transplantation,0.8148,0.2963,0.2963,0.7,vgae
2021,Communications Biology,0.6098,0.2195,0.2195,0.7,vgae
2021,Computer Methods and Programs in Biomedicine,2.386,1.8596,1.8596,0.7,vgae
2021,Computers in Biology and Medicine,3.0208,2.625,2.625,0.7,vgae
2021,Critical Care,1.3514,0.8919,0.8919,0.7,vgae
2021,Critical Care Medicine,2.1375,1.425,1.425,0.7,vgae
2021,Cureus,1.8696,1.6522,1.6522,0.7,vgae
2021,Developmental Cell,0.6585,0.3659,0.3659,0.7,vgae
2021,Diabetes,0.7742,0.3226,0.3226,0.7,vgae
2021,Diabetes & Metabolic Syndrome Clinical Research & Reviews,2.2308,1.8846,1.8846,0.7,vgae
2021,Diabetes Care,1.3118,0.8,0.8,0.7,vgae
2021,Diabetes Obesity and Metabolism,1.3721,0.9767,0.9767,0.7,vgae
2021,Diabetes Research and Clinical Practice,1.925,1.225,1.225,0.7,vgae
2021,Diabetes Technology & Therapeutics,2.2812,1.5938,1.5938,0.7,vgae
2021,Diabetes/Metabolism Research and Reviews,5.8571,5.6667,5.6667,0.7,vgae
2021,Diabetologia,1.3137,0.8235,0.8235,0.7,vgae
2021,Diagnostics,0.9545,0.7273,0.7273,0.7,vgae
2021,Drug Design Development and Therapy,0.15,0.1,0.1,0.7,vgae
2021,Drug and Alcohol Dependence,1.2653,0.6327,0.6327,0.7,vgae
2021,EBioMedicine,1.8,1.3364,1.3364,0.7,vgae
2021,EClinicalMedicine,1.5,1.3548,1.3548,0.7,vgae
2021,EMBO Molecular Medicine,2.1379,1.2759,1.2759,0.7,vgae
2021,EMBO Reports,1.381,0.381,0.381,0.7,vgae
2021,EP Europace,1.1622,0.9189,0.9189,0.7,vgae
2021,ESC Heart Failure,0.5926,0.3704,0.3704,0.7,vgae
2021,Emerging Microbes & Infections,10.85,10.65,10.65,0.7,vgae
2021,Emerging infectious diseases,5.6804,5.2784,5.2784,0.7,vgae
2021,Endoscopy,1.75,0.8438,0.8438,0.7,vgae
2021,Epilepsia,0.9444,0.3333,0.3333,0.7,vgae
2021,EuroIntervention,0.84,0.04,0.04,0.7,vgae
2021,European Heart Journal,2.4902,1.9216,1.9216,0.7,vgae
2021,European Heart Journal - Cardiovascular Imaging,0.9762,0.619,0.619,0.7,vgae
2021,European Journal of Cancer,1.5816,1.1122,1.1122,0.7,vgae
2021,European Journal of Heart Failure,2.1798,1.5618,1.5618,0.7,vgae
2021,European Journal of Medicinal Chemistry,0.4167,0.0,0.0,0.7,vgae
2021,European Journal of Neurology,1.1429,0.8214,0.8214,0.7,vgae
2021,European Journal of Nuclear Medicine and Molecular Imaging,1.2294,0.8257,0.8257,0.7,vgae
2021,European Journal of Pharmacology,0.2,0.0,0.0,0.7,vgae
2021,European Journal of Preventive Cardiology,1.1892,0.8108,0.8108,0.7,vgae
2021,European Journal of Radiology,2.6897,2.1379,2.1379,0.7,vgae
2021,European Radiology,1.8581,1.3226,1.3226,0.7,vgae
2021,European Respiratory Journal,2.9184,2.5714,2.5714,0.7,vgae
2021,European Urology,1.3839,0.7679,0.7679,0.7,vgae
2021,Eurosurveillance,13.1765,12.6667,12.6667,0.7,vgae
2021,Expert Systems with Applications,1.1818,0.7273,0.7273,0.7,vgae
2021,Fertility and Sterility,0.9825,0.5088,0.5088,0.7,vgae
2021,Food & Function,0.26,0.04,0.04,0.7,vgae
2021,Food Chemistry,0.5,0.0786,0.0786,0.7,vgae
2021,Food Research International,0.4444,0.1667,0.1667,0.7,vgae
2021,Foods,0.2,0.1,0.1,0.7,vgae
2021,Free Radical Biology and Medicine,0.4667,0.2,0.2,0.7,vgae
2021,Frontiers in Aging Neuroscience,0.6389,0.3056,0.3056,0.7,vgae
2021,Frontiers in Bioengineering and Biotechnology,0.3077,0.1154,0.1154,0.7,vgae
2021,Frontiers in Cell and Developmental Biology,0.2857,0.1905,0.1905,0.7,vgae
2021,Frontiers in Cellular and Infection Microbiology,0.4138,0.2069,0.2069,0.7,vgae
2021,Frontiers in Endocrinology,0.5278,0.1944,0.1944,0.7,vgae
2021,Frontiers in Genetics,0.381,0.1429,0.1429,0.7,vgae
2021,Frontiers in Immunology,0.9315,0.6096,0.6096,0.7,vgae
2021,Frontiers in Medicine,1.0909,1.0,1.0,0.7,vgae
2021,Frontiers in Microbiology,1.1351,0.7297,0.7297,0.7,vgae
2021,Frontiers in Neurology,0.4545,0.1515,0.1515,0.7,vgae
2021,Frontiers in Neuroscience,0.55,0.075,0.075,0.7,vgae
2021,Frontiers in Oncology,0.3889,0.1667,0.1667,0.7,vgae
2021,Frontiers in Pharmacology,0.6757,0.2432,0.2432,0.7,vgae
2021,Frontiers in Physiology,0.6226,0.2453,0.2453,0.7,vgae
2021,Frontiers in Psychiatry,0.1481,0.0,0.0,0.7,vgae
2021,Frontiers in Psychology,0.3462,0.0385,0.0385,0.7,vgae
2021,Frontiers in Public Health,1.5294,1.2941,1.2941,0.7,vgae
2021,Future Oncology,0.375,0.1667,0.1667,0.7,vgae
2021,Gastric Cancer,1.2083,0.5417,0.5417,0.7,vgae
2021,Gastroenterology,1.7296,0.9643,0.9643,0.7,vgae
2021,Gastrointestinal Endoscopy,1.125,0.7656,0.7656,0.7,vgae
2021,Genetics in Medicine,0.2812,0.0,0.0,0.7,vgae
2021,Genome Medicine,2.24,1.2,1.2,0.7,vgae
2021,Gut,2.042,1.5245,1.5245,0.7,vgae
2021,Gynecologic Oncology,0.9111,0.3111,0.3111,0.7,vgae
2021,Haematologica,0.6964,0.3393,0.3393,0.7,vgae
2021,Headache The Journal of Head and Face Pain,0.9524,0.5714,0.5714,0.7,vgae
2021,Health Affairs,1.7407,1.1481,1.1481,0.7,vgae
2021,Health and Quality of Life Outcomes,0.2308,0.0,0.0,0.7,vgae
2021,Heart,0.5484,0.3226,0.3226,0.7,vgae
2021,Heart Rhythm,3.1351,2.5946,2.5946,0.7,vgae
2021,Heliyon,0.2414,0.1379,0.1379,0.7,vgae
2021,Hepatology,1.303,0.6242,0.6242,0.7,vgae
2021,Hepatology Communications,0.381,0.1429,0.1429,0.7,vgae
2021,Histopathology,4.619,3.9048,3.9048,0.7,vgae
2021,Human Brain Mapping,1.7857,0.7143,0.7143,0.7,vgae
2021,Human Reproduction,0.6719,0.1875,0.1875,0.7,vgae
2021,Hypertension,1.1429,0.6786,0.6786,0.7,vgae
2021,IEEE Access,1.4178,0.8562,0.8562,0.7,vgae
2021,IEEE Journal of Biomedical and Health Informatics,0.9667,0.6,0.6,0.7,vgae
2021,IEEE Transactions on Biomedical Engineering,0.5238,0.2857,0.2857,0.7,vgae
2021,IEEE Transactions on Medical Imaging,2.3205,1.5256,1.5256,0.7,vgae
2021,Immunity,3.5286,2.8857,2.8857,0.7,vgae
2021,Industrial Crops and Products,0.4615,0.1538,0.1538,0.7,vgae
2021,Intensive Care Medicine,9.1471,8.6618,8.6618,0.7,vgae
2021,International Immunopharmacology,0.8444,0.6222,0.6222,0.7,vgae
2021,International Journal of Antimicrobial Agents,14.129,13.6774,13.6774,0.7,vgae
2021,International Journal of Behavioral Nutrition and Physical Activity,0.9688,0.6562,0.6562,0.7,vgae
2021,International Journal of Biological Macromolecules,0.4444,0.1313,0.1313,0.7,vgae
2021,International Journal of Biological Sciences,0.76,0.6,0.6,0.7,vgae
2021,International Journal of Cancer,0.6286,0.2143,0.2143,0.7,vgae
2021,International Journal of Cardiology,0.8333,0.5417,0.5417,0.7,vgae
2021,International Journal of Drug Policy,1.7955,1.3409,1.3409,0.7,vgae
2021,International Journal of Environmental Research and Public Health,0.4171,0.2086,0.2086,0.7,vgae
2021,International Journal of Epidemiology,0.7692,0.3333,0.3333,0.7,vgae
2021,International Journal of Gynecological Cancer,0.8696,0.3043,0.3043,0.7,vgae
2021,International Journal of Gynecology & Obstetrics,2.2083,1.9583,1.9583,0.7,vgae
2021,International Journal of Infectious Diseases,3.1226,2.8962,2.8962,0.7,vgae
2021,International Journal of Molecular Sciences,0.7438,0.4298,0.4298,0.7,vgae
2021,International Journal of Nanomedicine,0.2963,0.0,0.0,0.7,vgae
2021,International Journal of Pharmaceutics,0.88,0.2,0.2,0.7,vgae
2021,International Journal of Radiation Oncology*Biology*Physics,1.0312,0.7188,0.7188,0.7,vgae
2021,International Journal of Stroke,1.6522,1.3043,1.3043,0.7,vgae
2021,Investigative Ophthalmology & Visual Science,0.7727,0.0909,0.0909,0.7,vgae
2021,JACC Heart Failure,1.2174,0.6304,0.6304,0.7,vgae
2021,JACC. Cardiovascular imaging,1.0469,0.6875,0.6875,0.7,vgae
2021,JACC. Clinical electrophysiology,0.7586,0.5517,0.5517,0.7,vgae
2021,JACC: Cardiovascular Interventions,1.1596,0.7447,0.7447,0.7,vgae
2021,JAIDS Journal of Acquired Immune Deficiency Syndromes,0.9048,0.619,0.619,0.7,vgae
2021,JAMA,13.7207,12.5062,12.5062,0.7,vgae
2021,JAMA Cardiology,4.7317,4.1057,4.1057,0.7,vgae
2021,JAMA Dermatology,1.186,0.7907,0.7907,0.7,vgae
2021,JAMA Internal Medicine,5.75,4.9914,4.9914,0.7,vgae
2021,JAMA Network Open,1.2493,0.7425,0.7425,0.7,vgae
2021,JAMA Neurology,3.5147,2.8676,2.8676,0.7,vgae
2021,JAMA Oncology,2.3154,1.4564,1.4564,0.7,vgae
2021,JAMA Ophthalmology,1.54,1.06,1.06,0.7,vgae
2021,JAMA Pediatrics,2.7586,2.1552,2.1552,0.7,vgae
2021,JAMA Psychiatry,0.9815,0.5,0.5,0.7,vgae
2021,JAMA Surgery,0.5976,0.1341,0.1341,0.7,vgae
2021,JCI Insight,1.7551,1.2449,1.2449,0.7,vgae
2021,JMIR Public Health and Surveillance,3.1364,2.6364,2.6364,0.7,vgae
2021,JMIR mhealth and uhealth,0.3571,0.0357,0.0357,0.7,vgae
2021,JNCI Journal of the National Cancer Institute,1.0,0.4833,0.4833,0.7,vgae
2021,Journal for ImmunoTherapy of Cancer,0.9421,0.5316,0.5316,0.7,vgae
2021,Journal of Affective Disorders,0.76,0.5,0.5,0.7,vgae
2021,Journal of Agricultural and Food Chemistry,0.5932,0.0678,0.0678,0.7,vgae
2021,Journal of Allergy and Clinical Immunology,2.4646,2.1414,2.1414,0.7,vgae
2021,Journal of Alzheimer s Disease,0.7105,0.3684,0.3684,0.7,vgae
2021,Journal of Antimicrobial Chemotherapy,1.0357,0.5714,0.5714,0.7,vgae
2021,Journal of Biological Chemistry,2.2857,1.7959,1.7959,0.7,vgae
2021,Journal of Biomolecular Structure and Dynamics,2.7812,2.4375,2.4375,0.7,vgae
2021,Journal of Bone and Joint Surgery,0.92,0.52,0.52,0.7,vgae
2021,Journal of Bone and Mineral Research,0.7547,0.3774,0.3774,0.7,vgae
2021,Journal of Cachexia Sarcopenia and Muscle,1.4783,0.7609,0.7609,0.7,vgae
2021,Journal of Cataract & Refractive Surgery,0.7273,0.1818,0.1818,0.7,vgae
2021,Journal of Cellular Physiology,0.75,0.25,0.25,0.7,vgae
2021,Journal of Cellular and Molecular Medicine,0.7576,0.303,0.303,0.7,vgae
2021,Journal of Clinical Investigation,2.6355,2.2365,2.2365,0.7,vgae
2021,Journal of Clinical Medicine,0.831,0.4366,0.4366,0.7,vgae
2021,Journal of Clinical Microbiology,6.0323,5.5806,5.5806,0.7,vgae
2021,Journal of Clinical Oncology,1.9952,1.2091,1.2091,0.7,vgae
2021,Journal of Clinical Virology,3.9091,3.803,3.803,0.7,vgae
2021,Journal of Controlled Release,0.4043,0.0213,0.0213,0.7,vgae
2021,Journal of Ethnopharmacology,0.2059,0.0294,0.0294,0.7,vgae
2021,Journal of Experimental & Clinical Cancer Research,0.3939,0.1061,0.1061,0.7,vgae
2021,Journal of Functional Foods,0.4,0.04,0.04,0.7,vgae
2021,Journal of General Internal Medicine,1.0,0.6389,0.6389,0.7,vgae
2021,Journal of Hematology & Oncology,1.3415,0.8049,0.8049,0.7,vgae
2021,Journal of Hepatology,1.0898,0.6347,0.6347,0.7,vgae
2021,Journal of Hospital Infection,1.4,1.08,1.08,0.7,vgae
2021,Journal of Infection,8.1364,7.7727,7.7727,0.7,vgae
2021,Journal of Investigative Dermatology,0.8636,0.5,0.5,0.7,vgae
2021,Journal of Korean Medical Science,6.4583,6.2917,6.2917,0.7,vgae
2021,Journal of Magnetic Resonance Imaging,0.8095,0.3333,0.3333,0.7,vgae
2021,Journal of Medical Internet Research,0.7323,0.4882,0.4882,0.7,vgae
2021,Journal of Medical Virology,8.3333,8.2,8.2,0.7,vgae
2021,Journal of Medicinal Chemistry,0.375,0.0625,0.0625,0.7,vgae
2021,Journal of NeuroInterventional Surgery,0.7692,0.1538,0.1538,0.7,vgae
2021,Journal of Neuroinflammation,0.5,0.1282,0.1282,0.7,vgae
2021,Journal of Neurology,0.8276,0.4483,0.4483,0.7,vgae
2021,Journal of Neurology Neurosurgery & Psychiatry,0.907,0.3721,0.3721,0.7,vgae
2021,Journal of Neuroscience,0.8148,0.1111,0.1111,0.7,vgae
2021,Journal of Neurotrauma,0.5652,0.087,0.087,0.7,vgae
2021,Journal of Nuclear Medicine,2.044,1.4945,1.4945,0.7,vgae
2021,Journal of Pain and Symptom Management,1.5217,1.2609,1.2609,0.7,vgae
2021,Journal of Shoulder and Elbow Surgery,0.4884,0.1628,0.1628,0.7,vgae
2021,Journal of Thoracic Oncology,2.0654,1.4019,1.4019,0.7,vgae
2021,Journal of Thoracic and Cardiovascular Surgery,0.4615,0.3077,0.3077,0.7,vgae
2021,Journal of Thrombosis and Haemostasis,16.1957,15.7391,15.7391,0.7,vgae
2021,Journal of Translational Medicine,2.2157,1.8235,1.8235,0.7,vgae
2021,Journal of Vascular Surgery,0.8065,0.3548,0.3548,0.7,vgae
2021,Journal of Virology,6.4,5.8923,5.8923,0.7,vgae
2021,Journal of neurosurgery,0.4706,0.1176,0.1176,0.7,vgae
2021,Journal of the American Academy of Dermatology,1.4746,1.1186,1.1186,0.7,vgae
2021,Journal of the American Chemical Society,0.5588,0.1176,0.1176,0.7,vgae
2021,Journal of the American College of Cardiology,1.8051,1.0096,1.0096,0.7,vgae
2021,Journal of the American College of Surgeons,1.5385,0.9231,0.9231,0.7,vgae
2021,Journal of the American Geriatrics Society,1.2553,0.7021,0.7021,0.7,vgae
2021,Journal of the American Heart Association,0.8757,0.2899,0.2899,0.7,vgae
2021,Journal of the American Medical Directors Association,1.3462,1.0385,1.0385,0.7,vgae
2021,Journal of the American Medical Informatics Association,2.0968,1.8387,1.8387,0.7,vgae
2021,Journal of the American Society of Echocardiography,1.0,0.36,0.36,0.7,vgae
2021,Journal of the American Society of Nephrology,1.7363,1.3077,1.3077,0.7,vgae
2021,Journal of the European Academy of Dermatology and Venereology,1.6,1.1143,1.1143,0.7,vgae
2021,Journal of the International AIDS Society,1.6857,0.5429,0.5429,0.7,vgae
2021,Journal of the National Comprehensive Cancer Network,2.5455,1.3636,1.3636,0.7,vgae
2021,Kidney International,3.2883,2.7568,2.7568,0.7,vgae
2021,Kidney International Reports,1.3333,1.2917,1.2917,0.7,vgae
2021,Knee Surgery Sports Traumatology Arthroscopy,0.9149,0.4255,0.4255,0.7,vgae
2021,LWT,0.4348,0.1522,0.1522,0.7,vgae
2021,Lara D. Veeken,0.3654,0.0385,0.0385,0.7,vgae
2021,Leukemia,1.1744,0.7558,0.7558,0.7,vgae
2021,Life Sciences,0.94,0.68,0.68,0.7,vgae
2021,Lipids in Health and Disease,0.4167,0.25,0.25,0.7,vgae
2021,Liver International,1.6591,1.2955,1.2955,0.7,vgae
2021,Lung Cancer,1.1111,0.3556,0.3556,0.7,vgae
2021,MMWR Morbidity and Mortality Weekly Report,6.5904,5.2771,5.2771,0.7,vgae
2021,Magnetic Resonance in Medicine,1.2439,0.5366,0.5366,0.7,vgae
2021,Malaria Journal,0.4634,0.0976,0.0976,0.7,vgae
2021,Materials Science and Engineering C,0.7692,0.3654,0.3654,0.7,vgae
2021,Mayo Clinic Proceedings,2.4286,2.1786,2.1786,0.7,vgae
2021,Medical Hypotheses,1.4231,1.3846,1.3846,0.7,vgae
2021,Medical Image Analysis,1.4627,1.0746,1.0746,0.7,vgae
2021,Medical Physics,1.1212,0.5758,0.5758,0.7,vgae
2021,Medical Science Monitor,0.3333,0.0952,0.0952,0.7,vgae
2021,Medical Teacher,0.4762,0.0,0.0,0.7,vgae
2021,Medicine,0.6667,0.4035,0.4035,0.7,vgae
2021,Medicine & Science in Sports & Exercise,1.08,0.52,0.52,0.7,vgae
2021,Metabolism,2.32,2.0,2.0,0.7,vgae
2021,Modern Pathology,1.8772,1.4386,1.4386,0.7,vgae
2021,Molecular Cell,2.0392,1.3922,1.3922,0.7,vgae
2021,Molecular Neurodegeneration,0.68,0.28,0.28,0.7,vgae
2021,Molecular Psychiatry,0.6818,0.25,0.25,0.7,vgae
2021,Molecular Therapy,0.5625,0.2188,0.2188,0.7,vgae
2021,Molecules,0.4318,0.0795,0.0795,0.7,vgae
2021,Movement Disorders,0.9,0.3,0.3,0.7,vgae
2021,Multiple Sclerosis Journal,0.8261,0.5652,0.5652,0.7,vgae
2021,Multiple Sclerosis and Related Disorders,1.1111,0.8519,0.8519,0.7,vgae
2021,Nano Letters,0.6818,0.5,0.5,0.7,vgae
2021,Nature,12.8793,11.9621,11.9621,0.7,vgae
2021,Nature Biomedical Engineering,0.6585,0.122,0.122,0.7,vgae
2021,Nature Biotechnology,1.9474,1.6053,1.6053,0.7,vgae
2021,Nature Cancer,1.2121,1.0303,1.0303,0.7,vgae
2021,Nature Cell Biology,1.0698,0.4419,0.4419,0.7,vgae
2021,Nature Chemical Biology,0.8214,0.4286,0.4286,0.7,vgae
2021,Nature Communications,1.4334,0.9549,0.9549,0.7,vgae
2021,Nature Genetics,4.5556,2.7778,2.7778,0.7,vgae
2021,Nature Immunology,3.4082,2.6531,2.6531,0.7,vgae
2021,Nature Medicine,8.0882,7.1353,7.1353,0.7,vgae
2021,Nature Metabolism,0.881,0.2619,0.2619,0.7,vgae
2021,Nature Microbiology,9.5926,8.7778,8.7778,0.7,vgae
2021,Nature Neuroscience,2.15,0.825,0.825,0.7,vgae
2021,Nature Structural & Molecular Biology,5.52,5.16,5.16,0.7,vgae
2021,Nephrology Dialysis Transplantation,1.1379,1.0,1.0,0.7,vgae
2021,Neuro-Oncology,0.8026,0.3947,0.3947,0.7,vgae
2021,NeuroImage,0.7952,0.3373,0.3373,0.7,vgae
2021,NeuroImage Clinical,0.5833,0.0833,0.0833,0.7,vgae
2021,Neurobiology of Disease,0.4444,0.0741,0.0741,0.7,vgae
2021,Neurology,1.3775,0.8233,0.8233,0.7,vgae
2021,Neurology Neuroimmunology & Neuroinflammation,1.3409,1.0227,1.0227,0.7,vgae
2021,Neuron,1.3778,0.4444,0.4444,0.7,vgae
2021,Neuropsychopharmacology,0.4,0.2,0.2,0.7,vgae
2021,Neurosurgery,0.7,0.1667,0.1667,0.7,vgae
2021,New England Journal of Medicine,16.7127,15.2851,15.2851,0.7,vgae
2021,Nicotine & Tobacco Research,0.7391,0.4348,0.4348,0.7,vgae
2021,Nucleic Acids Research,1.4103,1.1282,1.1282,0.7,vgae
2021,Nutrients,0.7557,0.4943,0.4943,0.7,vgae
2021,Obesity,4.3077,3.8974,3.8974,0.7,vgae
2021,Obesity Surgery,0.15,0.0,0.0,0.7,vgae
2021,Obstetrics and Gynecology,1.0879,0.4396,0.4396,0.7,vgae
2021,OncoImmunology,0.9333,0.1667,0.1667,0.7,vgae
2021,Oncogene,0.3778,0.0222,0.0222,0.7,vgae
2021,Open Forum Infectious Diseases,1.4286,0.8571,0.8571,0.7,vgae
2021,Ophthalmology,0.8947,0.3895,0.3895,0.7,vgae
2021,Orthopaedic Journal of Sports Medicine,0.3,0.15,0.15,0.7,vgae
2021,Osteoarthritis and Cartilage,0.7391,0.087,0.087,0.7,vgae
2021,Osteoporosis International,0.6,0.15,0.15,0.7,vgae
2021,Oxidative Medicine and Cellular Longevity,0.3,0.025,0.025,0.7,vgae
2021,PEDIATRICS,1.9647,1.6235,1.6235,0.7,vgae
2021,PLoS Biology,1.6667,0.8182,0.8182,0.7,vgae
2021,PLoS Genetics,0.55,0.3,0.3,0.7,vgae
2021,PLoS Medicine,0.7179,0.2051,0.2051,0.7,vgae
2021,PLoS ONE,0.7058,0.3587,0.3587,0.7,vgae
2021,PLoS Pathogens,1.3875,0.9,0.9,0.7,vgae
2021,PLoS neglected tropical diseases,0.9455,0.4909,0.4909,0.7,vgae
2021,Pain,0.5778,0.1333,0.1333,0.7,vgae
2021,Parasites & Vectors,0.2917,0.0,0.0,0.7,vgae
2021,PeerJ,0.9565,0.4348,0.4348,0.7,vgae
2021,Pharmacological Research,0.8095,0.5476,0.5476,0.7,vgae
2021,Physics in Medicine and Biology,1.3333,1.0417,1.0417,0.7,vgae
2021,Physics of Fluids,4.9565,4.9565,4.9565,0.7,vgae
2021,Phytomedicine,0.3846,0.2692,0.2692,0.7,vgae
2021,Plastic & Reconstructive Surgery,0.4848,0.0,0.0,0.7,vgae
2021,Preventive Medicine,1.2381,0.8095,0.8095,0.7,vgae
2021,Proceedings of the National Academy of Sciences,2.076,1.4902,1.4902,0.7,vgae
2021,PubMed,2.3114,2.0346,2.0346,0.7,vgae
2021,Radiology,9.9842,9.4263,9.4263,0.7,vgae
2021,Radiology Artificial Intelligence,2.7083,1.7083,1.7083,0.7,vgae
2021,Radiology Cardiothoracic Imaging,10.8571,10.4762,10.4762,0.7,vgae
2021,Radiotherapy and Oncology,1.8302,1.5849,1.5849,0.7,vgae
2021,Redox Biology,0.7903,0.4516,0.4516,0.7,vgae
2021,Regional Anesthesia & Pain Medicine,0.7586,0.3793,0.3793,0.7,vgae
2021,Reproductive Health,0.6296,0.0741,0.0741,0.7,vgae
2021,Respiratory Research,1.2667,0.9111,0.9111,0.7,vgae
2021,Resuscitation,1.1667,0.5476,0.5476,0.7,vgae
2021,Science,11.3317,10.5377,10.5377,0.7,vgae
2021,Science Advances,1.1605,0.716,0.716,0.7,vgae
2021,Science Immunology,5.05,4.725,4.725,0.7,vgae
2021,Science Translational Medicine,1.3353,0.7283,0.7283,0.7,vgae
2021,Scientific Data,1.913,0.8696,0.8696,0.7,vgae
2021,Scientific Reports,0.7295,0.4254,0.4254,0.7,vgae
2021,Sensors,1.125,0.7679,0.7679,0.7,vgae
2021,Social Science & Medicine,0.75,0.375,0.375,0.7,vgae
2021,Stem Cell Reports,1.2692,0.4231,0.4231,0.7,vgae
2021,Stem Cell Research & Therapy,0.3067,0.0267,0.0267,0.7,vgae
2021,Stroke,1.0402,0.6437,0.6437,0.7,vgae
2021,Surgery,0.2727,0.0909,0.0909,0.7,vgae
2021,Surgical Endoscopy,0.5476,0.2619,0.2619,0.7,vgae
2021,Telemedicine Journal and e-Health,1.381,1.2381,1.2381,0.7,vgae
2021,The American Journal of Emergency Medicine,0.9333,0.8667,0.8667,0.7,vgae
2021,The American Journal of Gastroenterology,1.4655,1.1379,1.1379,0.7,vgae
2021,The American Journal of Human Genetics,0.8276,0.4138,0.4138,0.7,vgae
2021,The American Journal of Sports Medicine,0.4889,0.0333,0.0333,0.7,vgae
2021,The American Journal of Surgical Pathology,0.5909,0.0227,0.0227,0.7,vgae
2021,The Annals of Thoracic Surgery,0.6857,0.3143,0.3143,0.7,vgae
2021,The Bone & Joint Journal,0.6154,0.1923,0.1923,0.7,vgae
2021,The EMBO Journal,3.475,2.6,2.6,0.7,vgae
2021,The FASEB Journal,0.7647,0.2549,0.2549,0.7,vgae
2021,The Journal of Allergy and Clinical Immunology In Practice,1.0735,0.5882,0.5882,0.7,vgae
2021,The Journal of Arthroplasty,0.5373,0.1642,0.1642,0.7,vgae
2021,The Journal of Clinical Endocrinology & Metabolism,1.0,0.4034,0.4034,0.7,vgae
2021,The Journal of Experimental Medicine,1.7143,1.2063,1.2063,0.7,vgae
2021,The Journal of Headache and Pain,0.8485,0.5455,0.5455,0.7,vgae
2021,The Journal of Heart and Lung Transplantation,0.5652,0.087,0.087,0.7,vgae
2021,The Journal of Immunology,1.75,1.05,1.05,0.7,vgae
2021,The Journal of Infectious Diseases,2.5253,2.1616,2.1616,0.7,vgae
2021,The Journal of Pediatrics,1.7778,1.5278,1.5278,0.7,vgae
2021,The Journal of Physiology,0.4286,0.0,0.0,0.7,vgae
2021,The Journal of Strength and Conditioning Research,0.76,0.44,0.44,0.7,vgae
2021,"The Journal of Trauma: Injury, Infection, and Critical Care",0.65,0.3,0.3,0.7,vgae
2021,The Journal of Urology,0.5686,0.2157,0.2157,0.7,vgae
2021,The Journals of Gerontology Series A,1.75,1.1562,1.1562,0.7,vgae
2021,The Lancet,21.8885,20.5068,20.5068,0.7,vgae
2021,The Lancet Child & Adolescent Health,3.0833,2.6389,2.6389,0.7,vgae
2021,The Lancet Diabetes & Endocrinology,2.2542,1.661,1.661,0.7,vgae
2021,The Lancet Digital Health,1.3478,0.8696,0.8696,0.7,vgae
2021,The Lancet Global Health,1.6974,1.1842,1.1842,0.7,vgae
2021,The Lancet HIV,1.3636,0.9091,0.9091,0.7,vgae
2021,The Lancet Haematology,2.8793,2.1379,2.1379,0.7,vgae
2021,The Lancet Infectious Diseases,8.4608,7.902,7.902,0.7,vgae
2021,The Lancet Neurology,3.0435,1.5362,1.5362,0.7,vgae
2021,The Lancet Oncology,3.695,2.66,2.66,0.7,vgae
2021,The Lancet Psychiatry,2.45,1.8,1.8,0.7,vgae
2021,The Lancet Public Health,2.7222,1.9722,1.9722,0.7,vgae
2021,The Lancet Respiratory Medicine,10.2605,9.5546,9.5546,0.7,vgae
2021,The Lancet Rheumatology,3.6857,3.4571,3.4571,0.7,vgae
2021,The Medical Journal of Australia,2.3182,1.7727,1.7727,0.7,vgae
2021,The Ocular Surface,0.3636,0.3182,0.3182,0.7,vgae
2021,The Oncologist,0.68,0.2,0.2,0.7,vgae
2021,The Science of The Total Environment,4.5733,4.48,4.48,0.7,vgae
2021,The Spine Journal,0.3636,0.0455,0.0455,0.7,vgae
2021,The journal of nutrition health & aging,1.65,1.5,1.5,0.7,vgae
2021,Theranostics,0.913,0.5391,0.5391,0.7,vgae
2021,Thorax,0.4857,0.2,0.2,0.7,vgae
2021,Thyroid,0.6458,0.2917,0.2917,0.7,vgae
2021,Translational Psychiatry,0.2273,0.0455,0.0455,0.7,vgae
2021,Trends in Food Science & Technology,0.35,0.075,0.075,0.7,vgae
2021,UNC Libraries,0.913,0.0,0.0,0.7,vgae
2021,Ultrasound in Obstetrics and Gynecology,1.2121,0.8485,0.8485,0.7,vgae
2021,Unknown,1.1159,0.7683,0.7683,0.7,vgae
2021,Vaccine,1.0938,0.6875,0.6875,0.7,vgae
2021,Viruses,5.7021,5.3404,5.3404,0.7,vgae
2021,World Neurosurgery,0.6452,0.4194,0.4194,0.7,vgae
2021,eLife,1.4678,0.7661,0.7661,0.7,vgae
2021,iScience,0.8824,0.5882,0.5882,0.7,vgae
2021,mBio,1.6593,1.2198,1.2198,0.7,vgae
2021,mSphere,1.4762,1.0952,1.0952,0.7,vgae
2021,npj Digital Medicine,1.6809,1.0426,1.0426,0.7,vgae
2021,The Lancet. Gastroenterology & hepatology,5.8689,5.0,5.0,0.7,vgae
2022,ACS Applied Materials & Interfaces,1.7286,1.1857,1.1857,0.7,vgae
2022,ACS Central Science,6.5455,6.3182,6.3182,0.7,vgae
2022,ACS Nano,4.6479,4.2254,4.2254,0.7,vgae
2022,ACS Omega,0.8846,0.6923,0.6923,0.7,vgae
2022,AIDS and Behavior,2.1304,1.1304,1.1304,0.7,vgae
2022,Academic Medicine,0.7083,0.1667,0.1667,0.7,vgae
2022,Academic Radiology,1.8077,1.0769,1.0769,0.7,vgae
2022,Acta Biomaterialia,0.8475,0.4746,0.4746,0.7,vgae
2022,Acta Neuropathologica,3.2553,2.234,2.234,0.7,vgae
2022,Acta Neuropathologica Communications,0.7143,0.1905,0.1905,0.7,vgae
2022,Acta Pharmaceutica Sinica B,2.7632,2.3684,2.3684,0.7,vgae
2022,Acta Pharmacologica Sinica,0.6897,0.2759,0.2759,0.7,vgae
2022,Addiction,1.2941,0.5588,0.5588,0.7,vgae
2022,Advanced Functional Materials,2.8933,2.2267,2.2267,0.7,vgae
2022,Advanced Healthcare Materials,1.24,0.8,0.8,0.7,vgae
2022,Advanced Materials,0.75,0.3611,0.3611,0.7,vgae
2022,Advanced Science,1.4286,0.3265,0.3265,0.7,vgae
2022,Age and Ageing,2.0,1.4194,1.4194,0.7,vgae
2022,Aging,1.5,1.1279,1.1279,0.7,vgae
2022,Aging Cell,1.5641,0.6667,0.6667,0.7,vgae
2022,Alimentary Pharmacology & Therapeutics,1.1739,0.1739,0.1739,0.7,vgae
2022,Allergy,5.2182,4.5455,4.5455,0.7,vgae
2022,Alzheimer s & Dementia,1.9136,0.9383,0.9383,0.7,vgae
2022,Alzheimer s Research & Therapy,1.1304,0.7246,0.7246,0.7,vgae
2022,American Journal of Clinical Nutrition,0.78,0.26,0.26,0.7,vgae
2022,American Journal of Hematology,2.1951,1.6098,1.6098,0.7,vgae
2022,American Journal of Infection Control,3.2174,2.8261,2.8261,0.7,vgae
2022,American Journal of Kidney Diseases,1.6744,1.2093,1.2093,0.7,vgae
2022,American Journal of Neuroradiology,1.1786,0.8929,0.8929,0.7,vgae
2022,American Journal of Obstetrics & Gynecology MFM,6.5217,6.1739,6.1739,0.7,vgae
2022,American Journal of Obstetrics and Gynecology,3.2184,2.8391,2.8391,0.7,vgae
2022,American Journal of Ophthalmology,1.2703,0.2162,0.2162,0.7,vgae
2022,American Journal of Respiratory and Critical Care Medicine,2.6824,2.0353,2.0353,0.7,vgae
2022,American Journal of Roentgenology,11.16,10.68,10.68,0.7,vgae
2022,American Journal of Transplantation,3.6893,3.1942,3.1942,0.7,vgae
2022,American Journal of Tropical Medicine and Hygiene,2.1379,1.5862,1.5862,0.7,vgae
2022,Anaesthesia,2.9333,2.0,2.0,0.7,vgae
2022,Analytical Chemistry,2.2174,2.087,2.087,0.7,vgae
2022,Anesthesia & Analgesia,1.16,0.8,0.8,0.7,vgae
2022,Anesthesiology,1.5366,1.0,1.0,0.7,vgae
2022,Angewandte Chemie International Edition,1.0345,0.5517,0.5517,0.7,vgae
2022,Annals of Clinical and Translational Neurology,1.7143,1.4286,1.4286,0.7,vgae
2022,Annals of Emergency Medicine,1.35,0.8,0.8,0.7,vgae
2022,Annals of Intensive Care,2.5,2.3333,2.3333,0.7,vgae
2022,Annals of Internal Medicine,5.1667,4.451,4.451,0.7,vgae
2022,Annals of Neurology,1.5294,0.8137,0.8137,0.7,vgae
2022,Annals of Oncology,2.5879,1.7394,1.7394,0.7,vgae
2022,Annals of Surgery,1.292,0.7965,0.7965,0.7,vgae
2022,Annals of Surgical Oncology,0.4242,0.0303,0.0303,0.7,vgae
2022,Annals of Translational Medicine,3.25,2.7083,2.7083,0.7,vgae
2022,Annals of the American Thoracic Society,2.3,2.0,2.0,0.7,vgae
2022,Annals of the Rheumatic Diseases,3.0853,2.3333,2.3333,0.7,vgae
2022,Antimicrobial Agents and Chemotherapy,3.4545,2.8182,2.8182,0.7,vgae
2022,Antioxidants,0.5139,0.0694,0.0694,0.7,vgae
2022,Applied Intelligence,6.3,6.25,6.25,0.7,vgae
2022,Applied Sciences,2.0,1.3115,1.3115,0.7,vgae
2022,Applied Soft Computing,4.3929,3.8214,3.8214,0.7,vgae
2022,Arteriosclerosis Thrombosis and Vascular Biology,1.1429,0.7429,0.7429,0.7,vgae
2022,Arthritis & Rheumatology,2.625,1.9875,1.9875,0.7,vgae
2022,Arthroscopy The Journal of Arthroscopic and Related Surgery,0.0952,0.0,0.0,0.7,vgae
2022,Autophagy,0.7363,0.3297,0.3297,0.7,vgae
2022,BJOG An International Journal of Obstetrics & Gynaecology,2.2857,1.7714,1.7714,0.7,vgae
2022,BMC Cancer,0.4545,0.1299,0.1299,0.7,vgae
2022,BMC Geriatrics,0.4583,0.1875,0.1875,0.7,vgae
2022,BMC Health Services Research,0.8438,0.6562,0.6562,0.7,vgae
2022,BMC Infectious Diseases,1.0588,0.8627,0.8627,0.7,vgae
2022,BMC Medical Informatics and Decision Making,0.68,0.36,0.36,0.7,vgae
2022,BMC Medicine,1.3636,0.9091,0.9091,0.7,vgae
2022,BMC Musculoskeletal Disorders,0.2,0.0,0.0,0.7,vgae
2022,BMC Pregnancy and Childbirth,0.3377,0.1169,0.1169,0.7,vgae
2022,BMC Psychiatry,0.1818,0.0455,0.0455,0.7,vgae
2022,BMC Public Health,0.4412,0.1765,0.1765,0.7,vgae
2022,BMC Women s Health,0.25,0.0,0.0,0.7,vgae
2022,BMJ,8.2573,7.473,7.473,0.7,vgae
2022,BMJ Global Health,1.1304,0.913,0.913,0.7,vgae
2022,BMJ Open,1.3019,0.9151,0.9151,0.7,vgae
2022,BMJ Open Diabetes Research & Care,1.3636,0.7879,0.7879,0.7,vgae
2022,BioMed Research International,0.8421,0.3684,0.3684,0.7,vgae
2022,Bioactive Materials,1.1077,0.6308,0.6308,0.7,vgae
2022,Biochemical and Biophysical Research Communications,3.0455,2.7273,2.7273,0.7,vgae
2022,Biomaterials,1.0333,0.5111,0.5111,0.7,vgae
2022,Biomedical Signal Processing and Control,1.3571,1.125,1.125,0.7,vgae
2022,Biomedicine & Pharmacotherapy,0.5873,0.1746,0.1746,0.7,vgae
2022,Biomolecules,0.75,0.2917,0.2917,0.7,vgae
2022,Biosensors and Bioelectronics,2.1765,2.0588,2.0588,0.7,vgae
2022,Blood,1.9676,1.4317,1.4317,0.7,vgae
2022,Blood Advances,1.4485,0.897,0.897,0.7,vgae
2022,Blood Cancer Journal,1.1154,0.6923,0.6923,0.7,vgae
2022,Brain,1.6912,1.0882,1.0882,0.7,vgae
2022,Brain Behavior and Immunity,2.0323,1.5806,1.5806,0.7,vgae
2022,Brain Communications,1.25,0.5833,0.5833,0.7,vgae
2022,Breast Cancer Research and Treatment,0.7,0.25,0.25,0.7,vgae
2022,British Journal of Anaesthesia,0.8163,0.4286,0.4286,0.7,vgae
2022,British Journal of Cancer,0.7143,0.1964,0.1964,0.7,vgae
2022,British Journal of Dermatology,2.5294,2.0294,2.0294,0.7,vgae
2022,British Journal of Haematology,2.8378,2.4324,2.4324,0.7,vgae
2022,British Journal of Ophthalmology,1.3784,1.0,1.0,0.7,vgae
2022,British Journal of Pharmacology,1.0,0.5,0.5,0.7,vgae
2022,British Journal of Sports Medicine,1.9444,0.963,0.963,0.7,vgae
2022,British journal of surgery,1.8857,1.3143,1.3143,0.7,vgae
2022,Building and Environment,2.7931,2.4483,2.4483,0.7,vgae
2022,CHEST Journal,2.8868,2.5094,2.5094,0.7,vgae
2022,Canadian Medical Association Journal,2.0,1.4848,1.4848,0.7,vgae
2022,Cancer,1.0795,0.3977,0.3977,0.7,vgae
2022,Cancer Cell,2.1333,1.12,1.12,0.7,vgae
2022,Cancer Cell International,0.381,0.0952,0.0952,0.7,vgae
2022,Cancer Discovery,2.1712,1.5495,1.5495,0.7,vgae
2022,Cancer Epidemiology Biomarkers & Prevention,0.45,0.25,0.25,0.7,vgae
2022,Cancer Immunology Immunotherapy,0.7586,0.1379,0.1379,0.7,vgae
2022,Cancer Immunology Research,0.5238,0.0952,0.0952,0.7,vgae
2022,Cancer Letters,0.3929,0.0714,0.0714,0.7,vgae
2022,Cancer Medicine,0.6579,0.2105,0.2105,0.7,vgae
2022,Cancer Research,0.4306,0.0694,0.0694,0.7,vgae
2022,Cancer Science,0.7826,0.0435,0.0435,0.7,vgae
2022,Cancers,0.5849,0.2453,0.2453,0.7,vgae
2022,Carbohydrate Polymers,0.7167,0.3167,0.3167,0.7,vgae
2022,Cardiovascular Diabetology,2.0253,1.4557,1.4557,0.7,vgae
2022,Cardiovascular Research,2.9375,2.6042,2.6042,0.7,vgae
2022,Cell,28.1964,27.1339,27.1339,0.7,vgae
2022,Cell Death and Differentiation,0.9412,0.5882,0.5882,0.7,vgae
2022,Cell Death and Disease,0.6419,0.2635,0.2635,0.7,vgae
2022,Cell Discovery,5.7727,5.5909,5.5909,0.7,vgae
2022,Cell Host & Microbe,17.1974,16.7105,16.7105,0.7,vgae
2022,Cell Metabolism,2.8681,1.9341,1.9341,0.7,vgae
2022,Cell Proliferation,1.45,0.9,0.9,0.7,vgae
2022,Cell Reports,2.5622,2.0553,2.0553,0.7,vgae
2022,Cell Reports Medicine,5.7895,5.5439,5.5439,0.7,vgae
2022,Cell Research,6.1818,5.7576,5.7576,0.7,vgae
2022,Cell stem cell,2.6538,1.5769,1.5769,0.7,vgae
2022,Cells,1.2097,0.9839,0.9839,0.7,vgae
2022,Cellular and Molecular Gastroenterology and Hepatology,0.5,0.2917,0.2917,0.7,vgae
2022,Cellular and Molecular Immunology,11.0,10.875,10.875,0.7,vgae
2022,Cephalalgia,1.6296,0.7037,0.7037,0.7,vgae
2022,Chaos Solitons & Fractals,4.9655,4.3103,4.3103,0.7,vgae
2022,Chemical Engineering Journal,2.2297,1.6486,1.6486,0.7,vgae
2022,Chinese Medical Journal,16.0,15.7,15.7,0.7,vgae
2022,Circulation,3.3801,2.6458,2.6458,0.7,vgae
2022,Circulation Arrhythmia and Electrophysiology,1.1395,0.3488,0.3488,0.7,vgae
2022,Circulation Heart Failure,1.3056,0.75,0.75,0.7,vgae
2022,Circulation Research,1.7467,1.1733,1.1733,0.7,vgae
2022,Clinica Chimica Acta,5.4167,5.0,5.0,0.7,vgae
2022,Clinical Cancer Research,1.0714,0.406,0.406,0.7,vgae
2022,Clinical Chemistry,8.9091,8.7727,8.7727,0.7,vgae
2022,Clinical Chemistry and Laboratory Medicine (CCLM),8.5185,8.1481,8.1481,0.7,vgae
2022,Clinical Gastroenterology and Hepatology,1.9432,1.5682,1.5682,0.7,vgae
2022,Clinical Infectious Diseases,9.2663,8.7337,8.7337,0.7,vgae
2022,Clinical Journal of the American Society of Nephrology,1.7925,1.434,1.434,0.7,vgae
2022,Clinical Medicine,1.1154,0.8846,0.8846,0.7,vgae
2022,Clinical Microbiology and Infection,4.6344,4.3763,4.3763,0.7,vgae
2022,Clinical Nutrition,0.6912,0.1471,0.1471,0.7,vgae
2022,Clinical and Translational Medicine,1.5667,0.7333,0.7333,0.7,vgae
2022,Cochrane Database of Systematic Reviews,1.913,1.5217,1.5217,0.7,vgae
2022,Communications Biology,1.0426,0.6596,0.6596,0.7,vgae
2022,Computer Methods and Programs in Biomedicine,3.8333,3.2222,3.2222,0.7,vgae
2022,Computers in Biology and Medicine,3.7115,3.3654,3.3654,0.7,vgae
2022,Critical Care,2.4135,2.0301,2.0301,0.7,vgae
2022,Critical Care Medicine,2.88,2.4133,2.4133,0.7,vgae
2022,Cureus,4.3182,4.0,4.0,0.7,vgae
2022,Current Biology,7.0952,6.0,6.0,0.7,vgae
2022,Developmental Cell,1.5128,0.7949,0.7949,0.7,vgae
2022,Diabetes,1.0,0.3793,0.3793,0.7,vgae
2022,Diabetes & Metabolic Syndrome Clinical Research & Reviews,3.7333,2.9667,2.9667,0.7,vgae
2022,Diabetes Care,1.9664,1.1074,1.1074,0.7,vgae
2022,Diabetes Obesity and Metabolism,2.1111,1.4667,1.4667,0.7,vgae
2022,Diabetes Research and Clinical Practice,1.8,1.5556,1.5556,0.7,vgae
2022,Diabetes Technology & Therapeutics,2.0,1.2812,1.2812,0.7,vgae
2022,Diabetes/Metabolism Research and Reviews,6.625,4.8333,4.8333,0.7,vgae
2022,Diabetologia,1.7895,1.4474,1.4474,0.7,vgae
2022,Diagnostics,1.4359,1.0513,1.0513,0.7,vgae
2022,Drug Design Development and Therapy,0.25,0.05,0.05,0.7,vgae
2022,Drug and Alcohol Dependence,1.375,0.5833,0.5833,0.7,vgae
2022,EBioMedicine,2.4364,2.1364,2.1364,0.7,vgae
2022,EClinicalMedicine,3.521,3.1597,3.1597,0.7,vgae
2022,EMBO Molecular Medicine,2.6389,1.7778,1.7778,0.7,vgae
2022,EP Europace,0.641,0.4615,0.4615,0.7,vgae
2022,ERJ Open Research,3.3,3.1,3.1,0.7,vgae
2022,ESC Heart Failure,0.8621,0.4483,0.4483,0.7,vgae
2022,ESMO Open,0.7353,0.3529,0.3529,0.7,vgae
2022,Emerging Microbes & Infections,14.8169,14.2676,14.2676,0.7,vgae
2022,Emerging infectious diseases,8.9138,8.3707,8.3707,0.7,vgae
2022,Endoscopy,0.8108,0.1351,0.1351,0.7,vgae
2022,Environmental Research,3.3333,2.9167,2.9167,0.7,vgae
2022,Epilepsia,1.3421,0.6842,0.6842,0.7,vgae
2022,EuroIntervention,1.0323,0.5806,0.5806,0.7,vgae
2022,European Heart Journal,3.0887,2.3427,2.3427,0.7,vgae
2022,European Heart Journal - Cardiovascular Imaging,0.9737,0.5263,0.5263,0.7,vgae
2022,European Journal of Cancer,1.0109,0.5652,0.5652,0.7,vgae
2022,European Journal of Heart Failure,2.5063,1.7215,1.7215,0.7,vgae
2022,European Journal of Neurology,2.5,1.8158,1.8158,0.7,vgae
2022,European Journal of Nuclear Medicine and Molecular Imaging,2.2439,1.7236,1.7236,0.7,vgae
2022,European Journal of Pharmacology,0.5238,0.1905,0.1905,0.7,vgae
2022,European Journal of Preventive Cardiology,1.6364,0.9697,0.9697,0.7,vgae
2022,European Journal of Radiology,4.1364,3.5909,3.5909,0.7,vgae
2022,European Radiology,2.5921,2.2039,2.2039,0.7,vgae
2022,European Respiratory Journal,4.7244,4.2372,4.2372,0.7,vgae
2022,European Urology,1.3412,0.6824,0.6824,0.7,vgae
2022,Eurosurveillance,14.622,14.0366,14.0366,0.7,vgae
2022,Expert Systems with Applications,1.7,1.3667,1.3667,0.7,vgae
2022,Fertility and Sterility,1.413,1.0652,1.0652,0.7,vgae
2022,Food & Function,0.475,0.05,0.05,0.7,vgae
2022,Food Chemistry,0.6744,0.2035,0.2035,0.7,vgae
2022,Food Research International,0.6667,0.3611,0.3611,0.7,vgae
2022,Foods,0.6042,0.0833,0.0833,0.7,vgae
2022,Free Radical Biology and Medicine,1.1333,0.5556,0.5556,0.7,vgae
2022,Frontiers in Aging Neuroscience,0.1923,0.1154,0.1154,0.7,vgae
2022,Frontiers in Bioengineering and Biotechnology,1.2273,0.5455,0.5455,0.7,vgae
2022,Frontiers in Cardiovascular Medicine,0.5417,0.4583,0.4583,0.7,vgae
2022,Frontiers in Cell and Developmental Biology,0.4324,0.2432,0.2432,0.7,vgae
2022,Frontiers in Cellular and Infection Microbiology,0.9268,0.6585,0.6585,0.7,vgae
2022,Frontiers in Endocrinology,0.5714,0.3393,0.3393,0.7,vgae
2022,Frontiers in Genetics,0.6667,0.4815,0.4815,0.7,vgae
2022,Frontiers in Immunology,1.2798,1.0596,1.0596,0.7,vgae
2022,Frontiers in Medicine,1.6842,1.3947,1.3947,0.7,vgae
2022,Frontiers in Microbiology,1.5957,1.2128,1.2128,0.7,vgae
2022,Frontiers in Neurology,0.8333,0.6061,0.6061,0.7,vgae
2022,Frontiers in Neuroscience,0.45,0.1,0.1,0.7,vgae
2022,Frontiers in Nutrition,0.2,0.0,0.0,0.7,vgae
2022,Frontiers in Oncology,0.3874,0.0721,0.0721,0.7,vgae
2022,Frontiers in Pharmacology,0.6699,0.2816,0.2816,0.7,vgae
2022,Frontiers in Physiology,1.0,0.5676,0.5676,0.7,vgae
2022,Frontiers in Psychiatry,0.9643,0.75,0.75,0.7,vgae
2022,Frontiers in Psychology,0.2917,0.0833,0.0833,0.7,vgae
2022,Frontiers in Public Health,2.375,2.0208,2.0208,0.7,vgae
2022,Future Oncology,0.76,0.6,0.6,0.7,vgae
2022,Gastric Cancer,0.6,0.1,0.1,0.7,vgae
2022,Gastroenterology,1.989,1.1593,1.1593,0.7,vgae
2022,Gastrointestinal Endoscopy,1.25,0.4464,0.4464,0.7,vgae
2022,Genetics in Medicine,0.5185,0.037,0.037,0.7,vgae
2022,Genome Medicine,3.0312,2.3125,2.3125,0.7,vgae
2022,Gut,2.2593,1.4667,1.4667,0.7,vgae
2022,Gut Microbes,0.3462,0.0385,0.0385,0.7,vgae
2022,Gynecologic Oncology,0.4,0.0571,0.0571,0.7,vgae
2022,Haematologica,1.05,0.525,0.525,0.7,vgae
2022,Headache The Journal of Head and Face Pain,1.6296,1.0741,1.0741,0.7,vgae
2022,Health Affairs,2.6087,2.4783,2.4783,0.7,vgae
2022,Health and Quality of Life Outcomes,0.45,0.3,0.3,0.7,vgae
2022,Heart,1.7857,1.3571,1.3571,0.7,vgae
2022,Heart Rhythm,1.5294,0.9118,0.9118,0.7,vgae
2022,Heliyon,0.6944,0.4722,0.4722,0.7,vgae
2022,Hepatology,1.2615,0.5692,0.5692,0.7,vgae
2022,Hepatology Communications,0.64,0.08,0.08,0.7,vgae
2022,Human Reproduction,0.7586,0.2759,0.2759,0.7,vgae
2022,Hypertension,1.506,0.8795,0.8795,0.7,vgae
2022,IEEE Access,2.3357,1.6923,1.6923,0.7,vgae
2022,IEEE Journal of Biomedical and Health Informatics,1.541,1.0492,1.0492,0.7,vgae
2022,IEEE Transactions on Medical Imaging,3.6575,3.0959,3.0959,0.7,vgae
2022,Immunity,7.6543,7.1481,7.1481,0.7,vgae
2022,Indian Journal of Ophthalmology,1.1304,0.913,0.913,0.7,vgae
2022,Industrial Crops and Products,0.6667,0.037,0.037,0.7,vgae
2022,Informatics in Medicine Unlocked,4.5652,4.1739,4.1739,0.7,vgae
2022,Intensive Care Medicine,11.7619,11.0595,11.0595,0.7,vgae
2022,International Immunopharmacology,1.3333,1.2444,1.2444,0.7,vgae
2022,International Journal of Antimicrobial Agents,18.8387,18.3226,18.3226,0.7,vgae
2022,International Journal of Behavioral Nutrition and Physical Activity,0.6,0.16,0.16,0.7,vgae
2022,International Journal of Biological Macromolecules,0.7094,0.2137,0.2137,0.7,vgae
2022,International Journal of Biological Sciences,0.875,0.625,0.625,0.7,vgae
2022,International Journal of Cancer,0.9302,0.3256,0.3256,0.7,vgae
2022,International Journal of Cardiology,1.4545,1.1818,1.1818,0.7,vgae
2022,International Journal of Drug Policy,1.5161,0.6774,0.6774,0.7,vgae
2022,International Journal of Environmental Research and Public Health,0.9909,0.5982,0.5982,0.7,vgae
2022,International Journal of Epidemiology,1.8788,1.3939,1.3939,0.7,vgae
2022,International Journal of Gynecology & Obstetrics,3.8387,3.129,3.129,0.7,vgae
2022,International Journal of Infectious Diseases,4.6103,4.2206,4.2206,0.7,vgae
2022,International Journal of Molecular Sciences,0.9219,0.6797,0.6797,0.7,vgae
2022,International Journal of Nanomedicine,0.3103,0.1379,0.1379,0.7,vgae
2022,International Journal of Pharmaceutics,0.6,0.0,0.0,0.7,vgae
2022,International Journal of Radiation Oncology*Biology*Physics,1.3833,1.0833,1.0833,0.7,vgae
2022,International Journal of Stroke,2.75,2.35,2.35,0.7,vgae
2022,Investigative Ophthalmology & Visual Science,0.9394,0.5152,0.5152,0.7,vgae
2022,JACC Heart Failure,1.5,0.7941,0.7941,0.7,vgae
2022,JACC. Cardiovascular imaging,1.3188,1.0435,1.0435,0.7,vgae
2022,JACC. Clinical electrophysiology,0.9655,0.5517,0.5517,0.7,vgae
2022,JACC: Cardiovascular Interventions,1.4318,0.4545,0.4545,0.7,vgae
2022,JAMA,18.677,17.6128,17.6128,0.7,vgae
2022,JAMA Cardiology,7.687,6.7913,6.7913,0.7,vgae
2022,JAMA Dermatology,1.2093,0.8605,0.8605,0.7,vgae
2022,JAMA Internal Medicine,9.6759,9.0556,9.0556,0.7,vgae
2022,JAMA Network Open,1.7255,1.2191,1.2191,0.7,vgae
2022,JAMA Neurology,4.8319,4.0084,4.0084,0.7,vgae
2022,JAMA Oncology,2.3088,1.3603,1.3603,0.7,vgae
2022,JAMA Ophthalmology,2.35,1.625,1.625,0.7,vgae
2022,JAMA Pediatrics,4.2105,3.8421,3.8421,0.7,vgae
2022,JAMA Psychiatry,1.1277,0.4468,0.4468,0.7,vgae
2022,JAMA Surgery,0.9405,0.25,0.25,0.7,vgae
2022,JCI Insight,2.3478,1.6957,1.6957,0.7,vgae
2022,JHEP Reports,0.35,0.2,0.2,0.7,vgae
2022,JMIR Public Health and Surveillance,4.8696,3.6087,3.6087,0.7,vgae
2022,JMIR mhealth and uhealth,0.3478,0.087,0.087,0.7,vgae
2022,JNCI Journal of the National Cancer Institute,1.1475,0.3607,0.3607,0.7,vgae
2022,Journal for ImmunoTherapy of Cancer,0.9144,0.369,0.369,0.7,vgae
2022,Journal of Affective Disorders,1.4651,0.9302,0.9302,0.7,vgae
2022,Journal of Agricultural and Food Chemistry,0.8333,0.3519,0.3519,0.7,vgae
2022,Journal of Allergy and Clinical Immunology,4.2857,3.9286,3.9286,0.7,vgae
2022,Journal of Alzheimer s Disease,1.303,1.2121,1.2121,0.7,vgae
2022,Journal of Biological Chemistry,4.6571,4.2571,4.2571,0.7,vgae
2022,Journal of Biomolecular Structure and Dynamics,4.5946,4.2973,4.2973,0.7,vgae
2022,Journal of Bone and Joint Surgery,2.2195,1.6341,1.6341,0.7,vgae
2022,Journal of Bone and Mineral Research,0.7941,0.2059,0.2059,0.7,vgae
2022,Journal of Cachexia Sarcopenia and Muscle,1.0426,0.0638,0.0638,0.7,vgae
2022,Journal of Cellular and Molecular Medicine,0.825,0.2,0.2,0.7,vgae
2022,Journal of Clinical Investigation,4.7632,4.3105,4.3105,0.7,vgae
2022,Journal of Clinical Medicine,1.3206,1.0305,1.0305,0.7,vgae
2022,Journal of Clinical Microbiology,8.6667,8.1358,8.1358,0.7,vgae
2022,Journal of Clinical Oncology,1.8554,0.9526,0.9526,0.7,vgae
2022,Journal of Clinical Virology,7.0278,6.625,6.625,0.7,vgae
2022,Journal of Controlled Release,0.5405,0.1081,0.1081,0.7,vgae
2022,Journal of Cystic Fibrosis,0.7143,0.2381,0.2381,0.7,vgae
2022,Journal of Ethnopharmacology,0.2432,0.027,0.027,0.7,vgae
2022,Journal of Experimental & Clinical Cancer Research,0.2778,0.0278,0.0278,0.7,vgae
2022,Journal of Functional Foods,0.2609,0.0,0.0,0.7,vgae
2022,Journal of Fungi,2.5,2.35,2.35,0.7,vgae
2022,Journal of Gastroenterology and Hepatology,0.85,0.5,0.5,0.7,vgae
2022,Journal of General Internal Medicine,2.2941,1.6765,1.6765,0.7,vgae
2022,Journal of Hazardous Materials,1.0,0.85,0.85,0.7,vgae
2022,Journal of Hematology & Oncology,1.814,1.4651,1.4651,0.7,vgae
2022,Journal of Hepatology,1.5521,0.8405,0.8405,0.7,vgae
2022,Journal of Hospital Infection,2.3667,1.6667,1.6667,0.7,vgae
2022,Journal of Infection,11.0189,10.434,10.434,0.7,vgae
2022,Journal of Investigative Dermatology,0.6,0.35,0.35,0.7,vgae
2022,Journal of Korean Medical Science,7.5714,7.0714,7.0714,0.7,vgae
2022,Journal of Magnetic Resonance Imaging,0.6667,0.1429,0.1429,0.7,vgae
2022,Journal of Medical Internet Research,1.3655,0.7793,0.7793,0.7,vgae
2022,Journal of Medical Virology,9.1279,8.7442,8.7442,0.7,vgae
2022,Journal of Medicinal Chemistry,0.5536,0.3393,0.3393,0.7,vgae
2022,Journal of Molecular Structure,0.913,0.5217,0.5217,0.7,vgae
2022,Journal of Nanobiotechnology,0.2857,0.0714,0.0714,0.7,vgae
2022,Journal of NeuroInterventional Surgery,0.7727,0.3636,0.3636,0.7,vgae
2022,Journal of Neuroinflammation,0.5479,0.0274,0.0274,0.7,vgae
2022,Journal of Neurology,1.1389,0.9167,0.9167,0.7,vgae
2022,Journal of Neurology Neurosurgery & Psychiatry,1.4634,0.9268,0.9268,0.7,vgae
2022,Journal of Neuroscience,0.4857,0.0,0.0,0.7,vgae
2022,Journal of Nuclear Medicine,1.5443,1.0633,1.0633,0.7,vgae
2022,Journal of Pain and Symptom Management,2.25,1.5417,1.5417,0.7,vgae
2022,Journal of Shoulder and Elbow Surgery,0.75,0.0,0.0,0.7,vgae
2022,Journal of Thoracic Oncology,2.3261,1.837,1.837,0.7,vgae
2022,Journal of Thoracic and Cardiovascular Surgery,0.5,0.0833,0.0833,0.7,vgae
2022,Journal of Thrombosis and Haemostasis,18.35,17.7167,17.7167,0.7,vgae
2022,Journal of Translational Medicine,2.9123,2.5088,2.5088,0.7,vgae
2022,Journal of Vascular Surgery,1.04,0.52,0.52,0.7,vgae
2022,Journal of Virology,9.8966,9.6034,9.6034,0.7,vgae
2022,Journal of the American Academy of Dermatology,2.037,1.3333,1.3333,0.7,vgae
2022,Journal of the American Chemical Society,0.5106,0.3404,0.3404,0.7,vgae
2022,Journal of the American College of Cardiology,2.1699,1.3436,1.3436,0.7,vgae
2022,Journal of the American Geriatrics Society,2.0789,1.5,1.5,0.7,vgae
2022,Journal of the American Heart Association,0.9769,0.3231,0.3231,0.7,vgae
2022,Journal of the American Medical Directors Association,2.8571,1.8214,1.8214,0.7,vgae
2022,Journal of the American Medical Informatics Association,4.1111,3.3611,3.3611,0.7,vgae
2022,Journal of the American Society of Echocardiography,0.6957,0.3478,0.3478,0.7,vgae
2022,Journal of the American Society of Nephrology,2.8416,2.3762,2.3762,0.7,vgae
2022,Journal of the European Academy of Dermatology and Venereology,2.7667,2.2667,2.2667,0.7,vgae
2022,Journal of the International AIDS Society,2.2963,0.8519,0.8519,0.7,vgae
2022,Journal of the National Comprehensive Cancer Network,1.6087,0.5652,0.5652,0.7,vgae
2022,Kidney International,5.9773,5.2841,5.2841,0.7,vgae
2022,Kidney International Reports,2.3438,1.9375,1.9375,0.7,vgae
2022,Knee Surgery Sports Traumatology Arthroscopy,0.8235,0.1471,0.1471,0.7,vgae
2022,LWT,0.5345,0.2069,0.2069,0.7,vgae
2022,Lara D. Veeken,0.6,0.3,0.3,0.7,vgae
2022,Leukemia,1.6712,1.0959,1.0959,0.7,vgae
2022,Life Sciences,1.2381,0.9048,0.9048,0.7,vgae
2022,Lipids in Health and Disease,1.1,0.5333,0.5333,0.7,vgae
2022,Liver Cancer,0.8182,0.2727,0.2727,0.7,vgae
2022,Liver International,3.1818,2.5455,2.5455,0.7,vgae
2022,Lung Cancer,0.6,0.2,0.2,0.7,vgae
2022,MMWR Morbidity and Mortality Weekly Report,9.2991,8.3084,8.3084,0.7,vgae
2022,Magnetic Resonance in Medicine,0.9524,0.2857,0.2857,0.7,vgae
2022,Malaria Journal,0.8108,0.0541,0.0541,0.7,vgae
2022,Materials Science and Engineering C,1.093,0.2326,0.2326,0.7,vgae
2022,Mayo Clinic Proceedings,3.8966,3.2069,3.2069,0.7,vgae
2022,Med,5.5217,5.3913,5.3913,0.7,vgae
2022,Medical Hypotheses,3.1724,2.7586,2.7586,0.7,vgae
2022,Medical Image Analysis,1.4051,0.4684,0.4684,0.7,vgae
2022,Medical Physics,2.16,1.84,1.84,0.7,vgae
2022,Medicine,1.0645,0.6129,0.6129,0.7,vgae
2022,Metabolism,2.75,2.1875,2.1875,0.7,vgae
2022,Modern Pathology,3.1667,2.6042,2.6042,0.7,vgae
2022,Molecular Cancer Therapeutics,0.9048,0.1429,0.1429,0.7,vgae
2022,Molecular Cell,4.2955,3.6591,3.6591,0.7,vgae
2022,Molecular Metabolism,0.2727,0.0,0.0,0.7,vgae
2022,Molecular Neurodegeneration,0.6667,0.1852,0.1852,0.7,vgae
2022,Molecular Psychiatry,1.6765,1.2353,1.2353,0.7,vgae
2022,Molecular Therapy,0.8519,0.4074,0.4074,0.7,vgae
2022,Molecules,0.4268,0.1463,0.1463,0.7,vgae
2022,Movement Disorders,1.1481,0.537,0.537,0.7,vgae
2022,Multiple Sclerosis Journal,1.2727,0.8636,0.8636,0.7,vgae
2022,Multiple Sclerosis and Related Disorders,2.0,1.6667,1.6667,0.7,vgae
2022,Nano Letters,1.5,1.2273,1.2273,0.7,vgae
2022,Nature,21.8532,20.762,20.762,0.7,vgae
2022,Nature Biomedical Engineering,0.8868,0.5283,0.5283,0.7,vgae
2022,Nature Biotechnology,7.0,5.7907,5.7907,0.7,vgae
2022,Nature Cancer,2.4194,1.5968,1.5968,0.7,vgae
2022,Nature Cell Biology,2.4595,1.3243,1.3243,0.7,vgae
2022,Nature Chemical Biology,2.0,1.0769,1.0769,0.7,vgae
2022,Nature Communications,2.5954,2.0276,2.0276,0.7,vgae
2022,Nature Genetics,2.6061,1.5758,1.5758,0.7,vgae
2022,Nature Immunology,7.037,6.3889,6.3889,0.7,vgae
2022,Nature Machine Intelligence,4.65,3.95,3.95,0.7,vgae
2022,Nature Medicine,13.4239,12.3498,12.3498,0.7,vgae
2022,Nature Metabolism,1.2321,0.5536,0.5536,0.7,vgae
2022,Nature Microbiology,18.04,17.42,17.42,0.7,vgae
2022,Nature Neuroscience,1.0,0.4667,0.4667,0.7,vgae
2022,Nature Protocols,1.05,0.55,0.55,0.7,vgae
2022,Nature Structural & Molecular Biology,9.4333,9.0,9.0,0.7,vgae
2022,Nephrology Dialysis Transplantation,2.7667,2.5,2.5,0.7,vgae
2022,Neural Computing and Applications,1.0909,0.9545,0.9545,0.7,vgae
2022,Neuro-Oncology,0.6375,0.1125,0.1125,0.7,vgae
2022,NeuroImage,0.9859,0.1549,0.1549,0.7,vgae
2022,NeuroImage Clinical,0.65,0.1,0.1,0.7,vgae
2022,Neurobiology of Disease,1.1,0.65,0.65,0.7,vgae
2022,Neurology,1.9636,1.2273,1.2273,0.7,vgae
2022,Neurology Neuroimmunology & Neuroinflammation,1.6604,1.1321,1.1321,0.7,vgae
2022,Neuron,1.3111,0.2222,0.2222,0.7,vgae
2022,New England Journal of Medicine,26.1419,24.4597,24.4597,0.7,vgae
2022,Nucleic Acids Research,1.0513,0.6154,0.6154,0.7,vgae
2022,Nutrients,0.974,0.6039,0.6039,0.7,vgae
2022,Obesity,7.1667,6.1667,6.1667,0.7,vgae
2022,Obstetrics and Gynecology,1.6,1.0,1.0,0.7,vgae
2022,OncoImmunology,0.3913,0.0,0.0,0.7,vgae
2022,Oncogene,0.2759,0.0345,0.0345,0.7,vgae
2022,Open Forum Infectious Diseases,2.1842,1.7368,1.7368,0.7,vgae
2022,Ophthalmology,0.8506,0.4253,0.4253,0.7,vgae
2022,Oxidative Medicine and Cellular Longevity,0.5909,0.2045,0.2045,0.7,vgae
2022,PEDIATRICS,2.9444,2.6333,2.6333,0.7,vgae
2022,PLoS Biology,3.3488,2.5116,2.5116,0.7,vgae
2022,PLoS Medicine,1.3333,0.8381,0.8381,0.7,vgae
2022,PLoS ONE,1.2248,0.876,0.876,0.7,vgae
2022,PLoS Pathogens,3.2442,2.9302,2.9302,0.7,vgae
2022,PLoS neglected tropical diseases,0.7561,0.3415,0.3415,0.7,vgae
2022,Pain,0.75,0.3125,0.3125,0.7,vgae
2022,Pathogens,1.9048,1.619,1.619,0.7,vgae
2022,Pattern Recognition,2.15,1.9,1.9,0.7,vgae
2022,Pharmaceutics,0.75,0.15,0.15,0.7,vgae
2022,Pharmacological Research,1.2174,0.8696,0.8696,0.7,vgae
2022,Physics of Fluids,7.3158,7.1842,7.1842,0.7,vgae
2022,Phytomedicine,0.5,0.3333,0.3333,0.7,vgae
2022,Plastic & Reconstructive Surgery,0.2,0.0,0.0,0.7,vgae
2022,Preventive Medicine,0.8095,0.2381,0.2381,0.7,vgae
2022,Proceedings of the National Academy of Sciences,3.8175,3.2354,3.2354,0.7,vgae
2022,PubMed,3.5761,3.0782,3.0782,0.7,vgae
2022,Radiology,15.4327,14.5965,14.5965,0.7,vgae
2022,Radiology Cardiothoracic Imaging,14.125,13.875,13.875,0.7,vgae
2022,Radiotherapy and Oncology,0.9762,0.5476,0.5476,0.7,vgae
2022,Redox Biology,0.7875,0.275,0.275,0.7,vgae
2022,Regional Anesthesia & Pain Medicine,0.6087,0.1304,0.1304,0.7,vgae
2022,Reproductive Health,0.3077,0.0385,0.0385,0.7,vgae
2022,Respiratory Medicine,2.0476,1.8095,1.8095,0.7,vgae
2022,Respiratory Research,2.3111,1.9111,1.9111,0.7,vgae
2022,Resuscitation,3.3514,2.1081,2.1081,0.7,vgae
2022,Science,24.811,23.815,23.815,0.7,vgae
2022,Science Advances,1.7455,1.1652,1.1652,0.7,vgae
2022,Science Immunology,10.4493,9.942,9.942,0.7,vgae
2022,Science Translational Medicine,2.5657,1.8586,1.8586,0.7,vgae
2022,Scientific Data,2.1154,0.9231,0.9231,0.7,vgae
2022,Scientific Reports,1.168,0.805,0.805,0.7,vgae
2022,Sensors,1.1351,0.6486,0.6486,0.7,vgae
2022,Signal Transduction and Targeted Therapy,1.566,1.2642,1.2642,0.7,vgae
2022,Stem Cell Reports,0.6,0.25,0.25,0.7,vgae
2022,Stem Cell Research & Therapy,0.5733,0.16,0.16,0.7,vgae
2022,Stroke,1.5493,1.1479,1.1479,0.7,vgae
2022,Surgery,0.5,0.3,0.3,0.7,vgae
2022,Surgical Endoscopy,0.4074,0.0741,0.0741,0.7,vgae
2022,Sustainable Cities and Society,3.95,3.65,3.65,0.7,vgae
2022,Telemedicine Journal and e-Health,2.3548,1.7742,1.7742,0.7,vgae
2022,The American Journal of Emergency Medicine,2.1613,1.7742,1.7742,0.7,vgae
2022,The American Journal of Gastroenterology,2.3818,1.6,1.6,0.7,vgae
2022,The American Journal of Human Genetics,0.8696,0.2609,0.2609,0.7,vgae
2022,The American Journal of Sports Medicine,0.4237,0.0,0.0,0.7,vgae
2022,The American Journal of Surgical Pathology,1.0435,0.1739,0.1739,0.7,vgae
2022,The Annals of Thoracic Surgery,0.6667,0.2917,0.2917,0.7,vgae
2022,The Bone & Joint Journal,0.4848,0.2424,0.2424,0.7,vgae
2022,The EMBO Journal,5.4222,4.5333,4.5333,0.7,vgae
2022,The FASEB Journal,1.0312,0.4688,0.4688,0.7,vgae
2022,The Journal of Allergy and Clinical Immunology In Practice,1.5672,0.8507,0.8507,0.7,vgae
2022,The Journal of Arthroplasty,0.6087,0.1304,0.1304,0.7,vgae
2022,The Journal of Clinical Endocrinology & Metabolism,1.6593,1.044,1.044,0.7,vgae
2022,The Journal of Experimental Medicine,4.3944,3.9718,3.9718,0.7,vgae
2022,The Journal of Headache and Pain,1.8788,1.2727,1.2727,0.7,vgae
2022,The Journal of Heart and Lung Transplantation,1.2273,0.7727,0.7727,0.7,vgae
2022,The Journal of Infectious Diseases,4.7193,4.3596,4.3596,0.7,vgae
2022,The Journal of Pediatrics,2.9444,2.6944,2.6944,0.7,vgae
2022,The Journal of Urology,0.4722,0.2778,0.2778,0.7,vgae
2022,The Journals of Gerontology Series A,2.4412,1.7353,1.7353,0.7,vgae
2022,The Lancet,31.3636,30.0649,30.0649,0.7,vgae
2022,The Lancet Child & Adolescent Health,4.4,3.8,3.8,0.7,vgae
2022,The Lancet Diabetes & Endocrinology,1.8361,1.2295,1.2295,0.7,vgae
2022,The Lancet Digital Health,1.6774,0.7097,0.7097,0.7,vgae
2022,The Lancet Global Health,2.7733,2.0533,2.0533,0.7,vgae
2022,The Lancet HIV,2.075,1.475,1.475,0.7,vgae
2022,The Lancet Haematology,4.9592,4.3265,4.3265,0.7,vgae
2022,The Lancet Infectious Diseases,10.4571,9.7714,9.7714,0.7,vgae
2022,The Lancet Microbe,8.3235,7.7941,7.7941,0.7,vgae
2022,The Lancet Neurology,4.1719,3.2969,3.2969,0.7,vgae
2022,The Lancet Oncology,3.8134,2.7751,2.7751,0.7,vgae
2022,The Lancet Psychiatry,5.5714,5.0,5.0,0.7,vgae
2022,The Lancet Public Health,3.9302,3.186,3.186,0.7,vgae
2022,The Lancet Regional Health - Europe,1.2826,1.1304,1.1304,0.7,vgae
2022,The Lancet Respiratory Medicine,12.755,11.9801,11.9801,0.7,vgae
2022,The Lancet Rheumatology,4.9825,4.3509,4.3509,0.7,vgae
2022,The Ocular Surface,1.25,0.7,0.7,0.7,vgae
2022,The Oncologist,0.5517,0.2414,0.2414,0.7,vgae
2022,The Science of The Total Environment,7.7557,7.4885,7.4885,0.7,vgae
2022,The Spine Journal,0.2857,0.0,0.0,0.7,vgae
2022,The journal of nutrition health & aging,2.5,1.95,1.95,0.7,vgae
2022,Theranostics,0.9048,0.3492,0.3492,0.7,vgae
2022,Thorax,3.2667,2.6222,2.6222,0.7,vgae
2022,Thyroid,1.2059,0.1765,0.1765,0.7,vgae
2022,Translational Psychiatry,0.6897,0.5172,0.5172,0.7,vgae
2022,Translational Vision Science & Technology,1.2,0.5,0.5,0.7,vgae
2022,Transplantation,1.5926,1.1481,1.1481,0.7,vgae
2022,Trends in Food Science & Technology,0.5192,0.0769,0.0769,0.7,vgae
2022,UNC Libraries,0.6522,0.0435,0.0435,0.7,vgae
2022,Ultrasound in Obstetrics and Gynecology,1.9062,1.4062,1.4062,0.7,vgae
2022,Unknown,2.0678,1.6017,1.6017,0.7,vgae
2022,Vaccine,2.2075,1.8679,1.8679,0.7,vgae
2022,Vaccines,1.7632,1.6053,1.6053,0.7,vgae
2022,Viruses,6.3378,5.9459,5.9459,0.7,vgae
2022,Water Research,9.963,9.8148,9.8148,0.7,vgae
2022,World Neurosurgery,0.6667,0.2917,0.2917,0.7,vgae
2022,eLife,2.55,1.75,1.75,0.7,vgae
2022,iScience,2.24,2.06,2.06,0.7,vgae
2022,mBio,4.7612,4.0299,4.0299,0.7,vgae
2022,mSphere,2.2174,1.5652,1.5652,0.7,vgae
2022,mSystems,5.85,5.3,5.3,0.7,vgae
2022,npj Digital Medicine,1.4386,0.7018,0.7018,0.7,vgae
2022,The Lancet. Gastroenterology & hepatology,8.1607,7.1607,7.1607,0.7,vgae
