year,journal,baseline_if,filtered_rif,weighted_rif,stability_threshold
2010,AIDS,1.3571,0.7041,0.769,0.7
2010,AIDS and Behavior,0.6429,0.0,0.0,0.7
2010,Academic Emergency Medicine,0.5676,0.027,0.0666,0.7
2010,Academic Medicine,0.4815,0.0,0.0013,0.7
2010,Acta Biomaterialia,0.15,0.0,0.0,0.7
2010,Acta Neuropathologica,2.1707,1.9756,1.9619,0.7
2010,Acta Orthopaedica,0.4839,0.0323,0.049,0.7
2010,Addiction,0.7838,0.2838,0.2873,0.7
2010,Addictive Behaviors,0.1818,0.0,0.0,0.7
2010,Alcoholism Clinical and Experimental Research,0.8333,0.4444,0.4493,0.7
2010,Alimentary Pharmacology & Therapeutics,0.5778,0.1333,0.1493,0.7
2010,Allergy,0.775,0.2375,0.2541,0.7
2010,Alzheimer s & Dementia,1.0,0.3913,0.4256,0.7
2010,American Heart Journal,0.8681,0.3846,0.3868,0.7
2010,American Journal Of Pathology,1.0417,0.4271,0.4787,0.7
2010,American Journal of Clinical Nutrition,1.0625,0.4152,0.4825,0.7
2010,American Journal of Epidemiology,1.1684,0.5368,0.5992,0.7
2010,American Journal of Geriatric Psychiatry,0.56,0.08,0.0582,0.7
2010,American Journal of Hypertension,0.7419,0.129,0.17,0.7
2010,American Journal of Kidney Diseases,1.3,0.725,0.7412,0.7
2010,American Journal of Neuroradiology,0.5816,0.2551,0.2707,0.7
2010,American Journal of Obstetrics and Gynecology,0.8243,0.3446,0.3594,0.7
2010,American Journal of Ophthalmology,0.7619,0.2095,0.2405,0.7
2010,American Journal of Physiology-Endocrinology and Metabolism,0.8148,0.2407,0.2331,0.7
2010,American Journal of Physiology-Gastrointestinal and Liver Physiology,0.7931,0.3793,0.4047,0.7
2010,American Journal of Physiology-Heart and Circulatory Physiology,0.5949,0.2152,0.2395,0.7
2010,American Journal of Physiology-Lung Cellular and Molecular Physiology,0.5652,0.1304,0.1779,0.7
2010,"American Journal of Physiology-Regulatory, Integrative and Comparative Physiology",0.475,0.05,0.107,0.7
2010,American Journal of Physiology-Renal Physiology,0.3846,0.0,0.0128,0.7
2010,American Journal of Preventive Medicine,0.9057,0.3774,0.4118,0.7
2010,American Journal of Psychiatry,1.4242,0.6667,0.7286,0.7
2010,American Journal of Public Health,0.625,0.0714,0.1207,0.7
2010,American Journal of Respiratory Cell and Molecular Biology,0.2174,0.0,0.0,0.7
2010,American Journal of Respiratory and Critical Care Medicine,1.16,0.5867,0.6086,0.7
2010,American Journal of Roentgenology,0.625,0.3,0.3134,0.7
2010,American Journal of Transplantation,0.9776,0.4701,0.4771,0.7
2010,American Journal of Tropical Medicine and Hygiene,0.8889,0.4722,0.4551,0.7
2010,Anaesthesia,0.7308,0.1538,0.1708,0.7
2010,Anesthesia & Analgesia,0.6887,0.1792,0.1878,0.7
2010,Anesthesiology,0.8529,0.2059,0.2379,0.7
2010,Angewandte Chemie International Edition,0.7308,0.2692,0.3053,0.7
2010,Annals of Biomedical Engineering,0.1071,0.0,0.0,0.7
2010,Annals of Emergency Medicine,0.7,0.3,0.3129,0.7
2010,Annals of Internal Medicine,1.8103,1.1121,1.1651,0.7
2010,Annals of Neurology,1.9624,1.3534,1.3884,0.7
2010,Annals of Oncology,0.7846,0.3385,0.3604,0.7
2010,Annals of Surgery,0.8125,0.2981,0.3215,0.7
2010,Annals of Surgical Oncology,0.6579,0.2105,0.2129,0.7
2010,Annals of the Rheumatic Diseases,1.04,0.4743,0.5102,0.7
2010,Antimicrobial Agents and Chemotherapy,1.1367,0.554,0.581,0.7
2010,Appetite,0.36,0.0,0.0,0.7
2010,Applied and Environmental Microbiology,0.4722,0.0278,0.047,0.7
2010,Archives of Dermatology,0.4138,0.0345,0.0597,0.7
2010,Archives of Disease in Childhood,0.3214,0.0357,0.0357,0.7
2010,Archives of General Psychiatry,1.7531,0.8025,0.8084,0.7
2010,Archives of Internal Medicine,1.9045,1.1256,1.1564,0.7
2010,Archives of Neurology,2.0098,1.3235,1.3752,0.7
2010,Archives of Ophthalmology,0.7302,0.3651,0.3531,0.7
2010,Archives of Pediatrics and Adolescent Medicine,0.775,0.325,0.3482,0.7
2010,Archives of Physical Medicine and Rehabilitation,0.6119,0.1045,0.1195,0.7
2010,Archives of Surgery,0.5,0.0862,0.109,0.7
2010,Arteriosclerosis Thrombosis and Vascular Biology,0.7465,0.3662,0.3653,0.7
2010,Arthritis & Rheumatism,1.0124,0.4132,0.4192,0.7
2010,Arthritis Care & Research,0.7982,0.2018,0.2225,0.7
2010,Arthritis Research & Therapy,0.4237,0.1017,0.1188,0.7
2010,Arthroscopy The Journal of Arthroscopic and Related Surgery,0.5455,0.0909,0.1029,0.7
2010,Atherosclerosis,0.4328,0.1045,0.1339,0.7
2010,Autophagy,2.3594,1.75,1.8046,0.7
2010,BJOG An International Journal of Obstetrics & Gynaecology,0.7826,0.1594,0.1835,0.7
2010,BMC Cancer,0.6,0.2889,0.3067,0.7
2010,BMC Genomics,0.4138,0.0345,0.0311,0.7
2010,BMC Health Services Research,0.5,0.0455,0.0455,0.7
2010,BMC Infectious Diseases,0.6364,0.2727,0.301,0.7
2010,BMC Musculoskeletal Disorders,0.3571,0.0476,0.043,0.7
2010,BMC Pregnancy and Childbirth,0.5,0.0,0.0,0.7
2010,BMC Public Health,0.5542,0.1446,0.1304,0.7
2010,BMJ,1.1534,0.4497,0.4849,0.7
2010,Biochemical Pharmacology,0.2381,0.0952,0.0952,0.7
2010,Biochemical and Biophysical Research Communications,1.0779,0.5974,0.6119,0.7
2010,Biochemistry,0.881,0.7143,0.7089,0.7
2010,Biological Psychiatry,0.9467,0.4133,0.435,0.7
2010,Biology of Blood and Marrow Transplantation,0.8649,0.2432,0.265,0.7
2010,Biology of Reproduction,0.7179,0.1282,0.126,0.7
2010,Biomaterials,0.4732,0.0982,0.1013,0.7
2010,Biophysical Journal,0.8696,0.2609,0.2594,0.7
2010,Bipolar Disorders,1.0938,0.4375,0.5047,0.7
2010,Blood,1.2721,0.7527,0.7663,0.7
2010,Bone,0.5634,0.1408,0.1699,0.7
2010,Bone Marrow Transplantation,0.25,0.0417,0.0583,0.7
2010,Brain,1.4242,0.8848,0.9082,0.7
2010,Brain Behavior and Immunity,0.5,0.0,0.0488,0.7
2010,Brain Injury,0.5,0.25,0.2308,0.7
2010,Brain Pathology,1.6,0.8,0.811,0.7
2010,Brain Research,0.7925,0.3585,0.3544,0.7
2010,Breast Cancer Research,1.5,1.2083,1.2147,0.7
2010,Breast Cancer Research and Treatment,0.5106,0.1915,0.1887,0.7
2010,British Journal Of Nutrition,0.3333,0.0877,0.0965,0.7
2010,British Journal of Anaesthesia,0.6712,0.2466,0.2805,0.7
2010,British Journal of Cancer,0.8333,0.4667,0.4931,0.7
2010,British Journal of Clinical Pharmacology,0.4333,0.1,0.089,0.7
2010,British Journal of Dermatology,0.25,0.0294,0.0274,0.7
2010,British Journal of Haematology,0.8679,0.2075,0.2865,0.7
2010,British Journal of Ophthalmology,0.4615,0.0385,0.0928,0.7
2010,British Journal of Pharmacology,0.9231,0.3077,0.342,0.7
2010,British Journal of Sports Medicine,0.6364,0.3636,0.363,0.7
2010,British Journal of Urology,1.0,0.4125,0.4585,0.7
2010,British journal of surgery,0.5088,0.0877,0.0902,0.7
2010,Bulletin of the World Health Organization,1.1842,0.4474,0.4872,0.7
2010,CHEST Journal,1.0562,0.6404,0.6501,0.7
2010,Canadian Medical Association Journal,0.9714,0.4571,0.4819,0.7
2010,Cancer,0.8429,0.295,0.3138,0.7
2010,Cancer Causes & Control,0.6364,0.3182,0.2965,0.7
2010,Cancer Cell,1.9697,1.2121,1.3095,0.7
2010,Cancer Epidemiology Biomarkers & Prevention,0.8861,0.3924,0.4261,0.7
2010,Cancer Letters,0.3939,0.0909,0.1132,0.7
2010,Cancer Research,1.4211,0.8142,0.8438,0.7
2010,Cancer Science,0.96,0.52,0.5425,0.7
2010,Carcinogenesis,0.4516,0.1935,0.2019,0.7
2010,Cardiovascular Research,0.4,0.1,0.1147,0.7
2010,Catheterization and Cardiovascular Interventions,0.2,0.0,0.0,0.7
2010,Cell,4.0972,3.25,3.3323,0.7
2010,Cell Death and Differentiation,0.7826,0.5217,0.5018,0.7
2010,Cell Host & Microbe,1.0882,0.3824,0.4545,0.7
2010,Cell Metabolism,2.8448,2.1552,2.217,0.7
2010,Cell stem cell,1.9796,1.4286,1.4818,0.7
2010,Cellular Microbiology,0.381,0.0,0.0371,0.7
2010,Cephalalgia,0.6429,0.1429,0.1776,0.7
2010,Cerebrovascular Diseases,1.0476,0.5714,0.5876,0.7
2010,Choice Reviews Online,2.8537,1.2195,1.3334,0.7
2010,Circulation,1.5625,0.8958,0.9624,0.7
2010,Circulation Arrhythmia and Electrophysiology,1.4222,0.9111,0.9006,0.7
2010,Circulation Cardiovascular Imaging,0.2069,0.1034,0.1034,0.7
2010,Circulation Cardiovascular Quality and Outcomes,0.3182,0.0455,0.0987,0.7
2010,Circulation Heart Failure,0.3171,0.0244,0.0454,0.7
2010,Circulation Research,0.8384,0.1919,0.2317,0.7
2010,Clinical & Experimental Allergy,0.7826,0.5217,0.4902,0.7
2010,Clinical Biomechanics,0.4167,0.0,0.0461,0.7
2010,Clinical Cancer Research,1.0236,0.6385,0.6718,0.7
2010,Clinical Chemistry,0.7679,0.4286,0.4115,0.7
2010,Clinical Endocrinology,0.7174,0.3043,0.3226,0.7
2010,Clinical Gastroenterology and Hepatology,0.7905,0.3048,0.3025,0.7
2010,Clinical Infectious Diseases,1.2713,0.6275,0.6564,0.7
2010,Clinical Journal of Pain,0.6522,0.3478,0.3478,0.7
2010,Clinical Journal of Sport Medicine,0.8571,0.2857,0.3031,0.7
2010,Clinical Journal of the American Society of Nephrology,0.61,0.23,0.2445,0.7
2010,Clinical Microbiology and Infection,0.6333,0.3333,0.3562,0.7
2010,Clinical Nutrition,0.6429,0.0,0.001,0.7
2010,Clinical Orthopaedics and Related Research,0.4444,0.0556,0.0545,0.7
2010,Clinical Pharmacology & Therapeutics,1.2424,0.9394,0.9306,0.7
2010,Colorectal Disease,1.0,0.5,0.5458,0.7
2010,Cornea,0.7241,0.3103,0.3482,0.7
2010,Critical Care,0.5778,0.2889,0.303,0.7
2010,Critical Care Medicine,0.9076,0.3315,0.3605,0.7
2010,Current Medical Research and Opinion,0.8333,0.2778,0.3634,0.7
2010,Development,0.6,0.2,0.2082,0.7
2010,Developmental Biology,1.1429,0.4286,0.5183,0.7
2010,Developmental Cell,1.25,1.0,0.9972,0.7
2010,Developmental Medicine & Child Neurology,0.4865,0.0541,0.0838,0.7
2010,Diabetes,1.0355,0.5444,0.5672,0.7
2010,Diabetes Care,1.3612,0.7525,0.7606,0.7
2010,Diabetes Obesity and Metabolism,1.1935,0.8065,0.8832,0.7
2010,Diabetic Medicine,0.88,0.3,0.3453,0.7
2010,Diabetologia,0.7766,0.2447,0.2941,0.7
2010,Digestive Diseases and Sciences,0.3,0.05,0.05,0.7
2010,Disability and Rehabilitation,0.2917,0.0,0.0,0.7
2010,Diseases of the Colon & Rectum,0.5932,0.0169,0.0381,0.7
2010,Drug Metabolism and Disposition,0.8444,0.4889,0.5153,0.7
2010,Drug and Alcohol Dependence,0.4545,0.0364,0.0258,0.7
2010,EP Europace,0.5312,0.1562,0.1628,0.7
2010,Emerging infectious diseases,1.5854,1.0488,1.0977,0.7
2010,Endocrinology,1.8,1.35,1.3827,0.7
2010,Endoscopy,0.75,0.4091,0.3886,0.7
2010,Epilepsia,0.6912,0.2794,0.3006,0.7
2010,European Heart Journal,1.0396,0.5446,0.5801,0.7
2010,European Journal of Applied Physiology,0.119,0.0,0.0,0.7
2010,European Journal of Cancer,1.3433,0.9403,0.9769,0.7
2010,European Journal of Cardio-Thoracic Surgery,0.6571,0.3714,0.3655,0.7
2010,European Journal of Endocrinology,0.6949,0.4068,0.4027,0.7
2010,European Journal of Heart Failure,0.6889,0.1111,0.1281,0.7
2010,European Journal of Neurology,0.3333,0.0333,0.0241,0.7
2010,European Journal of Nuclear Medicine and Molecular Imaging,0.6875,0.2812,0.3077,0.7
2010,European Journal of Pain,0.9429,0.2286,0.265,0.7
2010,European Journal of Pharmacology,0.4839,0.0323,0.0972,0.7
2010,European Journal of Radiology,0.3077,0.1538,0.1674,0.7
2010,European Journal of Vascular and Endovascular Surgery,0.3333,0.0417,0.0362,0.7
2010,European Radiology,0.9365,0.381,0.3999,0.7
2010,European Respiratory Journal,0.6224,0.1538,0.1718,0.7
2010,European Spine Journal,0.3036,0.0179,0.0375,0.7
2010,European Urology,0.8582,0.3731,0.4157,0.7
2010,Eurosurveillance,2.8095,2.1429,2.1761,0.7
2010,Experimental Neurology,0.8421,0.3947,0.388,0.7
2010,Eye,0.6,0.1,0.1477,0.7
2010,Fertility and Sterility,0.6412,0.1588,0.178,0.7
2010,Food Chemistry,0.385,0.0428,0.0552,0.7
2010,Food and Chemical Toxicology,0.3721,0.0465,0.037,0.7
2010,Foot & Ankle International,0.4091,0.0,0.0,0.7
2010,Free Radical Biology and Medicine,0.3333,0.0667,0.0726,0.7
2010,Gait & Posture,0.2692,0.0,0.0299,0.7
2010,Gastroenterology,1.1013,0.5021,0.5425,0.7
2010,Gastrointestinal Endoscopy,0.5982,0.2232,0.2335,0.7
2010,Graefe s Archive for Clinical and Experimental Ophthalmology,0.5,0.1,0.0811,0.7
2010,Gut,1.1165,0.4757,0.4965,0.7
2010,Gynecologic Oncology,0.8444,0.3333,0.3498,0.7
2010,Haematologica,0.7397,0.2466,0.2523,0.7
2010,Head & Neck,0.1515,0.0303,0.0303,0.7
2010,Headache The Journal of Head and Face Pain,1.4286,0.4762,0.4969,0.7
2010,Health Psychology,0.8182,0.1818,0.1985,0.7
2010,Health and Quality of Life Outcomes,0.5484,0.0645,0.0476,0.7
2010,Heart,0.9615,0.4808,0.5097,0.7
2010,Heart Rhythm,0.6441,0.3051,0.335,0.7
2010,Hepatology,0.9505,0.4276,0.4524,0.7
2010,Histopathology,0.4545,0.0455,0.0455,0.7
2010,Human Brain Mapping,0.8421,0.5263,0.5278,0.7
2010,Human Molecular Genetics,1.0946,0.7973,0.7847,0.7
2010,Human Mutation,1.069,0.8621,0.8651,0.7
2010,Human Pathology,0.75,0.4062,0.4474,0.7
2010,Human Reproduction,1.0867,0.4733,0.5157,0.7
2010,Hypertension,1.0839,0.4196,0.4465,0.7
2010,IEEE Transactions on Biomedical Engineering,0.5938,0.0312,0.0719,0.7
2010,IEEE Transactions on Medical Imaging,0.8298,0.3191,0.3574,0.7
2010,Infection Control and Hospital Epidemiology,1.2286,0.7429,0.8115,0.7
2010,Infection and Immunity,1.0,0.3333,0.3661,0.7
2010,Inflammatory Bowel Diseases,0.15,0.0,0.0,0.7
2010,Injury,1.0312,0.4062,0.4431,0.7
2010,Intensive Care Medicine,0.625,0.2159,0.2294,0.7
2010,International Journal of Behavioral Nutrition and Physical Activity,1.0,0.3889,0.3897,0.7
2010,International Journal of Cancer,0.7638,0.4016,0.4146,0.7
2010,International Journal of Cardiology,0.7419,0.2258,0.2258,0.7
2010,International Journal of Epidemiology,0.6667,0.1667,0.1603,0.7
2010,International Journal of Geriatric Psychiatry,0.1667,0.0,0.0,0.7
2010,International Journal of Gynecology & Obstetrics,0.1739,0.0435,0.0435,0.7
2010,International Journal of Obesity,1.0563,0.4366,0.4533,0.7
2010,International Journal of Radiation Oncology*Biology*Physics,0.7174,0.2011,0.2177,0.7
2010,International Journal of Sports Medicine,0.6,0.2,0.1871,0.7
2010,International Orthopaedics,0.2333,0.0,0.0,0.7
2010,Investigative Ophthalmology & Visual Science,0.5563,0.0662,0.0757,0.7
2010,JACC. Cardiovascular imaging,0.9,0.3333,0.3579,0.7
2010,JACC: Cardiovascular Interventions,0.6512,0.3023,0.3246,0.7
2010,JAIDS Journal of Acquired Immune Deficiency Syndromes,0.9259,0.2593,0.3372,0.7
2010,JAMA,2.2985,1.3881,1.4333,0.7
2010,JNCI Journal of the National Cancer Institute,2.0417,1.3958,1.4298,0.7
2010,Journal of Adolescent Health,0.6061,0.1212,0.1572,0.7
2010,Journal of Affective Disorders,0.6545,0.1818,0.1913,0.7
2010,Journal of Agricultural and Food Chemistry,0.7466,0.0685,0.1044,0.7
2010,Journal of Allergy and Clinical Immunology,0.7911,0.2911,0.3001,0.7
2010,Journal of Alzheimer s Disease,0.3077,0.0,0.0433,0.7
2010,Journal of Antimicrobial Chemotherapy,0.625,0.1,0.0996,0.7
2010,Journal of Applied Physiology,0.6742,0.1573,0.1663,0.7
2010,Journal of Athletic Training,0.7407,0.3704,0.3709,0.7
2010,Journal of Bacteriology,0.64,0.22,0.2371,0.7
2010,Journal of Biological Chemistry,1.0836,0.6167,0.638,0.7
2010,Journal of Biomechanical Engineering,0.619,0.1429,0.1599,0.7
2010,Journal of Biomechanics,0.338,0.0563,0.0614,0.7
2010,Journal of Biomedical Optics,0.68,0.16,0.157,0.7
2010,Journal of Bone and Joint Surgery,0.6385,0.1174,0.1144,0.7
2010,Journal of Bone and Joint Surgery - British Volume,1.1196,0.75,0.7652,0.7
2010,Journal of Bone and Mineral Research,0.9636,0.4636,0.4601,0.7
2010,Journal of Cardiac Failure,0.6667,0.0417,0.1342,0.7
2010,Journal of Cardiovascular Electrophysiology,0.9722,0.4722,0.4864,0.7
2010,Journal of Cataract & Refractive Surgery,1.0167,0.4833,0.5491,0.7
2010,Journal of Cell Science,0.9487,0.4103,0.4486,0.7
2010,Journal of Cellular and Molecular Medicine,0.8056,0.3056,0.3052,0.7
2010,Journal of Cerebral Blood Flow & Metabolism,0.4444,0.0741,0.1369,0.7
2010,Journal of Child Psychology and Psychiatry,0.2917,0.0417,0.0655,0.7
2010,Journal of Clinical Epidemiology,0.4348,0.0,0.0,0.7
2010,Journal of Clinical Investigation,1.573,0.8596,0.9005,0.7
2010,Journal of Clinical Microbiology,1.0388,0.5426,0.5852,0.7
2010,Journal of Clinical Oncology,1.7944,1.158,1.2059,0.7
2010,Journal of Clinical Virology,0.8519,0.4074,0.4253,0.7
2010,Journal of Endourology,1.5455,1.3182,1.2789,0.7
2010,Journal of Ethnopharmacology,0.122,0.0,0.0,0.7
2010,Journal of Food Composition and Analysis,0.619,0.0952,0.0888,0.7
2010,Journal of Gastroenterology,0.4762,0.0952,0.1043,0.7
2010,Journal of Gastroenterology and Hepatology,0.4483,0.2759,0.2609,0.7
2010,Journal of Gastrointestinal Surgery,0.6471,0.451,0.4463,0.7
2010,Journal of General Internal Medicine,0.6,0.1,0.1113,0.7
2010,Journal of General Virology,0.9,0.4,0.4311,0.7
2010,Journal of Hepatology,1.0909,0.5909,0.6412,0.7
2010,Journal of Hypertension,1.098,0.4118,0.4865,0.7
2010,Journal of Investigative Dermatology,0.566,0.1321,0.1719,0.7
2010,Journal of Lipid Research,1.0652,0.4783,0.5219,0.7
2010,Journal of Magnetic Resonance Imaging,1.4906,0.8679,0.8602,0.7
2010,Journal of Medical Virology,0.7273,0.2727,0.2572,0.7
2010,Journal of Medicinal Chemistry,0.9341,0.4615,0.4701,0.7
2010,Journal of Molecular Biology,0.7872,0.3404,0.3349,0.7
2010,Journal of Molecular and Cellular Cardiology,0.4167,0.0833,0.0931,0.7
2010,Journal of Natural Products,0.92,0.4,0.5052,0.7
2010,Journal of Neuro-Oncology,0.6286,0.2857,0.3223,0.7
2010,Journal of Neurochemistry,0.8788,0.4242,0.4603,0.7
2010,Journal of Neurology,0.6042,0.2708,0.2918,0.7
2010,Journal of Neurology Neurosurgery & Psychiatry,0.939,0.5,0.512,0.7
2010,Journal of Neuropathology & Experimental Neurology,1.8889,1.2963,1.3857,0.7
2010,Journal of Neuroscience,1.2991,0.683,0.7253,0.7
2010,Journal of Neurosurgery Spine,0.2,0.0,0.0,0.7
2010,Journal of Neurotrauma,0.6531,0.2245,0.2404,0.7
2010,Journal of Nuclear Medicine,0.955,0.4144,0.4583,0.7
2010,Journal of Nutrition,0.9596,0.2525,0.2826,0.7
2010,Journal of Oral and Maxillofacial Surgery,1.1143,0.7714,0.8201,0.7
2010,Journal of Orthopaedic Research®,0.617,0.0638,0.0759,0.7
2010,Journal of Orthopaedic Trauma,0.6111,0.2222,0.2176,0.7
2010,Journal of Orthopaedic and Sports Physical Therapy,0.4828,0.0,0.0,0.7
2010,Journal of Pain,1.1765,0.4706,0.4302,0.7
2010,Journal of Pain and Symptom Management,0.42,0.02,0.0294,0.7
2010,Journal of Pediatric Gastroenterology and Nutrition,0.4167,0.0417,0.0321,0.7
2010,Journal of Pediatric Psychology,0.2222,0.0,0.0,0.7
2010,Journal of Pediatric Surgery,0.2683,0.0,0.0118,0.7
2010,Journal of Pharmacology and Experimental Therapeutics,0.8571,0.1667,0.238,0.7
2010,Journal of Proteome Research,0.5217,0.2609,0.2525,0.7
2010,Journal of Psychosomatic Research,0.5,0.0,0.0114,0.7
2010,Journal of Rehabilitation Medicine,0.2083,0.0,0.0,0.7
2010,Journal of Shoulder and Elbow Surgery,0.2542,0.0,0.0,0.7
2010,Journal of Sports Sciences,0.5429,0.0571,0.0524,0.7
2010,Journal of Surgical Oncology,0.2273,0.0455,0.0455,0.7
2010,Journal of Thoracic Oncology,1.075,0.575,0.5989,0.7
2010,Journal of Thoracic and Cardiovascular Surgery,0.5772,0.1545,0.1723,0.7
2010,Journal of Thrombosis and Haemostasis,0.7125,0.1375,0.1709,0.7
2010,Journal of Vascular Surgery,0.7008,0.1102,0.1316,0.7
2010,Journal of Vascular and Interventional Radiology,0.5,0.0714,0.1333,0.7
2010,Journal of Virology,0.7874,0.3819,0.3966,0.7
2010,Journal of Women s Health,0.6,0.25,0.3085,0.7
2010,Journal of neurosurgery,0.7018,0.1579,0.2001,0.7
2010,Journal of science and medicine in sport,0.7241,0.2759,0.2879,0.7
2010,Journal of the American Academy of Child & Adolescent Psychiatry,0.6429,0.0714,0.1047,0.7
2010,Journal of the American Academy of Dermatology,0.7073,0.3171,0.3182,0.7
2010,Journal of the American Chemical Society,0.6,0.25,0.2559,0.7
2010,Journal of the American College of Cardiology,1.6019,0.8981,0.9348,0.7
2010,Journal of the American College of Surgeons,0.5775,0.1268,0.1744,0.7
2010,Journal of the American Dietetic Association,1.0588,0.549,0.5677,0.7
2010,Journal of the American Geriatrics Society,0.6392,0.1237,0.1385,0.7
2010,Journal of the American Society of Echocardiography,1.0541,0.2162,0.2652,0.7
2010,Journal of the American Society of Nephrology,1.0567,0.5319,0.5642,0.7
2010,Journal of the International Neuropsychological Society,0.7419,0.1613,0.2084,0.7
2010,Journal of the National Comprehensive Cancer Network,1.65,1.35,1.3485,0.7
2010,Journal of the Neurological Sciences,0.4444,0.1481,0.2028,0.7
2010,Kidney International,0.9174,0.4132,0.4458,0.7
2010,Knee Surgery Sports Traumatology Arthroscopy,0.5938,0.0938,0.1226,0.7
2010,Lara D. Veeken,0.5921,0.0921,0.1351,0.7
2010,Lasers in Surgery and Medicine,0.45,0.05,0.05,0.7
2010,Leukemia,1.5672,1.1045,1.0627,0.7
2010,Liver International,0.4348,0.2609,0.2609,0.7
2010,Liver Transplantation,0.8913,0.4783,0.5306,0.7
2010,Lung Cancer,1.0741,0.4444,0.4692,0.7
2010,Magnetic Resonance in Medicine,0.8544,0.2621,0.2911,0.7
2010,Malaria Journal,1.0,0.4478,0.4861,0.7
2010,Maternal and Child Health Journal,0.4783,0.087,0.0658,0.7
2010,Mayo Clinic Proceedings,0.8056,0.2778,0.3575,0.7
2010,Medical Education,0.3462,0.0,0.0,0.7
2010,Medical Physics,0.5625,0.0938,0.1286,0.7
2010,Medicine,0.3793,0.0,0.0,0.7
2010,Medicine & Science in Sports & Exercise,1.3163,0.4694,0.5045,0.7
2010,Menopause The Journal of The North American Menopause Society,0.5758,0.0303,0.0525,0.7
2010,Metabolism,0.8919,0.5405,0.5303,0.7
2010,Methods in molecular biology,0.3,0.0,0.0809,0.7
2010,Modern Pathology,0.6531,0.3265,0.32,0.7
2010,Molecular Biology of the Cell,2.8947,2.3684,2.3438,0.7
2010,Molecular Cancer Research,1.0,0.28,0.3413,0.7
2010,Molecular Cancer Therapeutics,0.725,0.175,0.2563,0.7
2010,Molecular Cell,1.175,0.825,0.7993,0.7
2010,Molecular Microbiology,0.931,0.1379,0.1571,0.7
2010,Molecular Nutrition & Food Research,0.6364,0.2727,0.2971,0.7
2010,Molecular Pain,0.45,0.15,0.1612,0.7
2010,Molecular Psychiatry,1.24,0.36,0.4037,0.7
2010,Molecular Therapy,0.6923,0.1923,0.2538,0.7
2010,Molecular and Cellular Biology,1.0408,0.5918,0.6527,0.7
2010,Movement Disorders,0.8228,0.3418,0.3382,0.7
2010,Multiple Sclerosis Journal,0.8222,0.1111,0.2246,0.7
2010,Muscle & Nerve,0.65,0.3,0.2874,0.7
2010,Nature,4.298,3.5497,3.548,0.7
2010,Nature Biotechnology,2.08,1.6,1.5758,0.7
2010,Nature Cell Biology,1.4474,0.8684,0.9015,0.7
2010,Nature Chemical Biology,2.25,1.9,1.8816,0.7
2010,Nature Genetics,2.6126,2.1712,2.2149,0.7
2010,Nature Medicine,2.3679,1.5472,1.5961,0.7
2010,Nature Neuroscience,2.4091,1.7273,1.8022,0.7
2010,Nature Protocols,0.3871,0.0,0.0173,0.7
2010,Nephrology Dialysis Transplantation,0.6636,0.3551,0.379,0.7
2010,Neuro-Oncology,1.0333,0.6667,0.7122,0.7
2010,NeuroImage,1.4891,0.9348,0.9784,0.7
2010,Neurobiology of Aging,1.5077,0.8923,0.9533,0.7
2010,Neurobiology of Disease,0.9737,0.4474,0.4857,0.7
2010,Neuroendocrinology,0.45,0.1,0.0745,0.7
2010,Neurogastroenterology & Motility,0.5714,0.1905,0.201,0.7
2010,Neurology,1.0576,0.478,0.492,0.7
2010,Neuron,2.7619,1.8571,1.9107,0.7
2010,Neuropsychologia,0.84,0.48,0.5156,0.7
2010,Neuropsychopharmacology,0.7586,0.3448,0.3898,0.7
2010,Neurorehabilitation and neural repair,0.4737,0.1316,0.1593,0.7
2010,Neuroscience,0.6579,0.1579,0.2011,0.7
2010,Neuroscience Letters,0.7297,0.3784,0.3853,0.7
2010,Neurosurgery,0.9438,0.3146,0.3435,0.7
2010,New England Journal of Medicine,5.2554,4.2742,4.3406,0.7
2010,Nicotine & Tobacco Research,0.9375,0.3125,0.3513,0.7
2010,Nucleic Acids Research,0.9062,0.3125,0.325,0.7
2010,Nutrition,0.6818,0.2727,0.3226,0.7
2010,Obesity,1.0078,0.4062,0.4506,0.7
2010,Obesity Surgery,1.5902,1.2951,1.3023,0.7
2010,Obstetrics and Gynecology,0.6972,0.1761,0.2153,0.7
2010,Oncogene,0.8219,0.4384,0.4734,0.7
2010,Ophthalmology,0.8421,0.2895,0.2931,0.7
2010,Osteoarthritis and Cartilage,0.7895,0.1754,0.1829,0.7
2010,Osteoporosis International,1.6557,1.1639,1.156,0.7
2010,Otolaryngology,0.3571,0.1429,0.1429,0.7
2010,PEDIATRICS,0.8319,0.2783,0.3106,0.7
2010,PLoS Biology,1.3448,0.4483,0.5651,0.7
2010,PLoS Genetics,1.8684,1.0,1.0524,0.7
2010,PLoS Medicine,1.8681,1.3077,1.3447,0.7
2010,PLoS ONE,0.9447,0.5266,0.5473,0.7
2010,PLoS Pathogens,1.5032,0.949,0.9647,0.7
2010,PLoS neglected tropical diseases,0.4167,0.0417,0.0575,0.7
2010,Pain,0.8496,0.2632,0.2879,0.7
2010,Pain Medicine,0.6296,0.1852,0.1916,0.7
2010,Pain Physician,2.6364,2.5,2.4994,0.7
2010,Patient Education and Counseling,0.5938,0.25,0.2711,0.7
2010,Pediatric Blood & Cancer,0.4839,0.129,0.1373,0.7
2010,Pediatric Critical Care Medicine,0.4,0.0,0.0523,0.7
2010,Pediatric Research,0.625,0.125,0.1741,0.7
2010,Physical Therapy,0.7037,0.037,0.0469,0.7
2010,Physics in Medicine and Biology,0.6087,0.087,0.0996,0.7
2010,Plastic & Reconstructive Surgery,0.3191,0.0532,0.056,0.7
2010,Preventive Medicine,0.1724,0.0,0.0,0.7
2010,Proceedings of the National Academy of Sciences,1.3039,0.7684,0.7993,0.7
2010,Psychiatric Services,0.3,0.0,0.0178,0.7
2010,Psychiatry Research,0.4348,0.0,0.0448,0.7
2010,Psycho-Oncology,0.3621,0.0,0.0117,0.7
2010,Psychological Medicine,0.42,0.12,0.1242,0.7
2010,Psychosomatic Medicine,0.6667,0.1667,0.1556,0.7
2010,PubMed,0.6737,0.2855,0.3046,0.7
2010,Public Health Nutrition,0.3158,0.0789,0.112,0.7
2010,Radiographics,0.0714,0.0714,0.0714,0.7
2010,Radiology,1.0818,0.5227,0.551,0.7
2010,Radiotherapy and Oncology,0.6739,0.2174,0.2516,0.7
2010,Regional Anesthesia & Pain Medicine,0.9688,0.5,0.5427,0.7
2010,Reproductive BioMedicine Online,0.6061,0.0606,0.0778,0.7
2010,Respiratory Medicine,0.4048,0.0952,0.0979,0.7
2010,Respiratory Research,0.2174,0.0,0.0,0.7
2010,Resuscitation,0.5957,0.2128,0.2372,0.7
2010,Retina,0.9643,0.0357,0.0836,0.7
2010,SLEEP,0.4722,0.2222,0.2212,0.7
2010,Scandinavian Journal of Medicine and Science in Sports,0.48,0.0,0.0,0.7
2010,Schizophrenia Bulletin,0.5652,0.1304,0.1594,0.7
2010,Schizophrenia Research,0.8551,0.3333,0.3693,0.7
2010,Science,3.8188,2.8623,2.9027,0.7
2010,Social Science & Medicine,0.434,0.0755,0.1079,0.7
2010,Spine,0.5087,0.1561,0.1602,0.7
2010,Stem Cells,1.2632,0.5263,0.5858,0.7
2010,Stem Cells and Development,0.8378,0.3784,0.3949,0.7
2010,Stroke,0.707,0.2234,0.2385,0.7
2010,Supportive Care in Cancer,0.2727,0.0,0.0,0.7
2010,Surgery,0.5333,0.2333,0.2339,0.7
2010,Surgery for Obesity and Related Diseases,0.6471,0.1765,0.1935,0.7
2010,Surgical Endoscopy,0.7701,0.3908,0.4236,0.7
2010,The American Journal of Cardiology,0.5948,0.2759,0.2831,0.7
2010,The American Journal of Gastroenterology,0.9423,0.3333,0.3309,0.7
2010,The American Journal of Human Genetics,0.86,0.54,0.5851,0.7
2010,The American Journal of Medicine,0.8947,0.2368,0.2677,0.7
2010,The American Journal of Sports Medicine,0.773,0.2919,0.3259,0.7
2010,The American Journal of Surgery,0.4091,0.0455,0.0674,0.7
2010,The American Journal of Surgical Pathology,0.709,0.2985,0.3162,0.7
2010,The Annals of Thoracic Surgery,0.4924,0.1591,0.1661,0.7
2010,The British Journal of Psychiatry,1.0,0.234,0.309,0.7
2010,The EMBO Journal,1.2553,0.7447,0.7463,0.7
2010,The FASEB Journal,0.7077,0.3385,0.3885,0.7
2010,The Journal Of Hand Surgery,0.2564,0.0,0.0,0.7
2010,The Journal of Arthroplasty,0.7727,0.2273,0.2234,0.7
2010,The Journal of Cell Biology,2.2045,1.5455,1.6234,0.7
2010,The Journal of Clinical Endocrinology & Metabolism,0.9203,0.402,0.4235,0.7
2010,The Journal of Clinical Psychiatry,0.7231,0.2,0.2259,0.7
2010,The Journal of Experimental Medicine,1.0244,0.3902,0.4293,0.7
2010,The Journal of Heart and Lung Transplantation,1.0455,0.0909,0.2255,0.7
2010,The Journal of Immunology,0.707,0.2465,0.2631,0.7
2010,The Journal of Infectious Diseases,1.4128,0.7035,0.7408,0.7
2010,The Journal of Pathology,0.9355,0.4839,0.5105,0.7
2010,The Journal of Pediatrics,0.4348,0.0761,0.0722,0.7
2010,The Journal of Physiology,0.4423,0.1346,0.1603,0.7
2010,The Journal of Rheumatology,0.3958,0.1667,0.1886,0.7
2010,The Journal of Sexual Medicine,0.7536,0.2174,0.2229,0.7
2010,The Journal of Strength and Conditioning Research,0.3148,0.0,0.0086,0.7
2010,"The Journal of Trauma: Injury, Infection, and Critical Care",1.2768,0.7679,0.7736,0.7
2010,The Journal of Urology,0.8957,0.3081,0.3467,0.7
2010,The Journals of Gerontology Series A,0.4808,0.0385,0.0742,0.7
2010,The Lancet,2.6667,1.8935,1.9423,0.7
2010,The Lancet Neurology,2.2917,1.5,1.5875,0.7
2010,The Lancet Oncology,1.6883,1.0909,1.1408,0.7
2010,The Laryngoscope,0.2766,0.0213,0.0199,0.7
2010,The Medical Journal of Australia,0.5926,0.037,0.0353,0.7
2010,The Pediatric Infectious Disease Journal,0.7297,0.1081,0.1849,0.7
2010,The Spine Journal,0.5714,0.1429,0.1989,0.7
2010,Thorax,1.0,0.3103,0.3375,0.7
2010,Thrombosis and Haemostasis,0.5758,0.2727,0.2841,0.7
2010,Thyroid,0.5714,0.2,0.2313,0.7
2010,Tissue Engineering Part A,0.9722,0.4444,0.478,0.7
2010,Transfusion,0.617,0.1489,0.1646,0.7
2010,Transplantation,0.6517,0.1573,0.1558,0.7
2010,Tropical Medicine & International Health,0.875,0.5,0.5521,0.7
2010,Ultrasound in Obstetrics and Gynecology,0.9333,0.4167,0.4592,0.7
2010,Unknown,1.6591,1.0,1.0313,0.7
2010,Urology,1.0606,0.8182,0.8295,0.7
2010,Vaccine,0.6076,0.2785,0.2715,0.7
2010,Veterinary Microbiology,0.6667,0.1905,0.272,0.7
2010,Virology,0.8684,0.3947,0.3785,0.7
2010,Virology Journal,1.3182,0.8636,0.8829,0.7
2010,World Journal of Gastroenterology,0.4103,0.0256,0.0256,0.7
2010,World Journal of Surgery,0.6721,0.2787,0.2741,0.7
2011,AIDS,1.2333,0.6333,0.6862,0.7
2011,AIDS and Behavior,0.6452,0.0645,0.0651,0.7
2011,Academic Emergency Medicine,0.4138,0.1034,0.1034,0.7
2011,Academic Medicine,0.5918,0.1429,0.1362,0.7
2011,Acta Biomaterialia,0.3462,0.0,0.034,0.7
2011,Acta Neuropathologica,2.913,2.4783,2.5281,0.7
2011,Acta Orthopaedica,0.7576,0.3333,0.3152,0.7
2011,Addiction,0.4677,0.0,0.0223,0.7
2011,Addictive Behaviors,0.2727,0.0455,0.0668,0.7
2011,Alcoholism Clinical and Experimental Research,0.5938,0.1875,0.1973,0.7
2011,Alimentary Pharmacology & Therapeutics,0.375,0.025,0.0485,0.7
2011,Allergy,0.9091,0.303,0.3743,0.7
2011,Alzheimer Disease & Associated Disorders,0.45,0.0,0.0906,0.7
2011,Alzheimer s & Dementia,1.5,0.65,0.7092,0.7
2011,American Heart Journal,0.9111,0.5111,0.5575,0.7
2011,American Journal Of Pathology,1.0636,0.6818,0.6902,0.7
2011,American Journal of Clinical Nutrition,1.0412,0.3866,0.406,0.7
2011,American Journal of Clinical Pathology,0.1667,0.0833,0.0833,0.7
2011,American Journal of Epidemiology,1.0575,0.3908,0.4236,0.7
2011,American Journal of Geriatric Psychiatry,0.3462,0.0,0.0197,0.7
2011,American Journal of Hematology,0.3478,0.0,0.0,0.7
2011,American Journal of Hypertension,0.6522,0.0435,0.051,0.7
2011,American Journal of Kidney Diseases,1.2424,0.6364,0.6552,0.7
2011,American Journal of Neuroradiology,0.6857,0.3714,0.3812,0.7
2011,American Journal of Obstetrics and Gynecology,0.7031,0.2266,0.2555,0.7
2011,American Journal of Ophthalmology,1.3429,0.6571,0.6988,0.7
2011,American Journal of Physiology-Endocrinology and Metabolism,0.84,0.46,0.4779,0.7
2011,American Journal of Physiology-Gastrointestinal and Liver Physiology,0.7419,0.2258,0.2778,0.7
2011,American Journal of Physiology-Heart and Circulatory Physiology,0.9032,0.3548,0.3931,0.7
2011,American Journal of Physiology-Lung Cellular and Molecular Physiology,0.44,0.0,0.0,0.7
2011,"American Journal of Physiology-Regulatory, Integrative and Comparative Physiology",0.8286,0.3429,0.3468,0.7
2011,American Journal of Physiology-Renal Physiology,0.5667,0.1667,0.1938,0.7
2011,American Journal of Preventive Medicine,0.5769,0.1346,0.1502,0.7
2011,American Journal of Psychiatry,0.9833,0.35,0.3775,0.7
2011,American Journal of Public Health,0.4821,0.1071,0.1069,0.7
2011,American Journal of Respiratory Cell and Molecular Biology,0.6667,0.1429,0.1257,0.7
2011,American Journal of Respiratory and Critical Care Medicine,0.9575,0.4247,0.4511,0.7
2011,American Journal of Roentgenology,0.9652,0.6522,0.6822,0.7
2011,American Journal of Transplantation,1.375,0.8583,0.8705,0.7
2011,American Journal of Tropical Medicine and Hygiene,1.2549,0.7059,0.7017,0.7
2011,Anesthesia & Analgesia,0.5833,0.1759,0.1607,0.7
2011,Anesthesiology,0.764,0.1573,0.1596,0.7
2011,Angewandte Chemie International Edition,0.1364,0.0455,0.0455,0.7
2011,Annals of Biomedical Engineering,0.2333,0.0333,0.0487,0.7
2011,Annals of Emergency Medicine,1.22,0.9,0.8919,0.7
2011,Annals of Internal Medicine,2.1226,1.4434,1.4679,0.7
2011,Annals of Neurology,1.7108,1.2349,1.2556,0.7
2011,Annals of Oncology,0.6863,0.281,0.273,0.7
2011,Annals of Surgery,0.7576,0.197,0.2189,0.7
2011,Annals of Surgical Oncology,0.7755,0.2347,0.27,0.7
2011,Annals of the Rheumatic Diseases,1.0473,0.5325,0.5746,0.7
2011,Antimicrobial Agents and Chemotherapy,0.8605,0.4419,0.4716,0.7
2011,Appetite,0.3913,0.0,0.0,0.7
2011,Applied and Environmental Microbiology,0.5238,0.2619,0.2768,0.7
2011,Archives of Dermatology,0.4,0.0,0.0,0.7
2011,Archives of Disease in Childhood,0.5417,0.0833,0.1039,0.7
2011,Archives of General Psychiatry,1.5,0.6625,0.7238,0.7
2011,Archives of Internal Medicine,1.6341,0.8963,0.9149,0.7
2011,Archives of Neurology,1.7714,1.0667,1.0825,0.7
2011,Archives of Ophthalmology,1.0154,0.4,0.4355,0.7
2011,Archives of Otolaryngology - Head and Neck Surgery,0.4583,0.0417,0.0869,0.7
2011,Archives of Pediatrics and Adolescent Medicine,0.5714,0.0714,0.113,0.7
2011,Archives of Physical Medicine and Rehabilitation,0.4407,0.0678,0.088,0.7
2011,Archives of Surgery,0.5156,0.0312,0.0478,0.7
2011,Arteriosclerosis Thrombosis and Vascular Biology,0.75,0.2632,0.3162,0.7
2011,Arthritis & Rheumatism,0.9919,0.379,0.4024,0.7
2011,Arthritis Care & Research,0.6325,0.094,0.1406,0.7
2011,Arthritis Research & Therapy,0.5854,0.1951,0.1904,0.7
2011,Arthroscopy The Journal of Arthroscopic and Related Surgery,0.58,0.1,0.1096,0.7
2011,Atherosclerosis,0.7069,0.3103,0.3375,0.7
2011,Autophagy,1.619,1.1746,1.1741,0.7
2011,BJOG An International Journal of Obstetrics & Gynaecology,0.6897,0.2586,0.2825,0.7
2011,BMC Cancer,0.2344,0.0156,0.0199,0.7
2011,BMC Genomics,0.96,0.4,0.3698,0.7
2011,BMC Health Services Research,0.3846,0.0385,0.0306,0.7
2011,BMC Infectious Diseases,0.5172,0.2414,0.3023,0.7
2011,BMC Medicine,0.5909,0.0909,0.1098,0.7
2011,BMC Musculoskeletal Disorders,0.2326,0.0,0.0075,0.7
2011,BMC Pregnancy and Childbirth,0.75,0.125,0.2171,0.7
2011,BMC Public Health,0.4048,0.119,0.1414,0.7
2011,BMJ,1.3379,0.653,0.6991,0.7
2011,Biochemical and Biophysical Research Communications,1.1429,0.5179,0.5794,0.7
2011,Biochemistry,1.7,1.0333,1.1338,0.7
2011,Biological Psychiatry,0.8571,0.4143,0.4389,0.7
2011,Biology of Blood and Marrow Transplantation,0.8049,0.2927,0.3436,0.7
2011,Biology of Reproduction,0.9688,0.2188,0.2188,0.7
2011,Biomaterials,0.566,0.2327,0.2297,0.7
2011,Biophysical Journal,0.5926,0.037,0.0542,0.7
2011,Bipolar Disorders,1.0357,0.5714,0.5534,0.7
2011,Blood,1.2172,0.6418,0.6728,0.7
2011,Bone,0.7647,0.1961,0.2107,0.7
2011,Bone Marrow Transplantation,0.4348,0.0435,0.0435,0.7
2011,Brain,1.5337,1.0491,1.0573,0.7
2011,Brain Research,0.8364,0.4364,0.4273,0.7
2011,Breast Cancer Research,0.9524,0.381,0.4603,0.7
2011,Breast Cancer Research and Treatment,0.5625,0.2292,0.2634,0.7
2011,British Journal Of Nutrition,0.5091,0.1455,0.1563,0.7
2011,British Journal of Anaesthesia,0.7,0.3,0.3442,0.7
2011,British Journal of Cancer,0.9592,0.4626,0.4756,0.7
2011,British Journal of Clinical Pharmacology,0.5,0.0357,0.0536,0.7
2011,British Journal of Dermatology,0.4571,0.0571,0.0644,0.7
2011,British Journal of Haematology,1.1628,0.5581,0.6384,0.7
2011,British Journal of Ophthalmology,0.9302,0.4419,0.4506,0.7
2011,British Journal of Pharmacology,0.4615,0.1282,0.1316,0.7
2011,British Journal of Sports Medicine,1.0862,0.569,0.5722,0.7
2011,British Journal of Urology,0.6379,0.2931,0.3146,0.7
2011,British journal of surgery,0.4096,0.012,0.0196,0.7
2011,Bulletin of the World Health Organization,0.6176,0.2059,0.2059,0.7
2011,CHEST Journal,0.9195,0.3423,0.3692,0.7
2011,Canadian Medical Association Journal,1.4167,0.9792,1.0096,0.7
2011,Cancer,0.7236,0.3164,0.332,0.7
2011,Cancer Cell,2.7681,2.0435,2.0591,0.7
2011,Cancer Epidemiology Biomarkers & Prevention,1.3506,0.6623,0.6966,0.7
2011,Cancer Letters,0.7692,0.3077,0.2707,0.7
2011,Cancer Prevention Research,1.0,0.2917,0.3963,0.7
2011,Cancer Research,1.097,0.5853,0.614,0.7
2011,Carcinogenesis,0.6957,0.3043,0.3364,0.7
2011,Cardiovascular Research,0.6905,0.0476,0.0616,0.7
2011,Catheterization and Cardiovascular Interventions,0.5556,0.2222,0.2222,0.7
2011,Cell,3.3333,2.5,2.5118,0.7
2011,Cell Cycle,1.1429,0.7619,0.794,0.7
2011,Cell Death and Differentiation,1.0,0.5217,0.64,0.7
2011,Cell Host & Microbe,1.55,1.125,1.1699,0.7
2011,Cell Metabolism,1.6897,1.069,1.0792,0.7
2011,Cell Transplantation,0.7037,0.2963,0.3081,0.7
2011,Cell stem cell,2.6875,1.7708,1.8173,0.7
2011,Cephalalgia,0.5161,0.3548,0.3465,0.7
2011,Choice Reviews Online,0.4,0.0,0.0295,0.7
2011,Circulation,1.8443,1.2125,1.2533,0.7
2011,Circulation Arrhythmia and Electrophysiology,1.434,0.7547,0.8044,0.7
2011,Circulation Cardiovascular Genetics,1.0476,0.4286,0.4932,0.7
2011,Circulation Cardiovascular Imaging,0.9091,0.4091,0.4443,0.7
2011,Circulation Cardiovascular Interventions,0.8667,0.4667,0.4423,0.7
2011,Circulation Cardiovascular Quality and Outcomes,0.6,0.125,0.1598,0.7
2011,Circulation Heart Failure,0.5957,0.234,0.215,0.7
2011,Circulation Research,0.9231,0.2747,0.3223,0.7
2011,Clinical & Experimental Allergy,0.6786,0.3214,0.3186,0.7
2011,Clinical Biomechanics,0.5238,0.0,0.0784,0.7
2011,Clinical Cancer Research,1.2015,0.7326,0.7549,0.7
2011,Clinical Chemistry,0.8704,0.3889,0.415,0.7
2011,Clinical Endocrinology,1.2727,0.5758,0.5876,0.7
2011,Clinical Gastroenterology and Hepatology,0.8851,0.3793,0.37,0.7
2011,Clinical Infectious Diseases,1.3099,0.6479,0.685,0.7
2011,Clinical Journal of Pain,0.6667,0.0667,0.0552,0.7
2011,Clinical Journal of the American Society of Nephrology,0.8739,0.479,0.499,0.7
2011,Clinical Microbiology and Infection,0.2821,0.0769,0.1094,0.7
2011,Clinical Nutrition,0.7419,0.1613,0.2448,0.7
2011,Clinical Orthopaedics and Related Research,0.4357,0.1929,0.1978,0.7
2011,Clinical Pharmacology & Therapeutics,1.2,0.8333,0.8162,0.7
2011,Cornea,0.3636,0.0303,0.0432,0.7
2011,Critical Care,0.6937,0.3604,0.3494,0.7
2011,Critical Care Medicine,1.3512,0.5714,0.6201,0.7
2011,Current Medical Research and Opinion,1.625,1.125,1.1911,0.7
2011,Development,1.2,0.4,0.5003,0.7
2011,Developmental Cell,1.7407,1.0741,1.0639,0.7
2011,Developmental Medicine & Child Neurology,0.4848,0.0,0.0,0.7
2011,Diabetes,1.3429,0.7714,0.7869,0.7
2011,Diabetes Care,1.3759,0.9113,0.9455,0.7
2011,Diabetes Obesity and Metabolism,1.1154,0.5769,0.6278,0.7
2011,Diabetic Medicine,0.5476,0.1905,0.2107,0.7
2011,Diabetologia,0.9271,0.4896,0.4909,0.7
2011,Digestive Diseases and Sciences,0.5455,0.0909,0.12,0.7
2011,Diseases of the Colon & Rectum,0.6667,0.1765,0.1681,0.7
2011,Drug Metabolism and Disposition,0.8333,0.3333,0.3662,0.7
2011,Drug and Alcohol Dependence,0.5,0.08,0.0824,0.7
2011,EP Europace,0.7879,0.3636,0.3743,0.7
2011,Emerging infectious diseases,1.5463,0.9167,0.9421,0.7
2011,Endocrinology,1.0694,0.6111,0.6397,0.7
2011,Endoscopy,0.2653,0.0204,0.0204,0.7
2011,Epilepsia,0.6324,0.0882,0.0894,0.7
2011,European Heart Journal,1.0406,0.5787,0.6055,0.7
2011,European Journal of Applied Physiology,0.4384,0.0822,0.0972,0.7
2011,European Journal of Cancer,1.5,1.0857,1.1112,0.7
2011,European Journal of Cardio-Thoracic Surgery,0.5,0.2667,0.2647,0.7
2011,European Journal of Clinical Nutrition,0.6562,0.1562,0.2619,0.7
2011,European Journal of Endocrinology,0.8824,0.3529,0.3839,0.7
2011,European Journal of Heart Failure,0.7797,0.322,0.3203,0.7
2011,European Journal of Medicinal Chemistry,0.2174,0.0,0.0272,0.7
2011,European Journal of Neurology,0.4091,0.0455,0.0596,0.7
2011,European Journal of Nuclear Medicine and Molecular Imaging,0.8133,0.2133,0.2492,0.7
2011,European Journal of Pharmacology,0.4412,0.0588,0.0781,0.7
2011,European Journal of Radiology,0.3214,0.0,0.0038,0.7
2011,European Journal of Vascular and Endovascular Surgery,0.2667,0.0,0.0082,0.7
2011,European Radiology,0.7593,0.4259,0.4468,0.7
2011,European Respiratory Journal,0.8134,0.2761,0.3188,0.7
2011,European Spine Journal,0.1091,0.0,0.0,0.7
2011,European Urology,1.1259,0.5778,0.6314,0.7
2011,Eurosurveillance,1.9697,1.4848,1.492,0.7
2011,Experimental Neurology,0.6923,0.1154,0.1336,0.7
2011,Fertility and Sterility,0.7704,0.3556,0.3845,0.7
2011,Food Chemistry,0.457,0.1192,0.1309,0.7
2011,Food Research International,0.4412,0.2353,0.2309,0.7
2011,Food and Chemical Toxicology,0.3404,0.0,0.0,0.7
2011,Free Radical Biology and Medicine,0.6889,0.2889,0.2987,0.7
2011,Gait & Posture,0.0952,0.0,0.0,0.7
2011,Gastroenterology,1.0389,0.537,0.5608,0.7
2011,Gastrointestinal Endoscopy,0.6615,0.1154,0.1233,0.7
2011,Gut,0.93,0.49,0.5359,0.7
2011,Gynecologic Oncology,0.5846,0.1385,0.1679,0.7
2011,Haematologica,0.7059,0.2824,0.2895,0.7
2011,Head & Neck,0.4737,0.1842,0.2244,0.7
2011,Headache The Journal of Head and Face Pain,0.6957,0.1304,0.1177,0.7
2011,Health Affairs,0.8519,0.4444,0.476,0.7
2011,Health Psychology,0.5714,0.2857,0.2857,0.7
2011,Health and Quality of Life Outcomes,0.7,0.2,0.1726,0.7
2011,Heart,0.5556,0.125,0.1517,0.7
2011,Heart Rhythm,0.5844,0.2987,0.3029,0.7
2011,Hepatology,1.2755,0.7019,0.753,0.7
2011,Human Brain Mapping,1.625,1.1667,1.205,0.7
2011,Human Molecular Genetics,1.2211,0.7789,0.7977,0.7
2011,Human Mutation,1.7429,1.3714,1.3917,0.7
2011,Human Pathology,0.7778,0.3704,0.4199,0.7
2011,Human Reproduction,0.8811,0.3986,0.4044,0.7
2011,Hypertension,0.7801,0.2695,0.2739,0.7
2011,IEEE Transactions on Biomedical Engineering,0.303,0.0909,0.0849,0.7
2011,IEEE Transactions on Medical Imaging,1.0667,0.4889,0.5127,0.7
2011,Infection Control and Hospital Epidemiology,0.5,0.0714,0.0691,0.7
2011,Infection and Immunity,1.1176,0.3725,0.4267,0.7
2011,Injury,0.3871,0.1935,0.1839,0.7
2011,Inorganic Chemistry,0.1818,0.0,0.0,0.7
2011,Intensive Care Medicine,0.973,0.4459,0.4627,0.7
2011,International Journal of Behavioral Nutrition and Physical Activity,0.5455,0.0303,0.0461,0.7
2011,International Journal of Cancer,1.2414,0.7241,0.7785,0.7
2011,International Journal of Cardiology,0.3043,0.1739,0.1483,0.7
2011,International Journal of Epidemiology,0.8333,0.3095,0.2939,0.7
2011,International Journal of Geriatric Psychiatry,0.2917,0.0,0.0233,0.7
2011,International Journal of Gynecology & Obstetrics,0.7273,0.0455,0.0999,0.7
2011,International Journal of Obesity,0.9048,0.381,0.3794,0.7
2011,International Journal of Radiation Oncology*Biology*Physics,0.5754,0.2291,0.2459,0.7
2011,International Journal of Sports Medicine,1.5,0.9167,0.9505,0.7
2011,International Orthopaedics,0.3871,0.0323,0.0323,0.7
2011,Investigative Ophthalmology & Visual Science,0.8011,0.3333,0.3396,0.7
2011,JACC. Cardiovascular imaging,1.2642,0.6226,0.6385,0.7
2011,JACC: Cardiovascular Interventions,0.6333,0.2333,0.2245,0.7
2011,JAIDS Journal of Acquired Immune Deficiency Syndromes,0.913,0.4783,0.4676,0.7
2011,JAMA,3.0538,2.4086,2.4458,0.7
2011,JNCI Journal of the National Cancer Institute,1.3939,0.7273,0.7443,0.7
2011,Journal of Adolescent Health,0.55,0.2,0.1947,0.7
2011,Journal of Affective Disorders,0.65,0.25,0.2357,0.7
2011,Journal of Agricultural and Food Chemistry,0.6637,0.0885,0.1137,0.7
2011,Journal of Allergy and Clinical Immunology,0.9325,0.5215,0.5477,0.7
2011,Journal of Alzheimer s Disease,0.6207,0.1724,0.1972,0.7
2011,Journal of Antimicrobial Chemotherapy,0.878,0.2927,0.3395,0.7
2011,Journal of Applied Physiology,1.141,0.4359,0.4521,0.7
2011,Journal of Athletic Training,1.0833,0.7083,0.713,0.7
2011,Journal of Bacteriology,1.0,0.4571,0.4668,0.7
2011,Journal of Biological Chemistry,1.0108,0.5854,0.5955,0.7
2011,Journal of Biomechanics,0.4118,0.0,0.0244,0.7
2011,Journal of Bone and Joint Surgery,0.6816,0.1343,0.1561,0.7
2011,Journal of Bone and Joint Surgery - British Volume,1.1944,0.6389,0.6369,0.7
2011,Journal of Bone and Mineral Research,1.0089,0.5536,0.5671,0.7
2011,Journal of Cardiac Failure,0.913,0.3913,0.4169,0.7
2011,Journal of Cardiovascular Electrophysiology,0.5357,0.2857,0.2733,0.7
2011,Journal of Cataract & Refractive Surgery,0.8039,0.1961,0.2166,0.7
2011,Journal of Cell Science,0.4545,0.2424,0.2715,0.7
2011,Journal of Cellular Physiology,1.0,0.625,0.6122,0.7
2011,Journal of Cellular and Molecular Medicine,0.7308,0.0769,0.077,0.7
2011,Journal of Cerebral Blood Flow & Metabolism,0.5405,0.2162,0.2353,0.7
2011,Journal of Child Psychology and Psychiatry,0.8696,0.3913,0.4115,0.7
2011,Journal of Clinical Gastroenterology,0.5333,0.0,0.0352,0.7
2011,Journal of Clinical Investigation,1.1459,0.5676,0.594,0.7
2011,Journal of Clinical Microbiology,1.1404,0.6754,0.7181,0.7
2011,Journal of Clinical Oncology,1.7578,1.0352,1.0805,0.7
2011,Journal of Clinical Virology,1.3077,0.3846,0.4325,0.7
2011,Journal of Controlled Release,0.1667,0.0,0.0,0.7
2011,Journal of Critical Care,0.4545,0.0455,0.1018,0.7
2011,Journal of Epidemiology & Community Health,0.381,0.1429,0.1351,0.7
2011,Journal of Ethnopharmacology,0.1842,0.0,0.0,0.7
2011,Journal of Food Composition and Analysis,0.4286,0.0952,0.0849,0.7
2011,Journal of Gastroenterology,0.8214,0.1429,0.1985,0.7
2011,Journal of Gastroenterology and Hepatology,0.3448,0.1724,0.1633,0.7
2011,Journal of Gastrointestinal Surgery,0.4884,0.093,0.0908,0.7
2011,Journal of General Internal Medicine,0.4722,0.0556,0.0556,0.7
2011,Journal of General Virology,1.4,0.9,0.9594,0.7
2011,Journal of Head Trauma Rehabilitation,1.3333,1.0,0.9621,0.7
2011,Journal of Hepatology,0.7293,0.2782,0.3152,0.7
2011,Journal of Hypertension,1.0,0.2791,0.2992,0.7
2011,Journal of Investigative Dermatology,0.5106,0.0213,0.065,0.7
2011,Journal of Lipid Research,1.119,0.7619,0.7578,0.7
2011,Journal of Magnetic Resonance Imaging,1.2407,0.6111,0.6746,0.7
2011,Journal of Medical Genetics,0.9524,0.4286,0.4591,0.7
2011,Journal of Medicinal Chemistry,0.4935,0.0649,0.0568,0.7
2011,Journal of Molecular Biology,1.3,0.5667,0.6699,0.7
2011,Journal of Molecular and Cellular Cardiology,0.32,0.08,0.092,0.7
2011,Journal of Neuro-Oncology,0.5152,0.1515,0.1906,0.7
2011,Journal of Neurochemistry,1.0877,0.6842,0.7084,0.7
2011,Journal of Neurology,0.6585,0.122,0.127,0.7
2011,Journal of Neurology Neurosurgery & Psychiatry,0.8533,0.28,0.312,0.7
2011,Journal of Neuroscience,1.4313,0.8009,0.8287,0.7
2011,Journal of Neurosurgery Spine,0.5758,0.1515,0.1493,0.7
2011,Journal of Neurotrauma,0.807,0.3509,0.3791,0.7
2011,Journal of Nuclear Medicine,1.0531,0.5487,0.5676,0.7
2011,Journal of Nutrition,0.7681,0.3043,0.352,0.7
2011,Journal of Oral and Maxillofacial Surgery,1.3824,0.9706,0.9831,0.7
2011,Journal of Orthopaedic Research®,0.5918,0.2857,0.2976,0.7
2011,Journal of Orthopaedic Trauma,0.1667,0.0,0.0,0.7
2011,Journal of Orthopaedic and Sports Physical Therapy,0.3636,0.0909,0.1499,0.7
2011,Journal of Pain,0.6579,0.2105,0.2105,0.7
2011,Journal of Pain and Symptom Management,0.3947,0.0,0.0,0.7
2011,Journal of Pediatric Gastroenterology and Nutrition,0.8077,0.0769,0.0671,0.7
2011,Journal of Pediatric Surgery,0.2727,0.0606,0.0427,0.7
2011,Journal of Pharmacology and Experimental Therapeutics,1.1351,0.8108,0.7877,0.7
2011,Journal of Physical Activity and Health,0.9167,0.0417,0.061,0.7
2011,Journal of Physics D Applied Physics,2.0,1.2857,1.3571,0.7
2011,Journal of Proteome Research,0.5556,0.3704,0.3704,0.7
2011,Journal of Psychiatric Research,0.5,0.2727,0.2878,0.7
2011,Journal of Psychosomatic Research,0.381,0.0,0.0,0.7
2011,Journal of Refractive Surgery,0.625,0.25,0.2336,0.7
2011,Journal of Rehabilitation Medicine,0.5,0.0455,0.0577,0.7
2011,Journal of Shoulder and Elbow Surgery,0.4225,0.0282,0.0238,0.7
2011,Journal of Sports Sciences,1.325,0.85,0.8615,0.7
2011,Journal of Surgical Oncology,0.3077,0.0385,0.0992,0.7
2011,Journal of Thoracic Oncology,0.6,0.2,0.2263,0.7
2011,Journal of Thoracic and Cardiovascular Surgery,0.6975,0.2857,0.3068,0.7
2011,Journal of Thrombosis and Haemostasis,0.6429,0.2143,0.2379,0.7
2011,Journal of Vascular Surgery,0.5327,0.0935,0.1091,0.7
2011,Journal of Vascular and Interventional Radiology,0.6538,0.0385,0.0512,0.7
2011,Journal of Virology,1.0974,0.633,0.6583,0.7
2011,Journal of Women s Health,0.5714,0.0952,0.1786,0.7
2011,Journal of neurosurgery,0.3854,0.0521,0.0554,0.7
2011,Journal of the American Academy of Child & Adolescent Psychiatry,0.6053,0.3158,0.3079,0.7
2011,Journal of the American Academy of Dermatology,0.3953,0.0233,0.07,0.7
2011,Journal of the American Chemical Society,0.7857,0.3571,0.3697,0.7
2011,Journal of the American College of Cardiology,1.4078,0.8738,0.9065,0.7
2011,Journal of the American College of Surgeons,0.4819,0.1205,0.1536,0.7
2011,Journal of the American Dietetic Association,1.2037,0.6852,0.683,0.7
2011,Journal of the American Geriatrics Society,0.5595,0.1548,0.1633,0.7
2011,Journal of the American Society of Echocardiography,1.0,0.3415,0.3752,0.7
2011,Journal of the American Society of Nephrology,1.1855,0.5726,0.6053,0.7
2011,Journal of the European Academy of Dermatology and Venereology,0.3333,0.0476,0.1072,0.7
2011,Journal of the International Neuropsychological Society,0.8462,0.2308,0.2919,0.7
2011,Journal of the National Comprehensive Cancer Network,1.92,1.36,1.425,0.7
2011,Journal of the Neurological Sciences,0.7407,0.2963,0.3392,0.7
2011,Kidney International,1.1719,0.5859,0.6022,0.7
2011,Knee Surgery Sports Traumatology Arthroscopy,0.5,0.2857,0.2926,0.7
2011,Lara D. Veeken,0.3375,0.05,0.0631,0.7
2011,Leukemia,1.7571,1.3143,1.2976,0.7
2011,Liver International,1.0,0.44,0.4496,0.7
2011,Liver Transplantation,0.6957,0.3478,0.3545,0.7
2011,Lupus,0.45,0.1,0.1213,0.7
2011,MMWR Morbidity and Mortality Weekly Report,7.4583,6.9167,6.9778,0.7
2011,Magnetic Resonance in Medicine,0.8526,0.3263,0.3404,0.7
2011,Malaria Journal,0.7222,0.1528,0.1628,0.7
2011,Mayo Clinic Proceedings,0.6364,0.2424,0.2759,0.7
2011,Medical Care,0.5833,0.0417,0.0642,0.7
2011,Medical Education,0.7143,0.1429,0.1412,0.7
2011,Medical Physics,0.9189,0.4324,0.4362,0.7
2011,Medical Teacher,0.6,0.28,0.3322,0.7
2011,Medicine,0.8261,0.3043,0.3043,0.7
2011,Medicine & Science in Sports & Exercise,1.0818,0.5273,0.5627,0.7
2011,Menopause The Journal of The North American Menopause Society,0.9333,0.3333,0.3296,0.7
2011,Metabolism,0.3529,0.0294,0.0374,0.7
2011,Methods in molecular biology,0.6364,0.4091,0.4197,0.7
2011,Modern Pathology,0.9839,0.4677,0.5024,0.7
2011,Molecular Biology of the Cell,3.6552,3.0345,2.9938,0.7
2011,Molecular Cancer,0.4074,0.0741,0.095,0.7
2011,Molecular Cancer Therapeutics,0.5833,0.1875,0.1886,0.7
2011,Molecular Cell,1.275,0.85,0.8661,0.7
2011,Molecular Endocrinology,0.35,0.0,0.0,0.7
2011,Molecular Microbiology,0.5,0.0417,0.0709,0.7
2011,Molecular Nutrition & Food Research,0.7308,0.3077,0.2812,0.7
2011,Molecular Psychiatry,0.65,0.15,0.1233,0.7
2011,Molecular Therapy,1.0,0.6429,0.6404,0.7
2011,Molecular and Cellular Biology,1.2558,0.5581,0.5884,0.7
2011,Molecules,0.1,0.0,0.0,0.7
2011,Movement Disorders,0.4524,0.1548,0.1636,0.7
2011,Multiple Sclerosis Journal,0.6809,0.2128,0.2284,0.7
2011,Muscle & Nerve,0.55,0.15,0.1346,0.7
2011,Nature,3.4013,2.6908,2.7212,0.7
2011,Nature Biotechnology,1.1667,0.8,0.8013,0.7
2011,Nature Cell Biology,2.9048,2.3571,2.3542,0.7
2011,Nature Genetics,3.2358,2.5366,2.6109,0.7
2011,Nature Medicine,1.5833,0.875,0.9008,0.7
2011,Nature Neuroscience,1.7857,1.0357,1.0619,0.7
2011,Nature Protocols,0.6129,0.1935,0.1898,0.7
2011,Nature Structural & Molecular Biology,1.4231,0.9231,0.9178,0.7
2011,Nephrology Dialysis Transplantation,0.7769,0.405,0.4316,0.7
2011,Neuro-Oncology,0.85,0.65,0.6658,0.7
2011,NeuroImage,1.2429,0.7095,0.7406,0.7
2011,Neurobiology of Aging,1.0984,0.6557,0.6608,0.7
2011,Neurobiology of Disease,1.2632,0.4474,0.5117,0.7
2011,Neurogastroenterology & Motility,0.7586,0.3103,0.2796,0.7
2011,Neurology,1.1853,0.6006,0.6416,0.7
2011,Neuron,2.129,1.5484,1.6334,0.7
2011,Neuropsychologia,0.5,0.1,0.1308,0.7
2011,Neuropsychopharmacology,0.6774,0.2581,0.271,0.7
2011,Neurorehabilitation and neural repair,0.6176,0.1765,0.1617,0.7
2011,Neuroscience,0.6667,0.2222,0.2634,0.7
2011,Neuroscience Letters,0.8667,0.2333,0.2803,0.7
2011,Neurosurgery,0.942,0.4348,0.4434,0.7
2011,Neurosurgical FOCUS,0.4583,0.2083,0.2006,0.7
2011,New England Journal of Medicine,5.6667,4.8073,4.8345,0.7
2011,Nicotine & Tobacco Research,0.5484,0.0968,0.1053,0.7
2011,Nucleic Acids Research,1.4118,1.1176,1.1268,0.7
2011,Obesity,0.7714,0.1143,0.1407,0.7
2011,Obesity Surgery,0.9444,0.3889,0.4574,0.7
2011,Obstetrics and Gynecology,0.6519,0.2074,0.2101,0.7
2011,Oncogene,0.8171,0.3659,0.3785,0.7
2011,Ophthalmology,0.8876,0.3483,0.3748,0.7
2011,Optics Express,1.1905,0.7619,0.8294,0.7
2011,Osteoarthritis and Cartilage,0.5455,0.1091,0.1071,0.7
2011,Osteoporosis International,0.9057,0.5849,0.5824,0.7
2011,Otolaryngology,0.75,0.2143,0.2233,0.7
2011,PEDIATRICS,0.8418,0.3401,0.3561,0.7
2011,PLoS Biology,1.5,0.9545,0.9634,0.7
2011,PLoS Genetics,1.1064,0.7234,0.7315,0.7
2011,PLoS Medicine,1.8077,1.1795,1.2067,0.7
2011,PLoS ONE,0.794,0.4,0.4134,0.7
2011,PLoS Pathogens,1.5047,1.033,1.0502,0.7
2011,PLoS neglected tropical diseases,0.7125,0.3,0.3167,0.7
2011,Pain,0.7279,0.1633,0.1787,0.7
2011,Pain Medicine,0.4333,0.0333,0.0556,0.7
2011,Pancreas,0.5,0.1,0.1373,0.7
2011,Patient Education and Counseling,0.2308,0.0,0.0,0.7
2011,Pediatric Blood & Cancer,0.3214,0.0357,0.0457,0.7
2011,Pediatric Critical Care Medicine,1.0455,0.6818,0.6616,0.7
2011,Pediatric Research,0.8696,0.1739,0.1829,0.7
2011,Physical Therapy,0.25,0.0625,0.0561,0.7
2011,Physics in Medicine and Biology,0.8913,0.1957,0.2048,0.7
2011,Placenta,0.7143,0.0952,0.0992,0.7
2011,Plastic & Reconstructive Surgery,0.39,0.03,0.0636,0.7
2011,Preventive Medicine,0.3043,0.2174,0.1976,0.7
2011,Proceedings of the National Academy of Sciences,1.4761,0.9083,0.935,0.7
2011,Psychiatry Research,0.375,0.1667,0.1908,0.7
2011,Psychiatry Research Neuroimaging,0.5909,0.1364,0.1131,0.7
2011,Psycho-Oncology,0.3704,0.0,0.0102,0.7
2011,Psychological Medicine,0.7895,0.2895,0.2761,0.7
2011,Psychosomatic Medicine,0.6667,0.1905,0.2388,0.7
2011,PubMed,0.7099,0.4038,0.4155,0.7
2011,Public Health Nutrition,0.5217,0.087,0.0985,0.7
2011,Radiographics,0.1064,0.0,0.0,0.7
2011,Radiology,0.9324,0.4505,0.4787,0.7
2011,Radiotherapy and Oncology,1.1538,0.4103,0.452,0.7
2011,Regional Anesthesia & Pain Medicine,0.72,0.0,0.0271,0.7
2011,Reproductive BioMedicine Online,0.4643,0.25,0.2349,0.7
2011,Respiratory Care,0.1905,0.0,0.0055,0.7
2011,Respiratory Medicine,0.6341,0.122,0.1484,0.7
2011,Respiratory Research,0.6333,0.2,0.1967,0.7
2011,Resuscitation,3.0526,2.6491,2.6378,0.7
2011,Retina,0.5161,0.129,0.129,0.7
2011,SLEEP,0.5862,0.0,0.0,0.7
2011,Scandinavian Journal of Medicine and Science in Sports,0.8444,0.1778,0.2069,0.7
2011,Schizophrenia Bulletin,1.2093,0.4651,0.5378,0.7
2011,Schizophrenia Research,0.7692,0.3462,0.3787,0.7
2011,Science,3.7931,2.9931,3.0217,0.7
2011,Science Translational Medicine,0.52,0.3,0.3168,0.7
2011,Social Science & Medicine,0.3158,0.0526,0.08,0.7
2011,Spine,0.5723,0.0663,0.0997,0.7
2011,Stem Cells,1.1739,0.6087,0.6413,0.7
2011,Stem Cells and Development,0.5385,0.1538,0.1744,0.7
2011,Stroke,0.7836,0.1866,0.2255,0.7
2011,Supportive Care in Cancer,0.625,0.0312,0.0941,0.7
2011,Surgery,0.4483,0.1552,0.1471,0.7
2011,Surgery for Obesity and Related Diseases,0.6667,0.2083,0.2083,0.7
2011,Surgical Endoscopy,0.7529,0.2706,0.2861,0.7
2011,The American Journal of Cardiology,0.7447,0.3936,0.4264,0.7
2011,The American Journal of Gastroenterology,0.8041,0.2365,0.2674,0.7
2011,The American Journal of Human Genetics,0.8,0.2,0.2298,0.7
2011,The American Journal of Medicine,0.6585,0.1707,0.2142,0.7
2011,The American Journal of Sports Medicine,0.7463,0.2338,0.2545,0.7
2011,The American Journal of Surgery,0.4872,0.1795,0.1856,0.7
2011,The American Journal of Surgical Pathology,0.8217,0.3333,0.357,0.7
2011,The Annals of Thoracic Surgery,0.7265,0.3761,0.4006,0.7
2011,The British Journal of Psychiatry,0.8421,0.1316,0.152,0.7
2011,The EMBO Journal,1.9388,1.3673,1.4648,0.7
2011,The FASEB Journal,1.0405,0.5,0.5065,0.7
2011,The Journal Of Hand Surgery,0.0909,0.0,0.0,0.7
2011,The Journal of Arthroplasty,0.5814,0.3953,0.3868,0.7
2011,The Journal of Cell Biology,1.3404,0.9362,0.9526,0.7
2011,The Journal of Clinical Endocrinology & Metabolism,0.9609,0.5114,0.5225,0.7
2011,The Journal of Clinical Psychiatry,0.4262,0.082,0.0941,0.7
2011,The Journal of Experimental Medicine,1.2647,0.7353,0.7611,0.7
2011,The Journal of Heart and Lung Transplantation,1.4138,0.5862,0.6035,0.7
2011,The Journal of Immunology,0.7568,0.3829,0.3927,0.7
2011,The Journal of Infectious Diseases,1.4783,0.8261,0.8819,0.7
2011,The Journal of Pathology,1.1154,0.8077,0.8259,0.7
2011,The Journal of Pediatrics,0.51,0.15,0.1548,0.7
2011,The Journal of Physiology,0.8409,0.4091,0.3944,0.7
2011,The Journal of Rheumatology,0.8485,0.2273,0.2403,0.7
2011,The Journal of Sexual Medicine,0.9189,0.3649,0.4112,0.7
2011,The Journal of Strength and Conditioning Research,0.4161,0.0584,0.0693,0.7
2011,"The Journal of Trauma: Injury, Infection, and Critical Care",0.8,0.33,0.3675,0.7
2011,The Journal of Urology,0.976,0.5329,0.5379,0.7
2011,The Journals of Gerontology Series A,0.9804,0.2745,0.3059,0.7
2011,The Lancet,2.7491,1.9964,2.0397,0.7
2011,The Lancet Neurology,1.7761,1.1194,1.2028,0.7
2011,The Lancet Oncology,2.4494,1.8202,1.8261,0.7
2011,The Laryngoscope,0.431,0.1207,0.1625,0.7
2011,The Medical Journal of Australia,0.8696,0.6087,0.6087,0.7
2011,The Oncologist,0.9167,0.5,0.5316,0.7
2011,The Pediatric Infectious Disease Journal,0.6809,0.1702,0.1937,0.7
2011,Thorax,0.9333,0.4111,0.4226,0.7
2011,Thrombosis and Haemostasis,0.7568,0.3784,0.4045,0.7
2011,Thyroid,1.3864,0.9318,0.9374,0.7
2011,Tissue Engineering Part A,0.9672,0.5738,0.6013,0.7
2011,Transfusion,0.5385,0.2051,0.2051,0.7
2011,Transplantation,0.8161,0.3448,0.3562,0.7
2011,Tropical Medicine & International Health,1.1818,0.4545,0.5192,0.7
2011,Ultrasound in Obstetrics and Gynecology,0.6222,0.1778,0.2547,0.7
2011,Unknown,1.5515,0.8788,0.9041,0.7
2011,Urology,0.6667,0.2157,0.2586,0.7
2011,Vaccine,0.875,0.25,0.3384,0.7
2011,Virology,1.7857,1.25,1.235,0.7
2011,Virology Journal,0.619,0.3333,0.305,0.7
2011,World Journal of Gastroenterology,0.6176,0.0882,0.1291,0.7
2011,World Journal of Surgery,0.4074,0.1852,0.1748,0.7
2012,AIDS,1.1,0.4571,0.5077,0.7
2012,AIDS Care,0.2857,0.0,0.0,0.7
2012,AIDS and Behavior,0.3103,0.0,0.0,0.7
2012,Academic Emergency Medicine,0.4483,0.0,0.0,0.7
2012,Academic Medicine,0.7358,0.1132,0.1231,0.7
2012,Acta Biomaterialia,0.1923,0.0,0.0,0.7
2012,Acta Neuropathologica,1.5577,1.0,1.0055,0.7
2012,Acta Orthopaedica,0.6897,0.0,0.0515,0.7
2012,Acta Paediatrica,0.9048,0.0476,0.1255,0.7
2012,Addiction,0.3667,0.0167,0.0167,0.7
2012,Addictive Behaviors,0.36,0.08,0.0608,0.7
2012,Aging Cell,0.65,0.15,0.128,0.7
2012,Alcoholism Clinical and Experimental Research,0.7188,0.2188,0.2188,0.7
2012,Alimentary Pharmacology & Therapeutics,0.5849,0.1887,0.1925,0.7
2012,Allergy,0.4783,0.087,0.1209,0.7
2012,Alzheimer s & Dementia,3.4194,2.8387,2.8159,0.7
2012,American Heart Journal,1.0385,0.4744,0.5203,0.7
2012,American Journal Of Pathology,0.9515,0.3107,0.3229,0.7
2012,American Journal of Clinical Nutrition,1.1698,0.3774,0.387,0.7
2012,American Journal of Clinical Pathology,0.5938,0.25,0.2551,0.7
2012,American Journal of Epidemiology,1.5,0.5303,0.581,0.7
2012,American Journal of Geriatric Psychiatry,0.16,0.0,0.0,0.7
2012,American Journal of Hematology,0.6818,0.1364,0.121,0.7
2012,American Journal of Kidney Diseases,0.8143,0.2,0.2156,0.7
2012,American Journal of Neuroradiology,0.9531,0.7969,0.8028,0.7
2012,American Journal of Obstetrics and Gynecology,0.9217,0.2522,0.2822,0.7
2012,American Journal of Ophthalmology,0.9531,0.3125,0.3848,0.7
2012,American Journal of Physiology-Endocrinology and Metabolism,1.2059,0.4706,0.4727,0.7
2012,American Journal of Physiology-Gastrointestinal and Liver Physiology,0.6538,0.1154,0.1514,0.7
2012,American Journal of Physiology-Heart and Circulatory Physiology,0.6222,0.1778,0.1671,0.7
2012,American Journal of Physiology-Lung Cellular and Molecular Physiology,0.7619,0.1429,0.1909,0.7
2012,"American Journal of Physiology-Regulatory, Integrative and Comparative Physiology",1.2273,0.3636,0.3542,0.7
2012,American Journal of Physiology-Renal Physiology,0.4545,0.0909,0.1128,0.7
2012,American Journal of Preventive Medicine,0.8871,0.2742,0.2581,0.7
2012,American Journal of Psychiatry,1.1515,0.1515,0.2111,0.7
2012,American Journal of Public Health,0.5532,0.1489,0.15,0.7
2012,American Journal of Respiratory and Critical Care Medicine,1.1807,0.2731,0.3233,0.7
2012,American Journal of Roentgenology,0.7451,0.402,0.4329,0.7
2012,American Journal of Transplantation,1.1579,0.2544,0.3124,0.7
2012,American Journal of Tropical Medicine and Hygiene,1.22,0.4,0.5064,0.7
2012,Anaesthesia,0.4,0.0,0.044,0.7
2012,Anesthesia & Analgesia,0.6543,0.037,0.0367,0.7
2012,Anesthesiology,0.7625,0.2,0.2426,0.7
2012,Angewandte Chemie International Edition,0.4815,0.0741,0.062,0.7
2012,Annals of Biomedical Engineering,0.8148,0.1852,0.2225,0.7
2012,Annals of Emergency Medicine,0.9118,0.0588,0.1454,0.7
2012,Annals of Internal Medicine,1.7547,0.7453,0.8171,0.7
2012,Annals of Neurology,1.4966,0.8456,0.8672,0.7
2012,Annals of Oncology,0.5635,0.1657,0.1953,0.7
2012,Annals of Surgery,0.7854,0.1171,0.1358,0.7
2012,Annals of Surgical Oncology,0.5948,0.1121,0.1029,0.7
2012,Annals of the Rheumatic Diseases,0.9912,0.1718,0.2172,0.7
2012,Antimicrobial Agents and Chemotherapy,1.0526,0.4887,0.4992,0.7
2012,Appetite,0.4643,0.0,0.0238,0.7
2012,Applied and Environmental Microbiology,0.6,0.0444,0.0717,0.7
2012,Archives of Dermatology,0.8,0.1714,0.1463,0.7
2012,Archives of General Psychiatry,1.4744,0.5769,0.5919,0.7
2012,Archives of Internal Medicine,1.2815,0.437,0.4506,0.7
2012,Archives of Neurology,1.4124,0.4124,0.483,0.7
2012,Archives of Ophthalmology,0.6724,0.0,0.0022,0.7
2012,Archives of Pediatrics and Adolescent Medicine,0.6818,0.0455,0.1118,0.7
2012,Archives of Physical Medicine and Rehabilitation,0.7544,0.0351,0.079,0.7
2012,Archives of Surgery,0.8,0.1077,0.1199,0.7
2012,Arteriosclerosis Thrombosis and Vascular Biology,0.7971,0.2029,0.2334,0.7
2012,Arthritis & Rheumatism,0.884,0.14,0.1676,0.7
2012,Arthritis Care & Research,0.8556,0.0667,0.0945,0.7
2012,Arthritis Research & Therapy,0.6203,0.0253,0.0251,0.7
2012,Arthroscopy The Journal of Arthroscopic and Related Surgery,0.7333,0.2333,0.2318,0.7
2012,Atherosclerosis,0.4167,0.0,0.0,0.7
2012,Autophagy,1.5217,0.913,0.9238,0.7
2012,BJOG An International Journal of Obstetrics & Gynaecology,1.2083,0.5,0.52,0.7
2012,BMC Cancer,0.4247,0.0959,0.0942,0.7
2012,BMC Gastroenterology,0.3043,0.0,0.0,0.7
2012,BMC Genomics,0.6522,0.1304,0.1653,0.7
2012,BMC Health Services Research,0.4839,0.0,0.061,0.7
2012,BMC Infectious Diseases,0.6154,0.2821,0.2758,0.7
2012,BMC Medicine,0.76,0.12,0.119,0.7
2012,BMC Musculoskeletal Disorders,0.4314,0.0196,0.0423,0.7
2012,BMC Pregnancy and Childbirth,0.6061,0.1212,0.1379,0.7
2012,BMC Public Health,0.4653,0.1386,0.1538,0.7
2012,BMJ,1.2535,0.3733,0.3929,0.7
2012,Biochemical and Biophysical Research Communications,1.0222,0.4667,0.4686,0.7
2012,Biochimica et Biophysica Acta (BBA) - Molecular Basis of Disease,0.45,0.1,0.1,0.7
2012,Biological Psychiatry,0.7538,0.1077,0.1307,0.7
2012,Biology of Blood and Marrow Transplantation,0.8889,0.25,0.257,0.7
2012,Biology of Reproduction,0.6,0.0,0.0233,0.7
2012,Biomaterials,0.6229,0.0571,0.0932,0.7
2012,Biophysical Journal,0.9,0.0,0.0438,0.7
2012,Blood,1.1552,0.5095,0.5373,0.7
2012,Bone,0.2955,0.1364,0.1152,0.7
2012,Brain,1.2798,0.544,0.5639,0.7
2012,Brain Research,0.8056,0.25,0.2819,0.7
2012,Breast Cancer Research,0.9286,0.1786,0.2282,0.7
2012,Breast Cancer Research and Treatment,0.6471,0.2353,0.2395,0.7
2012,British Journal Of Nutrition,0.5217,0.1739,0.1792,0.7
2012,British Journal of Anaesthesia,0.5303,0.0606,0.0767,0.7
2012,British Journal of Cancer,0.6377,0.1667,0.1777,0.7
2012,British Journal of Dermatology,0.5469,0.1719,0.1787,0.7
2012,British Journal of Haematology,0.4737,0.1316,0.1416,0.7
2012,British Journal of Ophthalmology,0.4054,0.0541,0.0556,0.7
2012,British Journal of Pharmacology,1.5625,0.6875,0.7402,0.7
2012,British Journal of Sports Medicine,0.878,0.2927,0.3471,0.7
2012,British Journal of Urology,0.4348,0.029,0.045,0.7
2012,British journal of surgery,0.6104,0.0,0.0129,0.7
2012,Bulletin of the World Health Organization,0.6154,0.0769,0.1043,0.7
2012,CHEST Journal,0.7279,0.1912,0.1982,0.7
2012,Canadian Medical Association Journal,1.3455,0.5818,0.596,0.7
2012,Cancer,0.65,0.1,0.1271,0.7
2012,Cancer Cell,3.2278,2.3038,2.3595,0.7
2012,Cancer Epidemiology Biomarkers & Prevention,0.918,0.2787,0.2884,0.7
2012,Cancer Prevention Research,0.6207,0.1034,0.1297,0.7
2012,Cancer Research,1.117,0.3736,0.4205,0.7
2012,Carcinogenesis,0.6667,0.0,0.0,0.7
2012,Cardiovascular Research,0.5806,0.0,0.0452,0.7
2012,Catheterization and Cardiovascular Interventions,0.7037,0.1111,0.1476,0.7
2012,Cell,3.6709,2.6076,2.6726,0.7
2012,Cell Death and Differentiation,0.88,0.56,0.5424,0.7
2012,Cell Death and Disease,0.6,0.2,0.2034,0.7
2012,Cell Host & Microbe,1.6364,0.9318,0.9758,0.7
2012,Cell Metabolism,1.1711,0.5132,0.5283,0.7
2012,Cell Transplantation,0.7931,0.0345,0.0537,0.7
2012,Cell stem cell,1.6875,0.9583,1.0277,0.7
2012,Cephalalgia,1.4348,0.9565,0.9763,0.7
2012,Cerebral Cortex,0.5517,0.2069,0.1836,0.7
2012,Circulation,2.027,1.2317,1.2723,0.7
2012,Circulation Arrhythmia and Electrophysiology,0.5758,0.0909,0.1077,0.7
2012,Circulation Cardiovascular Imaging,0.6596,0.1915,0.2012,0.7
2012,Circulation Cardiovascular Interventions,1.1538,0.5897,0.6291,0.7
2012,Circulation Cardiovascular Quality and Outcomes,0.7188,0.2188,0.1978,0.7
2012,Circulation Heart Failure,1.0435,0.413,0.4186,0.7
2012,Circulation Journal,0.2609,0.0,0.0,0.7
2012,Circulation Research,1.1461,0.236,0.2967,0.7
2012,Clinical & Experimental Allergy,0.4333,0.0,0.0,0.7
2012,Clinical Cancer Research,0.9928,0.337,0.3721,0.7
2012,Clinical Chemistry,1.4231,0.6346,0.6596,0.7
2012,Clinical Endocrinology,0.6296,0.1111,0.1402,0.7
2012,Clinical Gastroenterology and Hepatology,0.8406,0.2899,0.2846,0.7
2012,Clinical Infectious Diseases,1.3094,0.4696,0.5032,0.7
2012,Clinical Journal of the American Society of Nephrology,0.7015,0.1567,0.1748,0.7
2012,Clinical Microbiology and Infection,0.5143,0.0571,0.0718,0.7
2012,Clinical Nutrition,0.7333,0.2333,0.2588,0.7
2012,Clinical Orthopaedics and Related Research,0.391,0.0451,0.0451,0.7
2012,Clinical Pharmacology & Therapeutics,0.96,0.32,0.3791,0.7
2012,Cornea,0.3571,0.0,0.0,0.7
2012,Critical Care,1.0,0.3529,0.396,0.7
2012,Critical Care Medicine,1.0728,0.3974,0.4146,0.7
2012,Development,0.7857,0.0714,0.1311,0.7
2012,Developmental Cell,1.16,0.32,0.391,0.7
2012,Developmental Medicine & Child Neurology,0.3636,0.0,0.0,0.7
2012,Diabetes,1.0296,0.2485,0.2767,0.7
2012,Diabetes Care,1.581,0.6479,0.7128,0.7
2012,Diabetes Obesity and Metabolism,0.8214,0.3929,0.4053,0.7
2012,Diabetes Research and Clinical Practice,0.6296,0.4074,0.4562,0.7
2012,Diabetic Medicine,0.4348,0.1087,0.128,0.7
2012,Diabetologia,0.7327,0.099,0.1321,0.7
2012,Digestive Diseases and Sciences,0.4167,0.0417,0.0598,0.7
2012,Disability and Rehabilitation,0.5,0.0,0.0,0.7
2012,Diseases of the Colon & Rectum,0.7091,0.0909,0.1319,0.7
2012,Drug Metabolism and Disposition,0.8148,0.2963,0.2929,0.7
2012,Drug and Alcohol Dependence,0.5435,0.1304,0.123,0.7
2012,EP Europace,1.2727,0.6364,0.7095,0.7
2012,Early Human Development,0.3913,0.0,0.0,0.7
2012,Emerging infectious diseases,1.0532,0.2872,0.331,0.7
2012,Endocrinology,0.9176,0.2471,0.2668,0.7
2012,Endoscopy,1.1373,0.3529,0.3778,0.7
2012,Epilepsia,0.971,0.1594,0.2041,0.7
2012,EuroIntervention,1.8,1.4,1.4482,0.7
2012,European Heart Journal,1.4194,0.7558,0.7751,0.7
2012,European Journal of Applied Physiology,0.3467,0.0133,0.0128,0.7
2012,European Journal of Cancer,0.881,0.2619,0.2881,0.7
2012,European Journal of Cardio-Thoracic Surgery,0.4545,0.0606,0.0992,0.7
2012,European Journal of Clinical Nutrition,0.8125,0.1562,0.2045,0.7
2012,European Journal of Endocrinology,0.46,0.1,0.1093,0.7
2012,European Journal of Heart Failure,0.7857,0.1786,0.1696,0.7
2012,European Journal of Medicinal Chemistry,0.4286,0.0476,0.0575,0.7
2012,European Journal of Neurology,0.8065,0.0968,0.1176,0.7
2012,European Journal of Nuclear Medicine and Molecular Imaging,0.625,0.0,0.0094,0.7
2012,European Journal of Obstetrics & Gynecology and Reproductive Biology,0.4762,0.0476,0.2007,0.7
2012,European Journal of Pharmacology,0.4167,0.0278,0.0469,0.7
2012,European Journal of Radiology,0.1852,0.0,0.0156,0.7
2012,European Journal of Vascular and Endovascular Surgery,0.6429,0.1786,0.1586,0.7
2012,European Radiology,1.08,0.66,0.6481,0.7
2012,European Respiratory Journal,0.6695,0.0763,0.1029,0.7
2012,European Spine Journal,0.1754,0.0351,0.0304,0.7
2012,European Urology,1.0,0.4444,0.4782,0.7
2012,Eurosurveillance,1.5625,0.75,0.8506,0.7
2012,Experimental Neurology,0.72,0.32,0.3409,0.7
2012,Fertility and Sterility,0.6953,0.1094,0.1529,0.7
2012,Food Chemistry,0.4065,0.0129,0.0146,0.7
2012,Food Research International,0.459,0.0164,0.0209,0.7
2012,Food and Chemical Toxicology,0.4286,0.0,0.0107,0.7
2012,Foot & Ankle International,0.35,0.0,0.0,0.7
2012,Free Radical Biology and Medicine,0.4773,0.0682,0.0675,0.7
2012,Gait & Posture,0.2174,0.0,0.0,0.7
2012,Gastroenterology,1.4449,0.6949,0.7242,0.7
2012,Gastrointestinal Endoscopy,0.7329,0.2055,0.1966,0.7
2012,Gut,1.0853,0.4186,0.4422,0.7
2012,Gynecologic Oncology,0.5,0.2586,0.2626,0.7
2012,Haematologica,0.6588,0.1529,0.1903,0.7
2012,Head & Neck,0.4815,0.2963,0.2889,0.7
2012,Headache The Journal of Head and Face Pain,0.6154,0.3462,0.3277,0.7
2012,Health Affairs,1.1304,0.5217,0.5403,0.7
2012,Health Psychology,0.5,0.0,0.0,0.7
2012,Health and Quality of Life Outcomes,0.6429,0.0357,0.0348,0.7
2012,Heart,0.7907,0.2326,0.2696,0.7
2012,Heart Rhythm,0.6707,0.1585,0.1606,0.7
2012,Hepatology,1.375,0.7148,0.7616,0.7
2012,Human Brain Mapping,1.2889,0.4667,0.4958,0.7
2012,Human Molecular Genetics,1.6765,1.0686,1.0681,0.7
2012,Human Mutation,0.88,0.44,0.44,0.7
2012,Human Pathology,0.6667,0.25,0.3031,0.7
2012,Human Reproduction,1.0,0.2759,0.3328,0.7
2012,Hypertension,0.8819,0.2222,0.2476,0.7
2012,IEEE Transactions on Biomedical Engineering,0.2647,0.0,0.0,0.7
2012,IEEE Transactions on Medical Imaging,0.6905,0.0476,0.1043,0.7
2012,Infection Control and Hospital Epidemiology,0.7778,0.2963,0.291,0.7
2012,Infection and Immunity,0.8409,0.25,0.2822,0.7
2012,Injury,0.119,0.0476,0.039,0.7
2012,Inorganic Chemistry,0.2917,0.0,0.0,0.7
2012,Intensive Care Medicine,0.75,0.0667,0.098,0.7
2012,International Journal of Behavioral Nutrition and Physical Activity,0.65,0.3,0.3322,0.7
2012,International Journal of Cancer,1.5,0.7959,0.8264,0.7
2012,International Journal of Cardiology,0.5862,0.0,0.0253,0.7
2012,International Journal of Epidemiology,0.6383,0.2128,0.2282,0.7
2012,International Journal of Obesity,0.8431,0.1961,0.2465,0.7
2012,International Journal of Pharmaceutics,0.2609,0.0,0.0,0.7
2012,International Journal of Radiation Oncology*Biology*Physics,0.5141,0.0621,0.0748,0.7
2012,International Journal of Sports Medicine,1.0,0.4286,0.5005,0.7
2012,International Orthopaedics,0.3333,0.0,0.0,0.7
2012,Investigative Ophthalmology & Visual Science,1.057,0.3772,0.4052,0.7
2012,JACC. Cardiovascular imaging,0.7209,0.0698,0.0816,0.7
2012,JACC: Cardiovascular Interventions,1.1389,0.6944,0.6968,0.7
2012,JAIDS Journal of Acquired Immune Deficiency Syndromes,1.0893,0.2321,0.2482,0.7
2012,JAMA,3.1864,1.8459,1.8983,0.7
2012,JNCI Journal of the National Cancer Institute,1.6782,0.6207,0.6566,0.7
2012,Journal of Abnormal Child Psychology,0.55,0.05,0.1311,0.7
2012,Journal of Affective Disorders,0.1395,0.0233,0.0226,0.7
2012,Journal of Agricultural and Food Chemistry,0.6847,0.1261,0.1235,0.7
2012,Journal of Allergy and Clinical Immunology,1.1761,0.3807,0.42,0.7
2012,Journal of Alzheimer s Disease,0.8438,0.1406,0.1649,0.7
2012,Journal of Antimicrobial Chemotherapy,1.0,0.5641,0.618,0.7
2012,Journal of Applied Physiology,1.0714,0.3929,0.4101,0.7
2012,Journal of Bacteriology,0.7727,0.0909,0.1263,0.7
2012,Journal of Biological Chemistry,1.0188,0.4247,0.4537,0.7
2012,Journal of Biomechanics,0.5312,0.0469,0.0558,0.7
2012,Journal of Bone and Joint Surgery,0.7849,0.1105,0.1244,0.7
2012,Journal of Bone and Joint Surgery - British Volume,1.2319,0.3188,0.3944,0.7
2012,Journal of Bone and Mineral Research,1.0968,0.5806,0.607,0.7
2012,Journal of Cardiac Failure,0.5909,0.0909,0.1483,0.7
2012,Journal of Cardiovascular Electrophysiology,1.069,0.2414,0.2467,0.7
2012,Journal of Cataract & Refractive Surgery,0.4655,0.1724,0.1477,0.7
2012,Journal of Cell Science,0.7241,0.1724,0.1965,0.7
2012,Journal of Cellular Physiology,0.8929,0.1786,0.2724,0.7
2012,Journal of Cerebral Blood Flow & Metabolism,0.931,0.1379,0.239,0.7
2012,Journal of Child Psychology and Psychiatry,0.7273,0.1818,0.2101,0.7
2012,Journal of Clinical Gastroenterology,0.8621,0.0,0.034,0.7
2012,Journal of Clinical Investigation,1.51,0.67,0.6997,0.7
2012,Journal of Clinical Microbiology,1.2906,0.6581,0.6973,0.7
2012,Journal of Clinical Nursing,0.1304,0.0,0.0,0.7
2012,Journal of Clinical Oncology,1.7958,0.8865,0.9354,0.7
2012,Journal of Controlled Release,0.1875,0.0,0.0,0.7
2012,Journal of Critical Care,0.3478,0.0,0.0,0.7
2012,Journal of Endourology,0.9,0.05,0.154,0.7
2012,Journal of Ethnopharmacology,0.1163,0.0,0.0,0.7
2012,Journal of Gastroenterology,0.3929,0.0357,0.0618,0.7
2012,Journal of Gastroenterology and Hepatology,0.7273,0.1364,0.168,0.7
2012,Journal of Gastrointestinal Surgery,0.3,0.0,0.0,0.7
2012,Journal of General Internal Medicine,0.8571,0.0714,0.144,0.7
2012,Journal of General Virology,0.9565,0.3478,0.3473,0.7
2012,Journal of Hepatology,1.0133,0.4,0.4379,0.7
2012,Journal of Hypertension,0.7143,0.0857,0.0727,0.7
2012,Journal of Investigative Dermatology,0.74,0.1,0.1046,0.7
2012,Journal of Lipid Research,0.8824,0.2059,0.2267,0.7
2012,Journal of Magnetic Resonance Imaging,0.8772,0.2105,0.2166,0.7
2012,Journal of Medicinal Chemistry,0.4085,0.0563,0.0875,0.7
2012,Journal of Molecular Biology,0.8333,0.0,0.033,0.7
2012,Journal of Molecular and Cellular Cardiology,0.8636,0.3636,0.3327,0.7
2012,Journal of Natural Products,0.2857,0.0,0.0,0.7
2012,Journal of Neuro-Oncology,0.5714,0.1786,0.2081,0.7
2012,Journal of Neurochemistry,0.8438,0.1875,0.2001,0.7
2012,Journal of Neuroinflammation,0.48,0.12,0.1103,0.7
2012,Journal of Neurology,0.3103,0.0,0.0053,0.7
2012,Journal of Neurology Neurosurgery & Psychiatry,1.0833,0.4667,0.491,0.7
2012,Journal of Neuroscience,1.6934,0.9858,1.0053,0.7
2012,Journal of Neurosurgery Spine,0.4651,0.0233,0.0337,0.7
2012,Journal of Neurotrauma,0.7671,0.2877,0.3033,0.7
2012,Journal of Nuclear Medicine,0.9412,0.2,0.2438,0.7
2012,Journal of Nutrition,0.6812,0.1159,0.141,0.7
2012,Journal of Oral and Maxillofacial Surgery,0.3333,0.0,0.0,0.7
2012,Journal of Orthopaedic Research®,0.5,0.0,0.0,0.7
2012,Journal of Orthopaedic Trauma,0.1892,0.0,0.0,0.7
2012,Journal of Orthopaedic and Sports Physical Therapy,0.5926,0.0,0.0701,0.7
2012,Journal of Pain,0.6,0.1,0.0951,0.7
2012,Journal of Pain and Symptom Management,0.3529,0.0,0.0,0.7
2012,Journal of Pediatric Gastroenterology and Nutrition,0.3043,0.0,0.0,0.7
2012,Journal of Pediatric Surgery,0.1,0.0,0.0,0.7
2012,Journal of Pharmacology and Experimental Therapeutics,0.8462,0.1282,0.1701,0.7
2012,Journal of Physical Activity and Health,1.0476,0.4286,0.4417,0.7
2012,Journal of Physics D Applied Physics,1.8333,1.125,1.1342,0.7
2012,Journal of Proteome Research,0.75,0.1,0.1589,0.7
2012,Journal of Psychiatric Research,0.85,0.0,0.0616,0.7
2012,Journal of Shoulder and Elbow Surgery,0.3846,0.0513,0.0592,0.7
2012,Journal of Sports Sciences,0.7391,0.2609,0.2723,0.7
2012,Journal of Surgical Oncology,0.4286,0.0,0.0,0.7
2012,Journal of Thoracic Oncology,0.988,0.4819,0.4982,0.7
2012,Journal of Thoracic and Cardiovascular Surgery,0.5728,0.0971,0.1081,0.7
2012,Journal of Thrombosis and Haemostasis,0.7778,0.2037,0.2368,0.7
2012,Journal of Vascular Surgery,0.5385,0.1154,0.1283,0.7
2012,Journal of Vascular and Interventional Radiology,0.5357,0.0714,0.0753,0.7
2012,Journal of Virology,1.2379,0.6008,0.6283,0.7
2012,Journal of Visualized Experiments,0.1818,0.0,0.0,0.7
2012,Journal of Women s Health,0.3462,0.0,0.0,0.7
2012,Journal of neurosurgery,0.4789,0.0282,0.0474,0.7
2012,Journal of science and medicine in sport,0.4783,0.0,0.0652,0.7
2012,Journal of the American Academy of Child & Adolescent Psychiatry,1.3824,0.4412,0.4775,0.7
2012,Journal of the American Academy of Dermatology,0.6716,0.0746,0.0997,0.7
2012,Journal of the American Chemical Society,0.5789,0.0132,0.0384,0.7
2012,Journal of the American College of Cardiology,1.7166,1.0211,1.0581,0.7
2012,Journal of the American College of Surgeons,0.9125,0.1625,0.1907,0.7
2012,Journal of the American Dietetic Association,0.9474,0.4474,0.4293,0.7
2012,Journal of the American Geriatrics Society,0.7021,0.1809,0.1813,0.7
2012,Journal of the American Society of Echocardiography,1.7209,0.6744,0.7039,0.7
2012,Journal of the American Society of Nephrology,0.8235,0.1681,0.1945,0.7
2012,Journal of the National Comprehensive Cancer Network,1.7619,0.381,0.523,0.7
2012,Journal of the Neurological Sciences,0.6667,0.2222,0.2074,0.7
2012,Kidney International,1.1786,0.4732,0.5061,0.7
2012,Knee Surgery Sports Traumatology Arthroscopy,0.5424,0.0678,0.1078,0.7
2012,Lara D. Veeken,0.7368,0.1053,0.1312,0.7
2012,Leukemia,1.3333,0.7727,0.8564,0.7
2012,Liver International,0.8261,0.4348,0.4687,0.7
2012,Liver Transplantation,0.5946,0.1892,0.1767,0.7
2012,Lung Cancer,0.3333,0.0952,0.1217,0.7
2012,Lupus,0.25,0.0,0.0,0.7
2012,Magnetic Resonance in Medicine,1.101,0.2929,0.3168,0.7
2012,Malaria Journal,1.3867,0.7333,0.7903,0.7
2012,Maternal and Child Health Journal,0.45,0.0,0.0292,0.7
2012,Mayo Clinic Proceedings,0.7037,0.2593,0.2545,0.7
2012,Medical Care,0.5217,0.0,0.0,0.7
2012,Medical Education,0.5556,0.0741,0.0829,0.7
2012,Medical Image Analysis,0.5909,0.0,0.0,0.7
2012,Medical Physics,1.0938,0.3125,0.3466,0.7
2012,Medical Teacher,0.8065,0.0968,0.1336,0.7
2012,Medicine & Science in Sports & Exercise,1.4911,0.6786,0.7101,0.7
2012,Menopause The Journal of The North American Menopause Society,0.5417,0.0833,0.0723,0.7
2012,Metabolism,0.8261,0.1739,0.2242,0.7
2012,Modern Pathology,0.7531,0.1975,0.2546,0.7
2012,Molecular & Cellular Proteomics,0.6429,0.1786,0.2604,0.7
2012,Molecular Biology of the Cell,1.6087,1.1304,1.1663,0.7
2012,Molecular Cancer,1.3448,0.3793,0.3961,0.7
2012,Molecular Cancer Therapeutics,1.3261,0.3913,0.441,0.7
2012,Molecular Cell,0.9756,0.3902,0.4328,0.7
2012,Molecular Microbiology,0.8,0.1,0.1353,0.7
2012,Molecular Psychiatry,0.8571,0.0952,0.1409,0.7
2012,Molecular Therapy,1.4583,0.75,0.8151,0.7
2012,Molecular and Cellular Biology,0.5833,0.2222,0.2062,0.7
2012,Molecules,0.2963,0.0,0.0,0.7
2012,Movement Disorders,0.798,0.101,0.1258,0.7
2012,Multiple Sclerosis Journal,0.8393,0.125,0.1696,0.7
2012,Muscle & Nerve,0.6,0.0,0.0896,0.7
2012,NMR in Biomedicine,1.15,0.4,0.581,0.7
2012,Nature,3.241,2.0843,2.1629,0.7
2012,Nature Biotechnology,2.3226,1.4839,1.4789,0.7
2012,Nature Cell Biology,4.4848,3.7879,3.7659,0.7
2012,Nature Chemical Biology,0.6538,0.1154,0.1167,0.7
2012,Nature Communications,1.0,0.56,0.5517,0.7
2012,Nature Genetics,2.0455,0.8091,0.901,0.7
2012,Nature Medicine,1.5333,0.5714,0.6024,0.7
2012,Nature Neuroscience,2.6207,1.4828,1.5041,0.7
2012,Nature Structural & Molecular Biology,1.3548,0.4194,0.5305,0.7
2012,Nephrology Dialysis Transplantation,0.4615,0.1111,0.1116,0.7
2012,Neuro-Oncology,1.0784,0.4902,0.5109,0.7
2012,NeuroImage,1.3846,0.6425,0.6977,0.7
2012,Neurobiology of Aging,1.4306,0.8611,0.9041,0.7
2012,Neurobiology of Disease,0.8974,0.4872,0.4767,0.7
2012,Neurogastroenterology & Motility,0.7619,0.0,0.0189,0.7
2012,Neurology,1.2268,0.4313,0.4658,0.7
2012,Neuron,3.1143,2.3143,2.3424,0.7
2012,Neuropsychology,1.1,0.3,0.3929,0.7
2012,Neuropsychopharmacology,0.7273,0.303,0.2703,0.7
2012,Neurorehabilitation and neural repair,0.4194,0.0,0.0,0.7
2012,Neuroscience,0.8485,0.3636,0.4089,0.7
2012,Neurosurgery,0.2466,0.0137,0.0202,0.7
2012,Neurosurgical FOCUS,0.8846,0.0,0.1032,0.7
2012,New England Journal of Medicine,4.3832,2.8122,2.8849,0.7
2012,Nicotine & Tobacco Research,0.72,0.36,0.3523,0.7
2012,Nucleic Acids Research,0.8611,0.1944,0.2008,0.7
2012,Nutrition & Metabolism,1.0,0.2609,0.2567,0.7
2012,Obesity,0.6618,0.1176,0.1167,0.7
2012,Obesity Surgery,0.7111,0.1778,0.2134,0.7
2012,Obstetrics and Gynecology,0.7634,0.1374,0.1417,0.7
2012,Oncogene,0.8621,0.2759,0.2773,0.7
2012,Ophthalmology,1.153,0.4317,0.4432,0.7
2012,Oral Oncology,0.087,0.0,0.0,0.7
2012,Osteoarthritis and Cartilage,0.9492,0.1017,0.1252,0.7
2012,Osteoporosis International,0.8727,0.2909,0.3234,0.7
2012,PEDIATRICS,0.9036,0.2008,0.222,0.7
2012,PLoS Biology,2.8696,2.3478,2.3892,0.7
2012,PLoS Genetics,0.8889,0.3333,0.3478,0.7
2012,PLoS Medicine,1.4737,0.6421,0.6918,0.7
2012,PLoS ONE,0.7188,0.2752,0.2914,0.7
2012,PLoS Pathogens,1.5,0.7105,0.7556,0.7
2012,PLoS neglected tropical diseases,0.95,0.3,0.3102,0.7
2012,Pain,0.6556,0.0596,0.0842,0.7
2012,Pain Medicine,0.3929,0.0,0.0,0.7
2012,Pancreas,0.5,0.0357,0.0383,0.7
2012,Parasites & Vectors,0.8846,0.3462,0.3246,0.7
2012,Patient Education and Counseling,0.25,0.0,0.0,0.7
2012,Pediatric Blood & Cancer,0.3571,0.0714,0.0714,0.7
2012,Physical Therapy,0.3556,0.0,0.0,0.7
2012,Physics in Medicine and Biology,0.7805,0.0732,0.0823,0.7
2012,Plastic & Reconstructive Surgery,0.3636,0.0,0.0016,0.7
2012,Preventive Medicine,0.4138,0.1034,0.1329,0.7
2012,Proceedings of the National Academy of Sciences,1.3093,0.5881,0.6168,0.7
2012,Psycho-Oncology,0.2955,0.0455,0.0407,0.7
2012,Psychological Medicine,0.5789,0.0789,0.0957,0.7
2012,Psychopharmacology,0.3636,0.0909,0.0852,0.7
2012,PubMed,0.5587,0.1331,0.1478,0.7
2012,Public Health Nutrition,0.4889,0.0444,0.058,0.7
2012,Quality of Life Research,0.2692,0.0,0.0,0.7
2012,Radiographics,0.1892,0.0,0.0086,0.7
2012,Radiology,0.9948,0.4404,0.4639,0.7
2012,Radiotherapy and Oncology,0.5294,0.0,0.0066,0.7
2012,Reproductive BioMedicine Online,0.5185,0.0741,0.153,0.7
2012,Respiratory Care,0.4,0.0,0.0,0.7
2012,Respiratory Medicine,0.3617,0.0213,0.0362,0.7
2012,Respiratory Research,0.8571,0.381,0.3645,0.7
2012,Resuscitation,2.0833,1.5278,1.5736,0.7
2012,Retina,0.6809,0.1064,0.136,0.7
2012,SLEEP,0.4545,0.0,0.0,0.7
2012,Scandinavian Journal of Medicine and Science in Sports,0.6,0.0,0.0169,0.7
2012,Schizophrenia Bulletin,0.625,0.0625,0.0878,0.7
2012,Schizophrenia Research,0.5556,0.037,0.1009,0.7
2012,Science,2.8281,1.7656,1.7715,0.7
2012,Science Translational Medicine,1.3218,0.8391,0.8469,0.7
2012,Social Science & Medicine,0.2069,0.0,0.0,0.7
2012,Spine,0.4345,0.0138,0.0186,0.7
2012,Stem Cells,1.2245,0.5714,0.6011,0.7
2012,Stem Cells and Development,0.8,0.1,0.2359,0.7
2012,Stroke,0.728,0.1839,0.2005,0.7
2012,Supportive Care in Cancer,0.4,0.0,0.0,0.7
2012,Surgery,0.5625,0.0625,0.0871,0.7
2012,Surgery for Obesity and Related Diseases,0.1935,0.0323,0.0232,0.7
2012,Surgical Endoscopy,0.7273,0.1136,0.1343,0.7
2012,The American Journal of Cardiology,0.7789,0.3053,0.3095,0.7
2012,The American Journal of Gastroenterology,0.8406,0.1449,0.1853,0.7
2012,The American Journal of Human Genetics,0.8723,0.1277,0.148,0.7
2012,The American Journal of Medicine,0.5641,0.0256,0.0256,0.7
2012,The American Journal of Sports Medicine,0.9559,0.25,0.2802,0.7
2012,The American Journal of Surgery,0.4688,0.0625,0.0649,0.7
2012,The American Journal of Surgical Pathology,1.2059,0.4706,0.4839,0.7
2012,The Annals of Thoracic Surgery,0.4135,0.1154,0.1081,0.7
2012,The British Journal of Psychiatry,0.5429,0.0571,0.0839,0.7
2012,The EMBO Journal,1.3621,0.931,0.9423,0.7
2012,The FASEB Journal,0.8194,0.2917,0.3008,0.7
2012,The Journal Of Hand Surgery,0.1739,0.0,0.0,0.7
2012,The Journal of Arthroplasty,0.4474,0.0263,0.0529,0.7
2012,The Journal of Cell Biology,2.7857,2.2857,2.3712,0.7
2012,The Journal of Clinical Endocrinology & Metabolism,1.1391,0.4172,0.4486,0.7
2012,The Journal of Clinical Psychiatry,0.4694,0.0,0.0031,0.7
2012,The Journal of Experimental Medicine,1.7262,0.8452,0.9051,0.7
2012,The Journal of Heart and Lung Transplantation,1.0312,0.1562,0.2143,0.7
2012,The Journal of Immunology,0.7978,0.1585,0.1863,0.7
2012,The Journal of Infectious Diseases,1.3642,0.5202,0.573,0.7
2012,The Journal of Maternal-Fetal & Neonatal Medicine,0.15,0.0,0.0,0.7
2012,The Journal of Pathology,1.0312,0.5625,0.6048,0.7
2012,The Journal of Pediatrics,0.6495,0.0825,0.0823,0.7
2012,The Journal of Physiology,0.8049,0.2195,0.2348,0.7
2012,The Journal of Rheumatology,0.4082,0.1429,0.1467,0.7
2012,The Journal of Sexual Medicine,0.8,0.0,0.0297,0.7
2012,The Journal of Strength and Conditioning Research,0.7597,0.1318,0.1771,0.7
2012,"The Journal of Trauma: Injury, Infection, and Critical Care",0.6404,0.1236,0.138,0.7
2012,The Journal of Urology,0.9353,0.1942,0.2303,0.7
2012,The Journals of Gerontology Series A,0.7727,0.1364,0.1831,0.7
2012,The Lancet,3.2559,2.1145,2.1789,0.7
2012,The Lancet Infectious Diseases,1.075,0.475,0.4444,0.7
2012,The Lancet Neurology,1.9841,1.127,1.168,0.7
2012,The Lancet Oncology,1.8739,1.1261,1.1714,0.7
2012,The Laryngoscope,0.4706,0.0588,0.061,0.7
2012,The Medical Journal of Australia,0.913,0.5217,0.4894,0.7
2012,The Oncologist,0.3077,0.0,0.0,0.7
2012,The Pediatric Infectious Disease Journal,0.8718,0.4103,0.436,0.7
2012,Thorax,1.0741,0.3148,0.344,0.7
2012,Thrombosis and Haemostasis,1.125,0.575,0.6962,0.7
2012,Thyroid,1.2051,0.3077,0.3647,0.7
2012,Tissue Engineering Part A,0.8868,0.5283,0.5523,0.7
2012,Transfusion,0.7188,0.0938,0.1082,0.7
2012,Transplantation,0.8235,0.2353,0.2702,0.7
2012,Ultrasound in Obstetrics and Gynecology,0.3158,0.0,0.0,0.7
2012,Unknown,1.375,0.5114,0.5394,0.7
2012,Urology,0.6667,0.0833,0.1323,0.7
2012,Vaccine,0.9429,0.1857,0.2453,0.7
2012,Virology,1.4783,0.5652,0.588,0.7
2012,World Journal of Gastroenterology,0.4286,0.0,0.021,0.7
2012,World Journal of Surgery,0.537,0.0,0.0225,0.7
2012,mBio,0.7826,0.3913,0.4209,0.7
2013,ACS Nano,0.2381,0.0,0.0,0.7
2013,AGE,0.5,0.1,0.1,0.7
2013,AIDS,1.1154,0.4038,0.4624,0.7
2013,AIDS and Behavior,0.3704,0.0,0.0,0.7
2013,Academic Emergency Medicine,0.3333,0.0,0.0147,0.7
2013,Academic Medicine,0.6389,0.1111,0.1121,0.7
2013,Acta Biomaterialia,0.2414,0.0,0.0123,0.7
2013,Acta Neuropathologica,1.5424,1.1186,1.1581,0.7
2013,Acta Orthopaedica,0.381,0.0,0.0,0.7
2013,Addiction,0.7708,0.3125,0.3231,0.7
2013,Addictive Behaviors,0.1538,0.0769,0.0605,0.7
2013,Age and Ageing,0.5,0.0833,0.077,0.7
2013,Aging Cell,0.8929,0.3571,0.4037,0.7
2013,Alcoholism Clinical and Experimental Research,0.3548,0.0645,0.0594,0.7
2013,Alimentary Pharmacology & Therapeutics,0.6296,0.1111,0.1497,0.7
2013,Allergy,0.9388,0.1633,0.2811,0.7
2013,Alzheimer s & Dementia,6.587,5.8696,5.9133,0.7
2013,American Heart Journal,1.1311,0.7377,0.7629,0.7
2013,American Journal Of Pathology,1.0759,0.3418,0.3952,0.7
2013,American Journal of Clinical Nutrition,1.0385,0.2462,0.2842,0.7
2013,American Journal of Clinical Pathology,1.4286,0.7619,0.7605,0.7
2013,American Journal of Epidemiology,0.6842,0.0877,0.1216,0.7
2013,American Journal of Hematology,0.2273,0.0,0.0581,0.7
2013,American Journal of Kidney Diseases,0.6269,0.1343,0.1804,0.7
2013,American Journal of Neuroradiology,0.6232,0.1304,0.1297,0.7
2013,American Journal of Obstetrics and Gynecology,0.9439,0.5234,0.5519,0.7
2013,American Journal of Ophthalmology,0.9789,0.3474,0.3985,0.7
2013,American Journal of Physiology-Endocrinology and Metabolism,0.7333,0.2,0.1807,0.7
2013,American Journal of Physiology-Gastrointestinal and Liver Physiology,1.087,0.3043,0.362,0.7
2013,American Journal of Physiology-Heart and Circulatory Physiology,0.8684,0.0526,0.1101,0.7
2013,American Journal of Preventive Medicine,1.2903,0.6613,0.7188,0.7
2013,American Journal of Psychiatry,1.3269,0.3077,0.3333,0.7
2013,American Journal of Public Health,0.5227,0.2045,0.2317,0.7
2013,American Journal of Respiratory Cell and Molecular Biology,0.64,0.04,0.0747,0.7
2013,American Journal of Respiratory and Critical Care Medicine,1.2216,0.4124,0.4776,0.7
2013,American Journal of Roentgenology,0.7531,0.1975,0.2573,0.7
2013,American Journal of Transplantation,1.0233,0.4031,0.4323,0.7
2013,American Journal of Tropical Medicine and Hygiene,1.1351,0.1351,0.2015,0.7
2013,Anaesthesia,0.5333,0.0667,0.133,0.7
2013,Anesthesia & Analgesia,0.4898,0.1429,0.1592,0.7
2013,Anesthesiology,0.8864,0.1477,0.1781,0.7
2013,Angewandte Chemie International Edition,0.3448,0.0,0.0,0.7
2013,Annals of Biomedical Engineering,0.9091,0.3636,0.3823,0.7
2013,Annals of Emergency Medicine,0.2571,0.0,0.0,0.7
2013,Annals of Internal Medicine,1.9737,1.0088,1.0474,0.7
2013,Annals of Neurology,1.4094,0.6614,0.7318,0.7
2013,Annals of Oncology,0.6062,0.1762,0.2181,0.7
2013,Annals of Surgery,0.8945,0.2156,0.2298,0.7
2013,Annals of Surgical Oncology,0.6894,0.1591,0.1812,0.7
2013,Annals of the Rheumatic Diseases,0.9574,0.1822,0.2299,0.7
2013,Antimicrobial Agents and Chemotherapy,0.9329,0.2752,0.3182,0.7
2013,Appetite,0.2308,0.0,0.0,0.7
2013,Applied and Environmental Microbiology,0.6486,0.1081,0.1402,0.7
2013,Archives of Dermatology,0.4231,0.0,0.0,0.7
2013,Archives of General Psychiatry,1.3846,0.3231,0.3913,0.7
2013,Archives of Internal Medicine,1.1696,0.3661,0.4016,0.7
2013,Archives of Neurology,1.7303,0.8989,0.9379,0.7
2013,Archives of Ophthalmology,0.9643,0.1786,0.2156,0.7
2013,Archives of Pediatrics and Adolescent Medicine,0.8529,0.1176,0.1277,0.7
2013,Archives of Physical Medicine and Rehabilitation,0.4194,0.0161,0.0161,0.7
2013,Archives of Surgery,1.1875,0.4167,0.4278,0.7
2013,Arteriosclerosis Thrombosis and Vascular Biology,0.8627,0.0588,0.0869,0.7
2013,Arthritis & Rheumatism,0.9596,0.2466,0.2618,0.7
2013,Arthritis Care & Research,0.5714,0.0519,0.0945,0.7
2013,Arthritis Research & Therapy,0.4937,0.0633,0.056,0.7
2013,Arthroscopy The Journal of Arthroscopic and Related Surgery,0.8281,0.1719,0.1783,0.7
2013,Atherosclerosis,0.6923,0.1795,0.221,0.7
2013,Autophagy,1.775,1.0125,1.0604,0.7
2013,BJOG An International Journal of Obstetrics & Gynaecology,0.9831,0.322,0.3668,0.7
2013,BMC Cancer,0.7143,0.0714,0.1168,0.7
2013,BMC Complementary and Alternative Medicine,0.1818,0.0,0.0,0.7
2013,BMC Gastroenterology,0.4,0.0,0.0,0.7
2013,BMC Genomics,0.5926,0.1111,0.1316,0.7
2013,BMC Health Services Research,0.4118,0.2059,0.2274,0.7
2013,BMC Infectious Diseases,0.56,0.0,0.0031,0.7
2013,BMC Medicine,0.7812,0.1875,0.2474,0.7
2013,BMC Musculoskeletal Disorders,0.25,0.0,0.0,0.7
2013,BMC Neurology,0.2692,0.0,0.0,0.7
2013,BMC Pediatrics,0.3636,0.0,0.0,0.7
2013,BMC Pregnancy and Childbirth,0.3636,0.0606,0.0517,0.7
2013,BMC Psychiatry,0.3182,0.0,0.0,0.7
2013,BMC Public Health,0.4248,0.1327,0.1345,0.7
2013,BMJ,1.5025,0.6382,0.6679,0.7
2013,BMJ Open,0.2727,0.0682,0.0732,0.7
2013,Basic Research in Cardiology,1.5,1.15,1.1932,0.7
2013,Biochemical Pharmacology,0.65,0.05,0.0574,0.7
2013,Biochemical and Biophysical Research Communications,0.7174,0.1522,0.1837,0.7
2013,Biochimica et Biophysica Acta (BBA) - Molecular Basis of Disease,0.75,0.25,0.25,0.7
2013,Biological Psychiatry,0.7761,0.2985,0.327,0.7
2013,Biology of Blood and Marrow Transplantation,0.4,0.0,0.0,0.7
2013,Biology of Reproduction,0.7241,0.1379,0.1563,0.7
2013,Biomaterials,0.5629,0.0596,0.0794,0.7
2013,Biophysical Journal,0.4,0.1,0.0718,0.7
2013,Blood,1.2057,0.4745,0.5102,0.7
2013,Bone,0.5849,0.1509,0.159,0.7
2013,Brain,1.453,0.779,0.8156,0.7
2013,Breast Cancer Research,0.7838,0.3514,0.3286,0.7
2013,Breast Cancer Research and Treatment,0.9524,0.2381,0.2735,0.7
2013,British Journal Of Nutrition,0.7703,0.2432,0.2469,0.7
2013,British Journal of Anaesthesia,0.8194,0.2778,0.2982,0.7
2013,British Journal of Cancer,0.8873,0.331,0.3468,0.7
2013,British Journal of Clinical Pharmacology,0.6087,0.0,0.0,0.7
2013,British Journal of Dermatology,0.6154,0.0308,0.0509,0.7
2013,British Journal of Haematology,0.44,0.04,0.0573,0.7
2013,British Journal of Ophthalmology,0.4375,0.0,0.045,0.7
2013,British Journal of Pharmacology,1.2927,0.4878,0.5353,0.7
2013,British Journal of Radiology,0.2609,0.0,0.0143,0.7
2013,British Journal of Sports Medicine,0.449,0.0612,0.0803,0.7
2013,British Journal of Urology,0.7465,0.1268,0.1716,0.7
2013,British journal of surgery,0.7297,0.1216,0.178,0.7
2013,Bulletin of the World Health Organization,0.95,0.2,0.2832,0.7
2013,CHEST Journal,1.8462,1.2385,1.2779,0.7
2013,Canadian Medical Association Journal,0.6,0.15,0.1786,0.7
2013,Cancer,0.7282,0.1602,0.1944,0.7
2013,Cancer Cell,1.9362,0.9787,1.0657,0.7
2013,Cancer Discovery,0.9444,0.6111,0.6108,0.7
2013,Cancer Epidemiology Biomarkers & Prevention,1.0645,0.2419,0.2641,0.7
2013,Cancer Letters,0.6087,0.1304,0.1758,0.7
2013,Cancer Prevention Research,1.2692,0.1923,0.2319,0.7
2013,Cancer Research,1.0388,0.4223,0.4539,0.7
2013,Carcinogenesis,0.3333,0.0,0.0,0.7
2013,Cardiovascular Research,0.5758,0.0303,0.0785,0.7
2013,Cell,2.1863,1.3725,1.4016,0.7
2013,Cell Cycle,0.6,0.1,0.1384,0.7
2013,Cell Death and Differentiation,0.9545,0.3182,0.3828,0.7
2013,Cell Death and Disease,0.875,0.0417,0.061,0.7
2013,Cell Host & Microbe,1.0256,0.3846,0.4223,0.7
2013,Cell Metabolism,1.8125,0.9875,1.0106,0.7
2013,Cell stem cell,1.7826,0.5435,0.6457,0.7
2013,Cerebral Cortex,0.8205,0.1538,0.2501,0.7
2013,Chemistry & Biology,0.5769,0.0769,0.1349,0.7
2013,Circulation,2.2296,1.5117,1.5475,0.7
2013,Circulation Arrhythmia and Electrophysiology,0.8507,0.2836,0.3409,0.7
2013,Circulation Cardiovascular Imaging,0.7586,0.3276,0.3497,0.7
2013,Circulation Cardiovascular Interventions,0.9459,0.3243,0.3393,0.7
2013,Circulation Cardiovascular Quality and Outcomes,1.08,0.6,0.611,0.7
2013,Circulation Heart Failure,0.7885,0.1346,0.1974,0.7
2013,Circulation Journal,0.4286,0.0,0.0,0.7
2013,Circulation Research,0.978,0.2527,0.2903,0.7
2013,Clinical & Experimental Allergy,0.3871,0.0645,0.0992,0.7
2013,Clinical Cancer Research,1.0356,0.5125,0.5437,0.7
2013,Clinical Chemistry,1.575,0.8,0.8005,0.7
2013,Clinical Endocrinology,0.5,0.0938,0.1384,0.7
2013,Clinical Gastroenterology and Hepatology,1.0857,0.4571,0.4864,0.7
2013,Clinical Infectious Diseases,1.2083,0.4722,0.5138,0.7
2013,Clinical Journal of the American Society of Nephrology,0.6218,0.1597,0.1755,0.7
2013,Clinical Microbiology and Infection,0.75,0.125,0.1496,0.7
2013,Clinical Nutrition,0.6552,0.1034,0.0859,0.7
2013,Clinical Orthopaedics and Related Research,0.4741,0.1207,0.1526,0.7
2013,Clinical Pharmacology & Therapeutics,1.1481,0.2593,0.3629,0.7
2013,Cornea,0.5926,0.1852,0.1713,0.7
2013,Critical Care,0.8397,0.229,0.2756,0.7
2013,Critical Care Medicine,0.8069,0.3034,0.3202,0.7
2013,Cytokine,0.1818,0.0,0.0,0.7
2013,Development,1.2222,0.3333,0.3796,0.7
2013,Developmental Cell,2.1,1.3,1.355,0.7
2013,Developmental Medicine & Child Neurology,0.4516,0.0,0.0,0.7
2013,Diabetes,0.7076,0.1111,0.1465,0.7
2013,Diabetes Care,1.043,0.319,0.3824,0.7
2013,Diabetes Obesity and Metabolism,1.25,0.75,0.8,0.7
2013,Diabetes Research and Clinical Practice,0.75,0.1667,0.2642,0.7
2013,Diabetic Medicine,0.8947,0.3158,0.3644,0.7
2013,Diabetologia,1.0632,0.2526,0.2845,0.7
2013,Digestive Diseases and Sciences,0.1538,0.0,0.0,0.7
2013,Diseases of the Colon & Rectum,0.5962,0.0577,0.1006,0.7
2013,Drug Metabolism and Disposition,1.125,0.3333,0.4787,0.7
2013,Drug and Alcohol Dependence,0.675,0.1,0.1124,0.7
2013,EMBO Molecular Medicine,0.6818,0.3182,0.3416,0.7
2013,EP Europace,1.3333,1.1389,1.1592,0.7
2013,Emerging infectious diseases,1.2073,0.4756,0.4566,0.7
2013,Endocrinology,1.1266,0.5316,0.5618,0.7
2013,Endoscopy,0.8627,0.3333,0.3726,0.7
2013,Epilepsia,0.4737,0.0263,0.0484,0.7
2013,European Heart Journal,2.3805,1.7951,1.815,0.7
2013,European Journal of Applied Physiology,0.7317,0.2195,0.2133,0.7
2013,European Journal of Cancer,0.7391,0.2283,0.2741,0.7
2013,European Journal of Cardio-Thoracic Surgery,0.7273,0.2955,0.3321,0.7
2013,European Journal of Clinical Nutrition,0.56,0.0,0.0,0.7
2013,European Journal of Endocrinology,0.9615,0.0769,0.1237,0.7
2013,European Journal of Heart Failure,0.9123,0.3684,0.3632,0.7
2013,European Journal of Neurology,0.5,0.1,0.1166,0.7
2013,European Journal of Nuclear Medicine and Molecular Imaging,0.8889,0.3333,0.3866,0.7
2013,European Journal of Obstetrics & Gynecology and Reproductive Biology,0.1905,0.0,0.0,0.7
2013,European Journal of Pharmacology,0.5769,0.0,0.0,0.7
2013,European Journal of Preventive Cardiology,0.45,0.15,0.15,0.7
2013,European Journal of Radiology,0.4571,0.1714,0.1626,0.7
2013,European Radiology,0.8676,0.3824,0.4284,0.7
2013,European Respiratory Journal,0.7574,0.3088,0.3182,0.7
2013,European Spine Journal,0.22,0.0,0.0,0.7
2013,European Urology,1.0171,0.4114,0.4248,0.7
2013,Eurosurveillance,1.0476,0.381,0.4195,0.7
2013,Evidence-based Complementary and Alternative Medicine,0.2727,0.0455,0.0661,0.7
2013,Experimental Neurology,0.7632,0.4211,0.4405,0.7
2013,Fertility and Sterility,0.5682,0.0833,0.1075,0.7
2013,Food Chemistry,0.5399,0.1227,0.1448,0.7
2013,Food Research International,0.6545,0.1091,0.1405,0.7
2013,Food and Chemical Toxicology,0.4828,0.1379,0.1939,0.7
2013,Foot & Ankle International,0.4231,0.0,0.0,0.7
2013,Free Radical Biology and Medicine,0.9302,0.0465,0.1114,0.7
2013,Frontiers in Neurology,0.8095,0.2857,0.3565,0.7
2013,Frontiers in Physiology,0.1333,0.0444,0.0526,0.7
2013,Gastroenterology,1.2742,0.4839,0.5445,0.7
2013,Gastrointestinal Endoscopy,0.7154,0.1231,0.1669,0.7
2013,Genetics in Medicine,1.9545,1.3182,1.3395,0.7
2013,Gut,1.2239,0.3284,0.3674,0.7
2013,Gynecologic Oncology,0.6353,0.1529,0.1681,0.7
2013,Haematologica,0.5875,0.15,0.1761,0.7
2013,Headache The Journal of Head and Face Pain,0.3043,0.0,0.0234,0.7
2013,Health Affairs,0.45,0.05,0.1426,0.7
2013,Health Psychology,0.4167,0.0,0.0,0.7
2013,Health and Quality of Life Outcomes,0.25,0.0,0.0,0.7
2013,Heart,1.1356,0.6102,0.6196,0.7
2013,Heart Rhythm,1.2911,0.7468,0.7831,0.7
2013,Hepatology,1.3487,0.6092,0.6624,0.7
2013,Human Brain Mapping,1.4359,0.6923,0.7507,0.7
2013,Human Molecular Genetics,1.5488,1.0366,1.0371,0.7
2013,Human Pathology,0.8095,0.2857,0.3386,0.7
2013,Human Reproduction,0.9276,0.2632,0.3357,0.7
2013,Hypertension,0.9517,0.3793,0.4054,0.7
2013,IEEE Transactions on Biomedical Engineering,0.3158,0.0263,0.0377,0.7
2013,IEEE Transactions on Medical Imaging,0.4615,0.1282,0.1266,0.7
2013,Immunity,0.8276,0.1724,0.2012,0.7
2013,Infection Control and Hospital Epidemiology,0.8182,0.0,0.056,0.7
2013,Infection and Immunity,0.7429,0.0286,0.0954,0.7
2013,Injury,0.4545,0.0303,0.0801,0.7
2013,Inorganic Chemistry,1.1,0.45,0.433,0.7
2013,Intensive Care Medicine,0.6452,0.1935,0.2043,0.7
2013,International Journal of Behavioral Nutrition and Physical Activity,0.6944,0.2222,0.2306,0.7
2013,International Journal of Cancer,0.9579,0.3263,0.3194,0.7
2013,International Journal of Cardiology,0.3261,0.0435,0.0907,0.7
2013,International Journal of Epidemiology,0.6,0.02,0.0612,0.7
2013,International Journal of Molecular Sciences,0.24,0.0,0.0,0.7
2013,International Journal of Nursing Studies,0.2381,0.0,0.0,0.7
2013,International Journal of Obesity,1.0851,0.383,0.4076,0.7
2013,International Journal of Pharmaceutics,0.3929,0.0,0.0,0.7
2013,International Journal of Radiation Oncology*Biology*Physics,0.6016,0.0732,0.0766,0.7
2013,International Journal of Sports Medicine,0.35,0.0,0.0,0.7
2013,International Orthopaedics,0.5769,0.0,0.0443,0.7
2013,Investigative Ophthalmology & Visual Science,0.93,0.465,0.4912,0.7
2013,JACC. Cardiovascular imaging,1.0,0.4528,0.4408,0.7
2013,JACC: Cardiovascular Interventions,1.3291,0.8861,0.9084,0.7
2013,JAIDS Journal of Acquired Immune Deficiency Syndromes,0.7174,0.3043,0.3493,0.7
2013,JAMA,2.3106,1.3276,1.3864,0.7
2013,JNCI Journal of the National Cancer Institute,1.6625,0.7125,0.7849,0.7
2013,Journal of Abnormal Child Psychology,0.55,0.05,0.1282,0.7
2013,Journal of Affective Disorders,0.4167,0.0,0.0347,0.7
2013,Journal of Agricultural and Food Chemistry,0.6306,0.027,0.0469,0.7
2013,Journal of Allergy and Clinical Immunology,1.2171,0.3429,0.4184,0.7
2013,Journal of Alzheimer s Disease,0.5517,0.069,0.0671,0.7
2013,Journal of Antimicrobial Chemotherapy,0.5128,0.1282,0.1449,0.7
2013,Journal of Applied Physiology,0.6596,0.1702,0.1989,0.7
2013,Journal of Bacteriology,0.55,0.15,0.1479,0.7
2013,Journal of Biological Chemistry,1.0523,0.4477,0.4828,0.7
2013,Journal of Biomechanics,0.5094,0.0,0.0379,0.7
2013,Journal of Bone and Joint Surgery,0.4857,0.0286,0.0371,0.7
2013,Journal of Bone and Joint Surgery - British Volume,1.0,0.2414,0.2644,0.7
2013,Journal of Bone and Mineral Research,0.9381,0.292,0.3173,0.7
2013,Journal of Cardiac Failure,0.6667,0.0476,0.0983,0.7
2013,Journal of Cardiovascular Electrophysiology,1.5,0.5714,0.6697,0.7
2013,Journal of Cardiovascular Magnetic Resonance,1.1724,0.8621,0.9765,0.7
2013,Journal of Cataract & Refractive Surgery,0.7119,0.1186,0.1632,0.7
2013,Journal of Cell Science,1.0357,0.25,0.3141,0.7
2013,Journal of Cellular Biochemistry,0.7143,0.2857,0.3222,0.7
2013,Journal of Cerebral Blood Flow & Metabolism,0.6071,0.2143,0.2235,0.7
2013,Journal of Child Psychology and Psychiatry,0.3636,0.0,0.0,0.7
2013,Journal of Clinical Investigation,1.2683,0.5463,0.5756,0.7
2013,Journal of Clinical Microbiology,1.0784,0.3529,0.3893,0.7
2013,Journal of Clinical Oncology,1.9147,0.9799,1.0495,0.7
2013,Journal of Consulting and Clinical Psychology,0.6,0.05,0.0382,0.7
2013,Journal of Controlled Release,0.2667,0.0,0.0,0.7
2013,Journal of Ethnopharmacology,0.325,0.0,0.0,0.7
2013,Journal of Functional Foods,1.25,0.55,0.6461,0.7
2013,Journal of Gastroenterology,0.4444,0.1111,0.0907,0.7
2013,Journal of Gastrointestinal Surgery,0.4667,0.1111,0.1279,0.7
2013,Journal of General Internal Medicine,0.7727,0.3182,0.3182,0.7
2013,Journal of General Virology,0.5,0.1818,0.2102,0.7
2013,Journal of Hepatology,0.8581,0.2905,0.3164,0.7
2013,Journal of Hypertension,0.75,0.1429,0.1886,0.7
2013,Journal of Investigative Dermatology,0.4483,0.1034,0.0938,0.7
2013,Journal of Lipid Research,0.4483,0.0345,0.0345,0.7
2013,Journal of Magnetic Resonance Imaging,0.9556,0.2667,0.3099,0.7
2013,Journal of Medicinal Chemistry,0.5513,0.1538,0.1772,0.7
2013,Journal of Natural Products,0.25,0.0,0.0,0.7
2013,Journal of Neuro-Oncology,0.1786,0.0357,0.0279,0.7
2013,Journal of Neuroinflammation,0.5294,0.2353,0.2603,0.7
2013,Journal of Neurology,0.5172,0.1379,0.1475,0.7
2013,Journal of Neurology Neurosurgery & Psychiatry,0.7941,0.2059,0.2304,0.7
2013,Journal of Neuroscience,1.3899,0.656,0.678,0.7
2013,Journal of Neurosurgery Spine,0.5,0.0,0.0013,0.7
2013,Journal of Neurotrauma,1.1184,0.3553,0.4152,0.7
2013,Journal of Nuclear Medicine,1.0,0.5,0.5415,0.7
2013,Journal of Nutrition,0.7857,0.1429,0.136,0.7
2013,Journal of Orthopaedic Research®,0.6538,0.0,0.0,0.7
2013,Journal of Orthopaedic Trauma,0.3214,0.0,0.0,0.7
2013,Journal of Orthopaedic and Sports Physical Therapy,0.7097,0.0645,0.1077,0.7
2013,Journal of Pain,0.4348,0.1087,0.0999,0.7
2013,Journal of Pain and Symptom Management,0.2903,0.0,0.0,0.7
2013,Journal of Pediatric Gastroenterology and Nutrition,0.48,0.12,0.2085,0.7
2013,Journal of Pediatric Surgery,0.2857,0.0952,0.0776,0.7
2013,Journal of Pharmacology and Experimental Therapeutics,0.6667,0.1212,0.0992,0.7
2013,Journal of Shoulder and Elbow Surgery,0.4366,0.0986,0.0986,0.7
2013,Journal of Sports Sciences,0.7037,0.1481,0.1526,0.7
2013,Journal of Thoracic Oncology,1.4556,0.8222,0.865,0.7
2013,Journal of Thoracic and Cardiovascular Surgery,0.7154,0.2358,0.2479,0.7
2013,Journal of Thrombosis and Haemostasis,0.9423,0.3654,0.4098,0.7
2013,Journal of Translational Medicine,0.75,0.0714,0.082,0.7
2013,Journal of Vascular Surgery,0.4773,0.0227,0.0234,0.7
2013,Journal of Vascular and Interventional Radiology,0.6522,0.0435,0.1344,0.7
2013,Journal of Virology,0.8489,0.2489,0.2745,0.7
2013,Journal of Visualized Experiments,0.25,0.125,0.0983,0.7
2013,Journal of Women s Health,0.5238,0.2381,0.232,0.7
2013,Journal of neurosurgery,0.4861,0.0694,0.0648,0.7
2013,Journal of science and medicine in sport,0.4815,0.1111,0.114,0.7
2013,Journal of the Academy of Nutrition and Dietetics,0.2143,0.0357,0.0357,0.7
2013,Journal of the American Academy of Dermatology,0.6308,0.0154,0.0267,0.7
2013,Journal of the American Chemical Society,0.5132,0.1842,0.1987,0.7
2013,Journal of the American College of Cardiology,1.9658,1.3485,1.4018,0.7
2013,Journal of the American College of Surgeons,1.0,0.2632,0.2926,0.7
2013,Journal of the American Geriatrics Society,0.5465,0.0814,0.0864,0.7
2013,Journal of the American Society of Echocardiography,1.6452,0.871,0.9492,0.7
2013,Journal of the American Society of Nephrology,1.1129,0.5161,0.5416,0.7
2013,Journal of the European Academy of Dermatology and Venereology,0.3333,0.0,0.0,0.7
2013,Journal of the International Neuropsychological Society,0.6667,0.0952,0.1108,0.7
2013,Journal of the National Comprehensive Cancer Network,1.087,0.3913,0.4719,0.7
2013,Journal of the Neurological Sciences,0.6429,0.1071,0.1019,0.7
2013,Kidney International,1.0562,0.3596,0.4247,0.7
2013,Knee Surgery Sports Traumatology Arthroscopy,0.3521,0.0704,0.0631,0.7
2013,LWT,0.5,0.0,0.003,0.7
2013,Laboratory Investigation,0.3636,0.0,0.0622,0.7
2013,Lara D. Veeken,0.322,0.0339,0.0444,0.7
2013,Leukemia,0.7717,0.337,0.3553,0.7
2013,Liver International,0.75,0.3333,0.3313,0.7
2013,Liver Transplantation,0.4828,0.069,0.0516,0.7
2013,Lung Cancer,0.3929,0.1429,0.1669,0.7
2013,Lupus,0.4762,0.0,0.0,0.7
2013,Magnetic Resonance in Medicine,0.9885,0.4138,0.4326,0.7
2013,Malaria Journal,1.8167,0.85,0.9015,0.7
2013,Maternal and Child Health Journal,0.1905,0.0,0.0,0.7
2013,Mayo Clinic Proceedings,0.5,0.1471,0.1811,0.7
2013,Medical Education,0.4359,0.0,0.0,0.7
2013,Medical Physics,0.8421,0.1316,0.1291,0.7
2013,Medical Teacher,0.2188,0.0,0.0,0.7
2013,Medicine & Science in Sports & Exercise,1.6667,0.8254,0.8647,0.7
2013,Menopause The Journal of The North American Menopause Society,0.6154,0.0,0.031,0.7
2013,Metabolism,0.7391,0.3043,0.3179,0.7
2013,Methods in molecular biology,0.2069,0.0,0.0,0.7
2013,Modern Pathology,1.0513,0.5128,0.5378,0.7
2013,Molecular & Cellular Proteomics,0.7273,0.0909,0.0926,0.7
2013,Molecular Cancer Therapeutics,1.075,0.4,0.4171,0.7
2013,Molecular Cell,1.4773,0.7727,0.8325,0.7
2013,Molecular Neurodegeneration,1.125,0.375,0.4395,0.7
2013,Molecular Nutrition & Food Research,0.4545,0.1364,0.148,0.7
2013,Molecular Psychiatry,0.9259,0.2963,0.2988,0.7
2013,Molecular Therapy,0.75,0.2917,0.318,0.7
2013,Molecular and Cellular Biology,0.871,0.1613,0.2377,0.7
2013,Molecules,0.2727,0.0,0.0,0.7
2013,Movement Disorders,0.8861,0.1646,0.2144,0.7
2013,Multiple Sclerosis Journal,0.6964,0.25,0.2807,0.7
2013,Muscle & Nerve,0.5238,0.0,0.0106,0.7
2013,Nature,3.0057,2.0977,2.144,0.7
2013,Nature Biotechnology,1.3929,0.6071,0.6572,0.7
2013,Nature Cell Biology,2.5946,1.7838,1.9012,0.7
2013,Nature Chemical Biology,1.2812,0.5,0.5976,0.7
2013,Nature Communications,1.0784,0.3529,0.365,0.7
2013,Nature Genetics,1.6545,0.8273,0.9138,0.7
2013,Nature Medicine,1.4651,0.6822,0.7757,0.7
2013,Nature Neuroscience,3.3333,2.4815,2.5278,0.7
2013,Nature Structural & Molecular Biology,1.2414,0.5862,0.5773,0.7
2013,Nephrology Dialysis Transplantation,0.5053,0.1474,0.1448,0.7
2013,Neuro-Oncology,0.8421,0.2281,0.2703,0.7
2013,NeuroImage,1.5587,0.7821,0.8395,0.7
2013,Neurobiology of Aging,0.6308,0.2769,0.2698,0.7
2013,Neurobiology of Disease,1.2,0.475,0.5965,0.7
2013,Neurogastroenterology & Motility,0.75,0.2,0.25,0.7
2013,Neurology,1.0556,0.3333,0.3821,0.7
2013,Neuron,5.5333,4.9,4.9168,0.7
2013,Neuropsychopharmacology,0.6667,0.3077,0.2881,0.7
2013,Neurorehabilitation and neural repair,0.4286,0.0714,0.0564,0.7
2013,Neuroscience,0.9655,0.2414,0.288,0.7
2013,Neurosurgery,0.5412,0.0588,0.0646,0.7
2013,New England Journal of Medicine,4.6333,3.3863,3.478,0.7
2013,Nicotine & Tobacco Research,0.8276,0.3793,0.4194,0.7
2013,Nucleic Acids Research,0.8857,0.2286,0.2507,0.7
2013,Nutrition & Metabolism,0.5833,0.0,0.0023,0.7
2013,Nutrition Journal,0.25,0.0,0.0,0.7
2013,Obesity,1.0222,0.2444,0.2843,0.7
2013,Obesity Surgery,0.4651,0.1163,0.1141,0.7
2013,Obstetrics and Gynecology,1.0323,0.2097,0.2764,0.7
2013,Oncogene,0.8352,0.0769,0.1321,0.7
2013,Ophthalmology,1.0973,0.4649,0.4945,0.7
2013,Oral Oncology,0.2,0.0,0.0,0.7
2013,Osteoarthritis and Cartilage,0.5614,0.0175,0.032,0.7
2013,Osteoporosis International,0.902,0.2353,0.2878,0.7
2013,PEDIATRICS,0.6694,0.0898,0.108,0.7
2013,PLoS Genetics,1.0656,0.377,0.4095,0.7
2013,PLoS Medicine,1.3736,0.4615,0.5195,0.7
2013,PLoS ONE,0.6352,0.1772,0.2075,0.7
2013,PLoS Pathogens,0.8472,0.1759,0.1949,0.7
2013,PLoS neglected tropical diseases,0.7184,0.068,0.0858,0.7
2013,Pain,0.7059,0.0756,0.1179,0.7
2013,Pain Medicine,2.1739,1.5652,1.6674,0.7
2013,Pain Physician,2.4167,2.2083,2.2068,0.7
2013,Pancreas,1.28,0.52,0.6034,0.7
2013,Parasites & Vectors,0.9677,0.2903,0.3055,0.7
2013,Pediatric Blood & Cancer,0.5517,0.1379,0.1531,0.7
2013,Physical Therapy,0.5294,0.0,0.0155,0.7
2013,Physics in Medicine and Biology,1.1111,0.2,0.2382,0.7
2013,Plasma Sources Science and Technology,0.8261,0.1304,0.2624,0.7
2013,Plastic & Reconstructive Surgery,0.5978,0.1304,0.156,0.7
2013,Preventive Medicine,0.6,0.0857,0.099,0.7
2013,Proceedings of the National Academy of Sciences,1.2016,0.496,0.5266,0.7
2013,Psycho-Oncology,0.1,0.0,0.0,0.7
2013,Psychological Medicine,0.4878,0.0244,0.0523,0.7
2013,Psychopharmacology,0.8148,0.1481,0.146,0.7
2013,PubMed,0.603,0.2263,0.2451,0.7
2013,Public Health Nutrition,0.4706,0.1176,0.1596,0.7
2013,Quality of Life Research,0.3333,0.0,0.0,0.7
2013,Radiographics,0.1429,0.0,0.0,0.7
2013,Radiology,0.6897,0.2463,0.2625,0.7
2013,Radiotherapy and Oncology,0.6053,0.0789,0.1216,0.7
2013,Regional Anesthesia & Pain Medicine,0.4348,0.1304,0.1278,0.7
2013,Reproductive BioMedicine Online,0.4231,0.0,0.0,0.7
2013,Respiratory Medicine,0.4038,0.0192,0.0192,0.7
2013,Resuscitation,0.4915,0.0508,0.055,0.7
2013,Retina,1.4082,0.6939,0.7215,0.7
2013,SLEEP,0.973,0.0811,0.1025,0.7
2013,Scandinavian Journal of Medicine and Science in Sports,0.6429,0.1429,0.1322,0.7
2013,Schizophrenia Bulletin,0.7105,0.2368,0.2871,0.7
2013,Schizophrenia Research,0.625,0.0625,0.1295,0.7
2013,Science,2.7611,1.8319,1.8929,0.7
2013,Science Translational Medicine,2.0196,1.3333,1.3728,0.7
2013,Scientific Reports,0.5455,0.2121,0.2167,0.7
2013,Social Science & Medicine,0.3939,0.0303,0.0213,0.7
2013,Spine,0.6786,0.1875,0.1923,0.7
2013,Stem Cells,0.7018,0.1754,0.2075,0.7
2013,Stem Cells and Development,0.8788,0.2121,0.199,0.7
2013,Stroke,0.7178,0.1452,0.1579,0.7
2013,Supportive Care in Cancer,0.2759,0.0,0.0,0.7
2013,Surgery,0.6111,0.1111,0.158,0.7
2013,Surgery for Obesity and Related Diseases,0.7778,0.25,0.3412,0.7
2013,Surgical Endoscopy,0.5833,0.125,0.1658,0.7
2013,The American Journal of Cardiology,1.2647,0.6863,0.6915,0.7
2013,The American Journal of Gastroenterology,1.2018,0.386,0.4101,0.7
2013,The American Journal of Human Genetics,1.02,0.26,0.3135,0.7
2013,The American Journal of Medicine,0.6341,0.0976,0.115,0.7
2013,The American Journal of Sports Medicine,0.9807,0.2415,0.2491,0.7
2013,The American Journal of Surgery,0.5333,0.0,0.0,0.7
2013,The American Journal of Surgical Pathology,0.9286,0.3163,0.3437,0.7
2013,The Annals of Thoracic Surgery,0.386,0.0526,0.0731,0.7
2013,The British Journal of Psychiatry,0.75,0.0556,0.0766,0.7
2013,The EMBO Journal,1.6182,0.7091,0.757,0.7
2013,The FASEB Journal,0.873,0.127,0.1775,0.7
2013,The Journal Of Hand Surgery,0.1,0.0,0.0,0.7
2013,The Journal of Arthroplasty,0.1795,0.0256,0.0367,0.7
2013,The Journal of Cell Biology,1.2353,0.6765,0.7489,0.7
2013,The Journal of Clinical Endocrinology & Metabolism,1.1285,0.4232,0.4929,0.7
2013,The Journal of Clinical Psychiatry,0.8,0.1143,0.132,0.7
2013,The Journal of Experimental Medicine,2.023,1.0345,1.0589,0.7
2013,The Journal of Heart and Lung Transplantation,0.8421,0.0526,0.0798,0.7
2013,The Journal of Immunology,0.7165,0.063,0.1356,0.7
2013,The Journal of Infectious Diseases,0.8736,0.2529,0.256,0.7
2013,The Journal of Maternal-Fetal & Neonatal Medicine,0.5,0.1818,0.157,0.7
2013,The Journal of Nutritional Biochemistry,0.2,0.05,0.0353,0.7
2013,The Journal of Pathology,1.3667,0.5667,0.708,0.7
2013,The Journal of Pediatrics,0.567,0.0928,0.1051,0.7
2013,The Journal of Physiology,0.6481,0.1111,0.1067,0.7
2013,The Journal of Rheumatology,0.8,0.0,0.0086,0.7
2013,The Journal of Sexual Medicine,0.2941,0.0,0.0,0.7
2013,The Journal of Strength and Conditioning Research,0.6105,0.1263,0.1571,0.7
2013,"The Journal of Trauma: Injury, Infection, and Critical Care",0.4947,0.1263,0.1455,0.7
2013,The Journal of Urology,0.9682,0.4713,0.4937,0.7
2013,The Journals of Gerontology Series A,0.9245,0.283,0.3384,0.7
2013,The Lancet,2.4718,1.4225,1.4667,0.7
2013,The Lancet Infectious Diseases,2.3913,1.1739,1.2616,0.7
2013,The Lancet Neurology,1.9365,1.1429,1.1798,0.7
2013,The Lancet Oncology,2.0979,1.2797,1.3216,0.7
2013,The Laryngoscope,0.3404,0.0,0.0271,0.7
2013,The Medical Journal of Australia,0.6429,0.1429,0.123,0.7
2013,The Oncologist,0.4255,0.0851,0.0882,0.7
2013,The Pediatric Infectious Disease Journal,0.4167,0.0,0.0159,0.7
2013,The Spine Journal,0.4783,0.3478,0.3478,0.7
2013,Thorax,1.1224,0.4082,0.4266,0.7
2013,Thrombosis and Haemostasis,2.5333,2.0667,2.1767,0.7
2013,Thyroid,1.1628,0.4884,0.5294,0.7
2013,Tissue Engineering Part A,1.0,0.25,0.3772,0.7
2013,Transfusion,0.4,0.0,0.0,0.7
2013,Transplantation,0.6909,0.0727,0.1331,0.7
2013,Ultrasound in Obstetrics and Gynecology,0.6061,0.0909,0.1457,0.7
2013,Unknown,1.4778,0.6111,0.6351,0.7
2013,Urology,0.6579,0.2368,0.2487,0.7
2013,Vaccine,0.8533,0.1467,0.1957,0.7
2013,World Journal of Gastroenterology,0.3448,0.0345,0.0724,0.7
2013,World Journal of Surgery,0.434,0.0189,0.0227,0.7
2013,World Neurosurgery,0.2857,0.0476,0.0662,0.7
2013,mBio,0.7381,0.0952,0.1346,0.7
2014,ACS Nano,0.2069,0.0345,0.0273,0.7
2014,AIDS,0.8333,0.2292,0.2845,0.7
2014,AIDS and Behavior,0.375,0.0,0.0141,0.7
2014,Academic Emergency Medicine,0.5,0.1667,0.1649,0.7
2014,Academic Medicine,0.3448,0.0,0.0,0.7
2014,Acta Biomaterialia,0.4222,0.0667,0.0911,0.7
2014,Acta Neuropathologica,1.9342,1.6316,1.6437,0.7
2014,Acta Oncologica,0.5909,0.0455,0.0566,0.7
2014,Acta Ophthalmologica,1.05,0.3,0.3816,0.7
2014,Acta Orthopaedica,0.4,0.0,0.0,0.7
2014,Addiction,0.9512,0.561,0.5692,0.7
2014,Age and Ageing,1.0,0.4167,0.4334,0.7
2014,Aging Cell,0.5172,0.0345,0.0761,0.7
2014,Alcoholism Clinical and Experimental Research,0.2381,0.0,0.0,0.7
2014,Alimentary Pharmacology & Therapeutics,0.4222,0.1111,0.1223,0.7
2014,Allergy,0.6596,0.0638,0.1072,0.7
2014,Alzheimer s & Dementia,2.2449,1.3673,1.4416,0.7
2014,American Heart Journal,0.7619,0.2381,0.2584,0.7
2014,American Journal Of Pathology,1.0339,0.2712,0.3219,0.7
2014,American Journal of Clinical Nutrition,0.9843,0.315,0.3432,0.7
2014,American Journal of Epidemiology,0.7571,0.1286,0.1321,0.7
2014,American Journal of Geriatric Psychiatry,0.4074,0.037,0.0328,0.7
2014,American Journal of Hematology,0.4138,0.0345,0.1093,0.7
2014,American Journal of Kidney Diseases,1.037,0.2222,0.2753,0.7
2014,American Journal of Neuroradiology,1.0923,0.5077,0.5398,0.7
2014,American Journal of Obstetrics and Gynecology,1.2925,0.9245,0.9342,0.7
2014,American Journal of Ophthalmology,0.5778,0.2,0.2167,0.7
2014,American Journal of Physiology-Endocrinology and Metabolism,1.0,0.4545,0.4919,0.7
2014,American Journal of Physiology-Gastrointestinal and Liver Physiology,1.05,0.5,0.5846,0.7
2014,American Journal of Physiology-Heart and Circulatory Physiology,0.4688,0.0,0.0,0.7
2014,American Journal of Physiology-Renal Physiology,0.75,0.2,0.2403,0.7
2014,American Journal of Preventive Medicine,1.2,0.48,0.5359,0.7
2014,American Journal of Psychiatry,0.5439,0.1228,0.1071,0.7
2014,American Journal of Public Health,0.8485,0.4394,0.4379,0.7
2014,American Journal of Respiratory Cell and Molecular Biology,0.6667,0.0909,0.0935,0.7
2014,American Journal of Respiratory and Critical Care Medicine,1.267,0.4136,0.4581,0.7
2014,American Journal of Roentgenology,0.3519,0.037,0.0387,0.7
2014,American Journal of Transplantation,1.0146,0.292,0.3113,0.7
2014,American Journal of Tropical Medicine and Hygiene,1.1613,0.4194,0.4256,0.7
2014,Anaesthesia,0.619,0.0952,0.1889,0.7
2014,Anesthesia & Analgesia,0.4615,0.1538,0.1582,0.7
2014,Anesthesiology,1.0349,0.3605,0.4163,0.7
2014,Angewandte Chemie International Edition,0.3929,0.0,0.0,0.7
2014,Annals of Biomedical Engineering,0.5909,0.1818,0.2113,0.7
2014,Annals of Emergency Medicine,0.7714,0.2286,0.2647,0.7
2014,Annals of Internal Medicine,2.3077,1.4274,1.4916,0.7
2014,Annals of Neurology,1.3426,0.7685,0.7911,0.7
2014,Annals of Oncology,0.9524,0.4233,0.448,0.7
2014,Annals of Surgery,0.8515,0.2576,0.2801,0.7
2014,Annals of Surgical Oncology,0.5556,0.094,0.1015,0.7
2014,Annals of the Rheumatic Diseases,0.9696,0.2662,0.3101,0.7
2014,Antimicrobial Agents and Chemotherapy,0.875,0.3553,0.3789,0.7
2014,Antioxidants and Redox Signaling,0.2381,0.0,0.0,0.7
2014,Applied and Environmental Microbiology,1.6667,0.9167,0.9525,0.7
2014,Archives of Clinical Neuropsychology,0.55,0.1,0.1499,0.7
2014,Archives of Disease in Childhood Fetal & Neonatal,0.4,0.1,0.0887,0.7
2014,Archives of General Psychiatry,2.6471,0.9118,1.0182,0.7
2014,Archives of Internal Medicine,2.549,1.1569,1.2799,0.7
2014,Archives of Neurology,2.587,1.2826,1.3693,0.7
2014,Archives of Ophthalmology,1.1304,0.3913,0.4268,0.7
2014,Archives of Physical Medicine and Rehabilitation,0.3607,0.0,0.0048,0.7
2014,Arteriosclerosis Thrombosis and Vascular Biology,0.4906,0.0377,0.0549,0.7
2014,Arthritis & Rheumatism,1.2278,0.3354,0.3738,0.7
2014,Arthritis & Rheumatology,0.0357,0.0,0.0,0.7
2014,Arthritis Care & Research,1.0769,0.2692,0.3195,0.7
2014,Arthritis Research & Therapy,0.5593,0.0847,0.1008,0.7
2014,Arthroscopy The Journal of Arthroscopic and Related Surgery,0.8361,0.1639,0.214,0.7
2014,Atherosclerosis,0.6296,0.1111,0.1053,0.7
2014,Autophagy,2.011,1.2198,1.2498,0.7
2014,BJOG An International Journal of Obstetrics & Gynaecology,0.5303,0.0303,0.0446,0.7
2014,BMC Cancer,0.6304,0.2174,0.2062,0.7
2014,BMC Complementary and Alternative Medicine,0.2857,0.0,0.0,0.7
2014,BMC Genomics,0.52,0.08,0.0874,0.7
2014,BMC Health Services Research,0.4651,0.0,0.0143,0.7
2014,BMC Infectious Diseases,0.303,0.0606,0.0513,0.7
2014,BMC Medicine,0.6098,0.122,0.183,0.7
2014,BMC Musculoskeletal Disorders,0.2188,0.0312,0.0312,0.7
2014,BMC Neurology,0.3043,0.0,0.0,0.7
2014,BMC Pediatrics,0.5455,0.0,0.0,0.7
2014,BMC Pregnancy and Childbirth,0.3208,0.0189,0.0379,0.7
2014,BMC Psychiatry,0.36,0.0,0.0386,0.7
2014,BMC Public Health,0.3279,0.082,0.0856,0.7
2014,BMC Research Notes,0.2857,0.0,0.0,0.7
2014,BMJ,1.4523,0.4472,0.5048,0.7
2014,BMJ Open,0.5701,0.1682,0.1813,0.7
2014,Biochemical Pharmacology,0.65,0.0,0.0,0.7
2014,Biochemical and Biophysical Research Communications,0.561,0.122,0.1311,0.7
2014,Biochimica et Biophysica Acta (BBA) - Molecular Basis of Disease,0.3333,0.0833,0.072,0.7
2014,Biological Psychiatry,0.9385,0.2923,0.3136,0.7
2014,Biology of Blood and Marrow Transplantation,0.5556,0.1111,0.1145,0.7
2014,Biology of Reproduction,0.5217,0.1304,0.1339,0.7
2014,Biomaterials,0.563,0.2296,0.24,0.7
2014,Blood,1.3732,0.7357,0.7598,0.7
2014,Bone,0.8182,0.0909,0.1235,0.7
2014,Brain,1.9321,1.3148,1.3756,0.7
2014,Brain Behavior and Immunity,0.85,0.4,0.4425,0.7
2014,Breast Cancer Research,0.931,0.1034,0.0925,0.7
2014,Breast Cancer Research and Treatment,0.359,0.0,0.0321,0.7
2014,British Journal Of Nutrition,0.8444,0.2889,0.2912,0.7
2014,British Journal of Anaesthesia,0.806,0.1343,0.1523,0.7
2014,British Journal of Cancer,0.6182,0.2,0.2383,0.7
2014,British Journal of Clinical Pharmacology,1.2,0.55,0.6105,0.7
2014,British Journal of Dermatology,0.4464,0.1607,0.2046,0.7
2014,British Journal of Haematology,0.7778,0.1852,0.2089,0.7
2014,British Journal of Ophthalmology,0.4595,0.1081,0.1228,0.7
2014,British Journal of Pharmacology,0.8857,0.0571,0.1304,0.7
2014,British Journal of Radiology,0.48,0.12,0.0963,0.7
2014,British Journal of Sports Medicine,1.2283,0.75,0.7581,0.7
2014,British Journal of Urology,0.3714,0.0286,0.049,0.7
2014,British journal of surgery,1.027,0.2703,0.2964,0.7
2014,Bulletin of the World Health Organization,0.4762,0.0476,0.0581,0.7
2014,CHEST Journal,2.2515,1.6442,1.6849,0.7
2014,Canadian Medical Association Journal,0.7037,0.3333,0.3145,0.7
2014,Cancer,0.6855,0.2642,0.2686,0.7
2014,Cancer Cell,1.9667,1.1556,1.2117,0.7
2014,Cancer Discovery,1.6346,0.9615,1.0239,0.7
2014,Cancer Epidemiology Biomarkers & Prevention,0.9512,0.3902,0.4093,0.7
2014,Cancer Letters,0.5238,0.0,0.0607,0.7
2014,Cancer Research,0.914,0.3871,0.3968,0.7
2014,Carcinogenesis,0.4194,0.0323,0.0463,0.7
2014,Cardiovascular Research,0.7857,0.2857,0.3223,0.7
2014,Cell,3.4917,2.75,2.7418,0.7
2014,Cell Cycle,1.0714,0.1786,0.1769,0.7
2014,Cell Death and Differentiation,0.9,0.3,0.2885,0.7
2014,Cell Death and Disease,0.3778,0.0444,0.0329,0.7
2014,Cell Host & Microbe,0.7021,0.1489,0.1455,0.7
2014,Cell Metabolism,1.988,1.2651,1.2942,0.7
2014,Cell Reports,0.6364,0.2424,0.2996,0.7
2014,Cell Transplantation,0.75,0.0833,0.1054,0.7
2014,Cell stem cell,1.5217,0.5,0.5137,0.7
2014,Cephalalgia,0.95,0.25,0.3269,0.7
2014,Cerebral Cortex,1.0345,0.4828,0.586,0.7
2014,Chemistry & Biology,1.1304,0.6087,0.618,0.7
2014,Choice Reviews Online,0.45,0.0,0.0,0.7
2014,Circulation,1.607,0.9568,0.9778,0.7
2014,Circulation Arrhythmia and Electrophysiology,0.8214,0.2857,0.3163,0.7
2014,Circulation Cardiovascular Imaging,0.9677,0.5323,0.5438,0.7
2014,Circulation Cardiovascular Interventions,1.0667,0.5333,0.498,0.7
2014,Circulation Cardiovascular Quality and Outcomes,1.3846,0.6538,0.6864,0.7
2014,Circulation Heart Failure,1.0,0.3968,0.4568,0.7
2014,Circulation Journal,0.5556,0.0741,0.1073,0.7
2014,Circulation Research,0.7436,0.0256,0.0649,0.7
2014,Clinical & Experimental Allergy,0.4783,0.2609,0.2369,0.7
2014,Clinical Cancer Research,1.228,0.696,0.7337,0.7
2014,Clinical Chemistry,0.8056,0.2778,0.2618,0.7
2014,Clinical Endocrinology,0.7586,0.1379,0.1477,0.7
2014,Clinical Gastroenterology and Hepatology,0.5824,0.0879,0.0949,0.7
2014,Clinical Infectious Diseases,1.4087,0.5826,0.6492,0.7
2014,Clinical Journal of the American Society of Nephrology,0.4301,0.0215,0.0188,0.7
2014,Clinical Microbiology and Infection,1.2857,0.8571,0.8845,0.7
2014,Clinical Nutrition,0.697,0.2121,0.2202,0.7
2014,Clinical Orthopaedics and Related Research,0.4919,0.0565,0.0575,0.7
2014,Clinical Pharmacology & Therapeutics,1.0833,0.2917,0.3306,0.7
2014,Cochrane Database of Systematic Reviews,0.875,0.2917,0.2996,0.7
2014,Cornea,0.9565,0.3478,0.3371,0.7
2014,Critical Care,0.4715,0.0894,0.0976,0.7
2014,Critical Care Medicine,1.3077,0.6474,0.6678,0.7
2014,Current Biology,1.2857,0.9524,1.013,0.7
2014,Cytotherapy,0.9,0.35,0.3951,0.7
2014,Development,0.9355,0.2581,0.2696,0.7
2014,Developmental Cell,1.4348,0.7826,0.8126,0.7
2014,Developmental Medicine & Child Neurology,0.2174,0.0,0.0,0.7
2014,Diabetes,0.9402,0.3967,0.4181,0.7
2014,Diabetes Care,1.8547,1.1661,1.2259,0.7
2014,Diabetes Obesity and Metabolism,2.6364,2.3182,2.3371,0.7
2014,Diabetes Research and Clinical Practice,1.0323,0.5806,0.5967,0.7
2014,Diabetic Medicine,0.963,0.3333,0.4001,0.7
2014,Diabetologia,1.7683,1.122,1.1409,0.7
2014,Digestive Diseases and Sciences,0.75,0.05,0.1213,0.7
2014,Diseases of the Colon & Rectum,0.6829,0.0488,0.0701,0.7
2014,Drug and Alcohol Dependence,0.34,0.0,0.0128,0.7
2014,EMBO Molecular Medicine,0.9143,0.3714,0.3952,0.7
2014,EP Europace,3.25,2.6562,2.7596,0.7
2014,Emerging infectious diseases,1.3293,0.5366,0.5841,0.7
2014,Endocrinology,0.9077,0.2462,0.3077,0.7
2014,Endoscopy,0.7593,0.3704,0.3641,0.7
2014,Epilepsia,0.5352,0.0563,0.0691,0.7
2014,European Heart Journal,2.77,2.115,2.1379,0.7
2014,European Heart Journal - Cardiovascular Imaging,1.0741,0.5926,0.6082,0.7
2014,European Journal of Applied Physiology,0.4615,0.1154,0.1574,0.7
2014,European Journal of Cancer,0.6495,0.2062,0.1999,0.7
2014,European Journal of Cardio-Thoracic Surgery,1.4,0.9556,0.9484,0.7
2014,European Journal of Clinical Nutrition,0.4074,0.037,0.0498,0.7
2014,European Journal of Endocrinology,0.6429,0.0714,0.105,0.7
2014,European Journal of Epidemiology,1.0909,0.4545,0.5373,0.7
2014,European Journal of Heart Failure,1.6667,1.1404,1.1446,0.7
2014,European Journal of Neurology,0.6538,0.0769,0.1104,0.7
2014,European Journal of Nuclear Medicine and Molecular Imaging,1.2308,0.6731,0.7256,0.7
2014,European Journal of Obstetrics & Gynecology and Reproductive Biology,0.3478,0.0435,0.0613,0.7
2014,European Journal of Pharmacology,0.25,0.0417,0.0417,0.7
2014,European Journal of Radiology,0.6897,0.1034,0.1491,0.7
2014,European Radiology,0.9733,0.4533,0.4785,0.7
2014,European Respiratory Journal,1.0583,0.325,0.39,0.7
2014,European Spine Journal,0.2558,0.0,0.0,0.7
2014,European Urology,1.247,0.6446,0.6991,0.7
2014,Eurosurveillance,5.3462,5.0385,5.0175,0.7
2014,Evidence-based Complementary and Alternative Medicine,0.2703,0.0,0.0,0.7
2014,Experimental Neurology,0.8077,0.1538,0.1721,0.7
2014,Fertility and Sterility,1.0308,0.4538,0.4572,0.7
2014,Food Chemistry,0.3289,0.0,0.0024,0.7
2014,Food Research International,0.3947,0.0526,0.0729,0.7
2014,Food and Chemical Toxicology,0.3,0.025,0.0618,0.7
2014,Foot & Ankle International,0.4,0.0,0.0,0.7
2014,Free Radical Biology and Medicine,0.5806,0.129,0.1376,0.7
2014,Frontiers in Endocrinology,0.44,0.16,0.1556,0.7
2014,Frontiers in Immunology,0.5429,0.2,0.2,0.7
2014,Frontiers in Neurology,1.3462,0.7308,0.6978,0.7
2014,Frontiers in Oncology,0.45,0.1,0.1,0.7
2014,Frontiers in Physiology,0.82,0.14,0.1584,0.7
2014,Gastroenterology,1.3925,0.8011,0.8229,0.7
2014,Gastrointestinal Endoscopy,0.6952,0.1048,0.1236,0.7
2014,Genetics in Medicine,2.0,1.375,1.3503,0.7
2014,Gut,1.7872,0.8936,0.9297,0.7
2014,Gynecologic Oncology,0.7313,0.1343,0.1789,0.7
2014,Haematologica,0.75,0.1806,0.2224,0.7
2014,Head & Neck,0.4815,0.1481,0.1481,0.7
2014,Health Affairs,0.6154,0.0385,0.1268,0.7
2014,Health and Quality of Life Outcomes,0.2609,0.0435,0.0545,0.7
2014,Heart,0.963,0.5556,0.6009,0.7
2014,Heart Rhythm,0.8986,0.4638,0.5013,0.7
2014,Hepatology,0.9253,0.39,0.4129,0.7
2014,Human Brain Mapping,1.2581,0.6452,0.6166,0.7
2014,Human Molecular Genetics,0.9535,0.4302,0.4408,0.7
2014,Human Pathology,0.5455,0.0909,0.1361,0.7
2014,Human Reproduction,0.9444,0.2569,0.296,0.7
2014,Hypertension,0.9925,0.4962,0.494,0.7
2014,IEEE Transactions on Biomedical Engineering,0.4857,0.1429,0.1667,0.7
2014,IEEE Transactions on Medical Imaging,0.8,0.3429,0.3192,0.7
2014,Immunity,0.5641,0.0769,0.0896,0.7
2014,Industrial Crops and Products,0.3077,0.0,0.0,0.7
2014,Infection Control and Hospital Epidemiology,1.0,0.2727,0.2818,0.7
2014,Infection and Immunity,0.6757,0.3243,0.3491,0.7
2014,Injury,0.2609,0.0,0.0,0.7
2014,Intensive Care Medicine,0.9186,0.4186,0.4264,0.7
2014,International Journal of Behavioral Nutrition and Physical Activity,0.7027,0.1892,0.2164,0.7
2014,International Journal of Cancer,0.7857,0.3163,0.3447,0.7
2014,International Journal of Cardiology,0.6562,0.25,0.2669,0.7
2014,International Journal of Epidemiology,0.898,0.1429,0.1912,0.7
2014,International Journal of Molecular Sciences,0.2069,0.0,0.0,0.7
2014,International Journal of Obesity,1.0196,0.3725,0.3957,0.7
2014,International Journal of Pharmaceutics,0.4762,0.0,0.0,0.7
2014,International Journal of Radiation Oncology*Biology*Physics,0.75,0.1522,0.1824,0.7
2014,International Journal of Sports Medicine,0.3043,0.0,0.0,0.7
2014,International Journal of Stroke,0.1905,0.0,0.0255,0.7
2014,International Orthopaedics,0.2,0.0,0.0,0.7
2014,Investigative Ophthalmology & Visual Science,0.9773,0.3807,0.4232,0.7
2014,JACC. Cardiovascular imaging,0.8308,0.3385,0.3423,0.7
2014,JACC: Cardiovascular Interventions,0.859,0.3333,0.3558,0.7
2014,JAIDS Journal of Acquired Immune Deficiency Syndromes,1.2979,0.234,0.2647,0.7
2014,JAMA,2.8864,1.795,1.88,0.7
2014,JAMA Dermatology,0.4,0.0,0.0687,0.7
2014,JAMA Internal Medicine,0.5326,0.2065,0.2449,0.7
2014,JAMA Neurology,0.7692,0.4231,0.4256,0.7
2014,JAMA Ophthalmology,0.2432,0.0,0.0116,0.7
2014,JAMA Pediatrics,0.5143,0.0571,0.0879,0.7
2014,JAMA Psychiatry,0.3846,0.1282,0.1406,0.7
2014,JAMA Surgery,0.1957,0.0,0.0,0.7
2014,JNCI Journal of the National Cancer Institute,1.1923,0.6282,0.6624,0.7
2014,Journal of Adolescent Health,0.6333,0.1667,0.1589,0.7
2014,Journal of Affective Disorders,0.3077,0.0256,0.034,0.7
2014,Journal of Agricultural and Food Chemistry,0.6265,0.0602,0.0544,0.7
2014,Journal of Allergy and Clinical Immunology,0.9085,0.2012,0.2446,0.7
2014,Journal of Alzheimer s Disease,0.9672,0.3607,0.3733,0.7
2014,Journal of Antimicrobial Chemotherapy,0.6316,0.1842,0.2304,0.7
2014,Journal of Applied Physiology,0.5238,0.0714,0.1065,0.7
2014,Journal of Athletic Training,0.3636,0.0455,0.0455,0.7
2014,Journal of Biological Chemistry,1.1467,0.5133,0.5563,0.7
2014,Journal of Biomechanics,0.6875,0.1458,0.1383,0.7
2014,Journal of Bone and Joint Surgery,0.6368,0.0789,0.0974,0.7
2014,Journal of Bone and Joint Surgery - British Volume,1.2609,0.0,0.1597,0.7
2014,Journal of Bone and Mineral Research,0.7128,0.0745,0.1045,0.7
2014,Journal of Cardiovascular Magnetic Resonance,2.3784,1.8649,1.9283,0.7
2014,Journal of Cataract & Refractive Surgery,0.7442,0.2326,0.2266,0.7
2014,Journal of Cell Science,1.5926,0.9259,0.9183,0.7
2014,Journal of Cerebral Blood Flow & Metabolism,0.3939,0.0,0.0061,0.7
2014,Journal of Clinical Investigation,1.4818,0.6182,0.6576,0.7
2014,Journal of Clinical Microbiology,0.9324,0.2297,0.2727,0.7
2014,Journal of Clinical Oncology,1.6726,0.8479,0.9136,0.7
2014,Journal of Controlled Release,0.0909,0.0,0.0,0.7
2014,Journal of Ethnopharmacology,0.2,0.0,0.0,0.7
2014,Journal of Functional Foods,0.7143,0.0952,0.0873,0.7
2014,Journal of Gastrointestinal Surgery,0.7826,0.3696,0.3911,0.7
2014,Journal of General Internal Medicine,0.2222,0.0,0.0,0.7
2014,Journal of Hepatology,1.2577,0.589,0.62,0.7
2014,Journal of Hypertension,2.5172,1.8276,1.7801,0.7
2014,Journal of Investigative Dermatology,0.6471,0.0735,0.0882,0.7
2014,Journal of Lipid Research,0.5312,0.2188,0.2168,0.7
2014,Journal of Magnetic Resonance Imaging,0.4865,0.027,0.0896,0.7
2014,Journal of Medical Internet Research,0.7143,0.0571,0.0847,0.7
2014,Journal of Medicinal Chemistry,0.675,0.1125,0.1233,0.7
2014,Journal of Neuro-Oncology,0.4348,0.0435,0.0597,0.7
2014,Journal of Neuroinflammation,0.8958,0.3542,0.3512,0.7
2014,Journal of Neurology,0.8077,0.3077,0.3092,0.7
2014,Journal of Neurology Neurosurgery & Psychiatry,0.8395,0.1975,0.2314,0.7
2014,Journal of Neuroscience,1.1467,0.4293,0.5066,0.7
2014,Journal of Neurosurgery Spine,0.6571,0.0571,0.0644,0.7
2014,Journal of Neurotrauma,0.9107,0.3571,0.424,0.7
2014,Journal of Nuclear Medicine,1.1842,0.4737,0.5305,0.7
2014,Journal of Nutrition,1.0889,0.2889,0.3213,0.7
2014,Journal of Orthopaedic Research®,0.3333,0.0,0.0,0.7
2014,Journal of Orthopaedic Trauma,0.1923,0.0,0.0,0.7
2014,Journal of Orthopaedic and Sports Physical Therapy,0.9643,0.25,0.2801,0.7
2014,Journal of Pain,0.8,0.2333,0.2531,0.7
2014,Journal of Pain and Symptom Management,0.5806,0.0323,0.0878,0.7
2014,Journal of Pediatric Surgery,0.1538,0.0385,0.0548,0.7
2014,Journal of Pharmacology and Experimental Therapeutics,0.72,0.24,0.2594,0.7
2014,Journal of Physics D Applied Physics,1.6957,1.1304,1.1852,0.7
2014,Journal of Psychiatric Research,0.2381,0.0,0.0,0.7
2014,Journal of Shoulder and Elbow Surgery,0.5345,0.0,0.0,0.7
2014,Journal of Sports Sciences,0.8049,0.2195,0.2148,0.7
2014,Journal of Thoracic Oncology,1.0395,0.5395,0.5592,0.7
2014,Journal of Thoracic and Cardiovascular Surgery,0.656,0.248,0.2744,0.7
2014,Journal of Thrombosis and Haemostasis,1.0208,0.3542,0.3553,0.7
2014,Journal of Translational Medicine,0.4857,0.1143,0.1222,0.7
2014,Journal of Vascular Surgery,0.359,0.0,0.0,0.7
2014,Journal of Vascular and Interventional Radiology,0.4091,0.0455,0.107,0.7
2014,Journal of Virology,1.3761,0.885,0.9217,0.7
2014,Journal of Visualized Experiments,0.25,0.0,0.0,0.7
2014,Journal of neurosurgery,0.4691,0.1235,0.1366,0.7
2014,Journal of science and medicine in sport,0.3846,0.0,0.0,0.7
2014,Journal of the Academy of Nutrition and Dietetics,0.9333,0.3333,0.3778,0.7
2014,Journal of the American Academy of Dermatology,0.2444,0.0222,0.0222,0.7
2014,Journal of the American Chemical Society,0.7324,0.338,0.3394,0.7
2014,Journal of the American College of Cardiology,1.8703,1.1538,1.1909,0.7
2014,Journal of the American College of Surgeons,1.0,0.3837,0.4146,0.7
2014,Journal of the American Geriatrics Society,0.7273,0.1818,0.1902,0.7
2014,Journal of the American Heart Association,0.6042,0.2292,0.2594,0.7
2014,Journal of the American Medical Directors Association,1.2174,0.6522,0.6998,0.7
2014,Journal of the American Society of Echocardiography,0.5,0.1154,0.1449,0.7
2014,Journal of the American Society of Nephrology,0.8049,0.2358,0.2396,0.7
2014,Journal of the European Academy of Dermatology and Venereology,0.35,0.05,0.05,0.7
2014,Journal of the National Comprehensive Cancer Network,0.9118,0.4412,0.4807,0.7
2014,Journal of the Neurological Sciences,0.5,0.0,0.0189,0.7
2014,Kidney International,0.7547,0.2075,0.2368,0.7
2014,Knee Surgery Sports Traumatology Arthroscopy,0.5,0.0172,0.0244,0.7
2014,Laboratory Investigation,0.4762,0.1905,0.1905,0.7
2014,Lara D. Veeken,0.6087,0.1304,0.1353,0.7
2014,Leukemia,1.3113,0.8302,0.8708,0.7
2014,Liver International,0.3929,0.0357,0.0357,0.7
2014,Liver Transplantation,0.5833,0.3333,0.2938,0.7
2014,Lung Cancer,0.5,0.3,0.3159,0.7
2014,Magnetic Resonance in Medicine,1.026,0.5195,0.5248,0.7
2014,Malaria Journal,0.7308,0.1731,0.2266,0.7
2014,Maternal and Child Health Journal,0.4286,0.0,0.0,0.7
2014,Mayo Clinic Proceedings,0.8,0.275,0.2916,0.7
2014,Medical Education,0.4828,0.0,0.0214,0.7
2014,Medical Physics,0.6154,0.0,0.0587,0.7
2014,Medical Teacher,0.2703,0.0,0.0,0.7
2014,Medicine & Science in Sports & Exercise,0.6613,0.2581,0.268,0.7
2014,Menopause The Journal of The North American Menopause Society,1.3462,0.6538,0.6901,0.7
2014,Metabolism,2.0435,1.5217,1.6201,0.7
2014,Methods in molecular biology,0.3333,0.0,0.0,0.7
2014,Modern Pathology,0.7534,0.3699,0.3907,0.7
2014,Molecular & Cellular Proteomics,0.5714,0.0476,0.1128,0.7
2014,Molecular Cancer Therapeutics,0.5957,0.1915,0.2238,0.7
2014,Molecular Cell,1.3143,0.6,0.591,0.7
2014,Molecular Nutrition & Food Research,0.76,0.24,0.2774,0.7
2014,Molecular Psychiatry,0.9118,0.1471,0.1917,0.7
2014,Molecular Therapy,0.6061,0.1515,0.157,0.7
2014,Molecular and Cellular Biology,0.913,0.2174,0.2558,0.7
2014,Molecules,0.25,0.0,0.0,0.7
2014,Movement Disorders,1.0,0.4098,0.4735,0.7
2014,Multiple Sclerosis Journal,0.6491,0.2982,0.2858,0.7
2014,Nature,4.2629,3.3756,3.4014,0.7
2014,Nature Biotechnology,1.7692,1.0,1.1255,0.7
2014,Nature Cell Biology,1.8261,1.1522,1.2102,0.7
2014,Nature Chemical Biology,1.1364,0.5909,0.5909,0.7
2014,Nature Communications,0.7907,0.3721,0.4137,0.7
2014,Nature Genetics,1.7958,1.1479,1.1617,0.7
2014,Nature Immunology,0.6538,0.2308,0.2416,0.7
2014,Nature Medicine,2.3546,1.3759,1.436,0.7
2014,Nature Neuroscience,1.7,1.0333,1.078,0.7
2014,Nature Structural & Molecular Biology,1.72,0.52,0.6024,0.7
2014,Nephrology Dialysis Transplantation,0.5082,0.082,0.088,0.7
2014,Neuro-Oncology,1.0441,0.3824,0.3882,0.7
2014,NeuroImage,1.4097,0.6944,0.7179,0.7
2014,Neurobiology of Aging,0.7167,0.2333,0.3069,0.7
2014,Neurobiology of Disease,0.6,0.25,0.2335,0.7
2014,Neurogastroenterology & Motility,1.2,0.36,0.3714,0.7
2014,Neurology,1.2795,0.5648,0.5926,0.7
2014,Neuron,2.4722,1.7222,1.7539,0.7
2014,Neuropsychopharmacology,1.1471,0.5,0.532,0.7
2014,Neurorehabilitation and neural repair,0.381,0.0,0.0,0.7
2014,Neuroscience,0.625,0.25,0.2948,0.7
2014,Neurosurgery,0.9194,0.3548,0.3898,0.7
2014,New England Journal of Medicine,5.4774,4.3207,4.4024,0.7
2014,Nicotine & Tobacco Research,2.1667,1.4583,1.5197,0.7
2014,Nucleic Acids Research,0.6053,0.2105,0.2042,0.7
2014,Nutrition Journal,0.16,0.0,0.0,0.7
2014,Obesity,0.8049,0.3537,0.3489,0.7
2014,Obesity Surgery,1.5102,1.0816,1.0779,0.7
2014,Obstetrics and Gynecology,1.082,0.5164,0.5333,0.7
2014,Oncogene,0.9494,0.2405,0.2589,0.7
2014,Ophthalmology,1.3618,0.799,0.8302,0.7
2014,Optometry and Vision Science,0.5556,0.0,0.0244,0.7
2014,Orphanet Journal of Rare Diseases,0.4,0.0,0.0,0.7
2014,Osteoarthritis and Cartilage,0.5147,0.1176,0.1112,0.7
2014,Osteoporosis International,0.7907,0.4419,0.4544,0.7
2014,PEDIATRICS,0.6332,0.0618,0.0904,0.7
2014,PLoS Genetics,1.0909,0.4182,0.4978,0.7
2014,PLoS Medicine,1.0933,0.4667,0.5159,0.7
2014,PLoS ONE,0.7216,0.2223,0.2457,0.7
2014,PLoS Pathogens,0.8922,0.3284,0.3394,0.7
2014,PLoS neglected tropical diseases,0.6909,0.2636,0.2745,0.7
2014,Pain,0.7685,0.1944,0.2383,0.7
2014,Pain Physician,2.8077,2.4231,2.4561,0.7
2014,Parasites & Vectors,0.5806,0.0968,0.1021,0.7
2014,Parkinsonism & Related Disorders,0.5217,0.0,0.0336,0.7
2014,Pediatric Blood & Cancer,0.5429,0.2,0.2144,0.7
2014,Physical Therapy,0.3846,0.0385,0.0385,0.7
2014,Physics in Medicine and Biology,0.8919,0.1351,0.2029,0.7
2014,Plasma Sources Science and Technology,3.05,2.15,2.273,0.7
2014,Plastic & Reconstructive Surgery,0.7273,0.0779,0.0827,0.7
2014,Prenatal Diagnosis,3.6538,3.5385,3.5,0.7
2014,Preventive Medicine,0.3929,0.0714,0.117,0.7
2014,Proceedings of the National Academy of Sciences,1.3002,0.703,0.7258,0.7
2014,Psycho-Oncology,0.3939,0.0,0.0,0.7
2014,Psychological Medicine,0.4146,0.0488,0.0918,0.7
2014,PubMed,0.7398,0.3282,0.3475,0.7
2014,Public Health Nutrition,0.5625,0.0,0.0,0.7
2014,Radiographics,0.0882,0.0,0.0,0.7
2014,Radiology,0.9045,0.3773,0.3993,0.7
2014,Radiotherapy and Oncology,0.75,0.025,0.0515,0.7
2014,Regional Anesthesia & Pain Medicine,0.5217,0.0,0.0,0.7
2014,Reproductive BioMedicine Online,0.9583,0.5833,0.6118,0.7
2014,Research in Developmental Disabilities,0.15,0.0,0.0,0.7
2014,Respiratory Medicine,0.5227,0.0909,0.0795,0.7
2014,Resuscitation,0.4808,0.0192,0.0441,0.7
2014,Retina,1.0417,0.5,0.5257,0.7
2014,SLEEP,0.5312,0.125,0.156,0.7
2014,Scandinavian Journal of Medicine and Science in Sports,0.4286,0.1429,0.1332,0.7
2014,Schizophrenia Bulletin,0.7059,0.1765,0.1696,0.7
2014,Schizophrenia Research,0.6176,0.0294,0.046,0.7
2014,Science,3.7636,2.7727,2.8306,0.7
2014,Science Translational Medicine,1.7704,1.0667,1.1209,0.7
2014,Scientific Reports,0.9286,0.5893,0.5902,0.7
2014,Social Science & Medicine,0.5,0.0,0.0059,0.7
2014,Spine,0.4352,0.0,0.0087,0.7
2014,Stem Cell Research & Therapy,0.4286,0.0,0.0046,0.7
2014,Stem Cells,0.8594,0.25,0.2414,0.7
2014,Stem Cells and Development,0.5,0.0,0.0476,0.7
2014,Stroke,0.9242,0.3697,0.3838,0.7
2014,Supportive Care in Cancer,0.4146,0.0732,0.0782,0.7
2014,Surgery,0.5789,0.0877,0.149,0.7
2014,Surgery for Obesity and Related Diseases,1.0333,0.3667,0.4708,0.7
2014,Surgical Endoscopy,0.6957,0.2174,0.2294,0.7
2014,Survey of Anesthesiology,8.05,6.2,6.2994,0.7
2014,The American Journal of Cardiology,0.8452,0.25,0.3201,0.7
2014,The American Journal of Gastroenterology,0.9712,0.375,0.4015,0.7
2014,The American Journal of Human Genetics,1.322,0.7458,0.7456,0.7
2014,The American Journal of Medicine,0.5962,0.0385,0.0497,0.7
2014,The American Journal of Sports Medicine,0.9227,0.3478,0.3579,0.7
2014,The American Journal of Surgery,0.7097,0.1613,0.173,0.7
2014,The American Journal of Surgical Pathology,1.1376,0.5596,0.56,0.7
2014,The Annals of Thoracic Surgery,0.5306,0.0102,0.0422,0.7
2014,The Bone & Joint Journal,0.4615,0.1154,0.1657,0.7
2014,The British Journal of Psychiatry,1.0968,0.0645,0.1236,0.7
2014,The EMBO Journal,1.6486,0.9189,0.9835,0.7
2014,The FASEB Journal,0.9804,0.5098,0.5074,0.7
2014,The Journal Of Hand Surgery,0.12,0.0,0.0,0.7
2014,The Journal of Arthroplasty,0.35,0.0,0.0184,0.7
2014,The Journal of Cell Biology,1.1316,0.7105,0.7211,0.7
2014,The Journal of Clinical Endocrinology & Metabolism,1.1083,0.4274,0.4558,0.7
2014,The Journal of Clinical Psychiatry,0.6087,0.1304,0.1118,0.7
2014,The Journal of Experimental Medicine,1.4265,0.8235,0.8191,0.7
2014,The Journal of Heart and Lung Transplantation,0.9118,0.2647,0.3161,0.7
2014,The Journal of Immunology,0.5656,0.1475,0.1727,0.7
2014,The Journal of Infectious Diseases,1.0057,0.3864,0.417,0.7
2014,The Journal of Nutritional Biochemistry,0.2381,0.0,0.0,0.7
2014,The Journal of Pathology,0.7308,0.0769,0.1341,0.7
2014,The Journal of Pediatrics,0.4595,0.0631,0.0769,0.7
2014,The Journal of Physiology,0.9375,0.3542,0.3827,0.7
2014,The Journal of Rheumatology,0.3824,0.0,0.0,0.7
2014,The Journal of Sexual Medicine,0.5,0.0952,0.106,0.7
2014,The Journal of Strength and Conditioning Research,0.5542,0.0482,0.0606,0.7
2014,"The Journal of Trauma: Injury, Infection, and Critical Care",0.6905,0.131,0.1675,0.7
2014,The Journal of Urology,1.0184,0.4663,0.4876,0.7
2014,The Journals of Gerontology Series A,1.234,0.5745,0.6011,0.7
2014,The Lancet,3.44,2.5964,2.627,0.7
2014,The Lancet Infectious Diseases,2.1304,1.6304,1.7216,0.7
2014,The Lancet Neurology,2.8986,2.1449,2.1923,0.7
2014,The Lancet Oncology,2.1386,1.2892,1.3352,0.7
2014,The Lancet Respiratory Medicine,0.36,0.12,0.1565,0.7
2014,The Laryngoscope,0.5686,0.1176,0.1199,0.7
2014,The Medical Journal of Australia,0.8889,0.1481,0.2056,0.7
2014,The Oncologist,0.8718,0.1538,0.1591,0.7
2014,The Pediatric Infectious Disease Journal,0.5769,0.0,0.0,0.7
2014,The Scientific World JOURNAL,0.3333,0.0,0.0,0.7
2014,The Spine Journal,0.102,0.0,0.0,0.7
2014,Thorax,1.1011,0.427,0.4767,0.7
2014,Thrombosis and Haemostasis,1.6364,1.2121,1.2983,0.7
2014,Thyroid,0.5932,0.0508,0.0604,0.7
2014,Tissue Engineering Part A,0.9722,0.3056,0.3267,0.7
2014,Toxicology and Applied Pharmacology,0.3,0.0,0.0,0.7
2014,Transfusion,0.5556,0.1111,0.1126,0.7
2014,Transplantation,0.4773,0.0455,0.0567,0.7
2014,Ultrasound in Obstetrics and Gynecology,0.8276,0.6207,0.6207,0.7
2014,Unknown,1.7802,0.8516,0.8848,0.7
2014,Urology,0.6944,0.25,0.2625,0.7
2014,Vaccine,0.8548,0.1452,0.208,0.7
2014,World Journal of Gastroenterology,0.4878,0.0976,0.1452,0.7
2014,World Journal of Surgery,0.4792,0.1042,0.1088,0.7
2014,mAbs,0.5238,0.0476,0.1131,0.7
2014,mBio,2.4127,1.9841,2.0218,0.7
2015,ACS Nano,0.3611,0.0833,0.1314,0.7
2015,AIDS,0.7368,0.2632,0.3202,0.7
2015,AIDS and Behavior,0.7083,0.0833,0.0901,0.7
2015,Academic Emergency Medicine,0.6957,0.087,0.135,0.7
2015,Academic Medicine,0.2647,0.0,0.0,0.7
2015,Acta Biomaterialia,0.3774,0.0566,0.0513,0.7
2015,Acta Neuropathologica,2.8734,2.4937,2.5453,0.7
2015,Acta Neuropathologica Communications,0.8696,0.5652,0.5518,0.7
2015,Acta Oncologica,1.1,0.4,0.4206,0.7
2015,Acta Ophthalmologica,0.45,0.25,0.2327,0.7
2015,Acta Orthopaedica,0.4286,0.0,0.0,0.7
2015,Addiction,1.617,1.0426,1.0519,0.7
2015,Age and Ageing,2.25,1.375,1.5531,0.7
2015,Aging Cell,1.3182,0.5,0.6055,0.7
2015,Alimentary Pharmacology & Therapeutics,0.65,0.2,0.2596,0.7
2015,Allergy,0.8462,0.2885,0.2663,0.7
2015,Alzheimer s & Dementia,1.6032,0.873,0.8786,0.7
2015,American Heart Journal,0.9388,0.551,0.5833,0.7
2015,American Journal Of Pathology,0.9792,0.2083,0.2598,0.7
2015,American Journal of Clinical Nutrition,1.0345,0.3276,0.3627,0.7
2015,American Journal of Epidemiology,1.2982,0.4737,0.4798,0.7
2015,American Journal of Geriatric Psychiatry,1.3143,0.4,0.4581,0.7
2015,American Journal of Hematology,0.5143,0.0571,0.1079,0.7
2015,American Journal of Kidney Diseases,0.92,0.26,0.3198,0.7
2015,American Journal of Neuroradiology,0.6667,0.1754,0.2217,0.7
2015,American Journal of Obstetrics and Gynecology,0.4404,0.1284,0.1329,0.7
2015,American Journal of Ophthalmology,0.6374,0.0879,0.1397,0.7
2015,American Journal of Physiology-Endocrinology and Metabolism,0.5833,0.1944,0.184,0.7
2015,American Journal of Physiology-Heart and Circulatory Physiology,0.625,0.3125,0.3012,0.7
2015,American Journal of Physiology-Renal Physiology,0.75,0.2857,0.2571,0.7
2015,American Journal of Preventive Medicine,1.9615,1.3462,1.3912,0.7
2015,American Journal of Psychiatry,1.1967,0.3607,0.3866,0.7
2015,American Journal of Public Health,1.2462,0.6769,0.6877,0.7
2015,American Journal of Respiratory Cell and Molecular Biology,0.3939,0.0909,0.1108,0.7
2015,American Journal of Respiratory and Critical Care Medicine,1.2549,0.549,0.5916,0.7
2015,American Journal of Roentgenology,0.5814,0.186,0.1827,0.7
2015,American Journal of Transplantation,0.9839,0.371,0.3939,0.7
2015,American Journal of Tropical Medicine and Hygiene,1.2414,0.7586,0.7645,0.7
2015,Anesthesia & Analgesia,0.5254,0.1017,0.11,0.7
2015,Anesthesiology,1.0602,0.4337,0.4583,0.7
2015,Angewandte Chemie International Edition,0.4444,0.1389,0.1351,0.7
2015,Annals of Emergency Medicine,0.7576,0.303,0.3193,0.7
2015,Annals of Internal Medicine,1.8319,1.0619,1.1205,0.7
2015,Annals of Neurology,1.5361,1.1237,1.0991,0.7
2015,Annals of Oncology,1.3254,0.7225,0.7449,0.7
2015,Annals of Surgery,0.8612,0.3014,0.3352,0.7
2015,Annals of Surgical Oncology,0.4516,0.121,0.1371,0.7
2015,Annals of the American Thoracic Society,0.6053,0.3158,0.3214,0.7
2015,Annals of the Rheumatic Diseases,0.8294,0.2897,0.3118,0.7
2015,Antimicrobial Agents and Chemotherapy,0.625,0.3382,0.3527,0.7
2015,Antiviral Research,0.5455,0.3182,0.3072,0.7
2015,Appetite,0.44,0.0,0.0,0.7
2015,Applied and Environmental Microbiology,0.5,0.0,0.0908,0.7
2015,Archives of Physical Medicine and Rehabilitation,0.2553,0.0638,0.0605,0.7
2015,Archives of Women s Mental Health,0.3478,0.0,0.0,0.7
2015,Arteriosclerosis Thrombosis and Vascular Biology,0.5156,0.0312,0.0476,0.7
2015,Arthritis & Rheumatism,1.2807,0.2456,0.2784,0.7
2015,Arthritis & Rheumatology,0.3551,0.0467,0.0552,0.7
2015,Arthritis Care & Research,0.4138,0.0,0.0,0.7
2015,Arthritis Research & Therapy,0.5172,0.0862,0.1278,0.7
2015,Arthroscopy The Journal of Arthroscopic and Related Surgery,0.8039,0.2941,0.2781,0.7
2015,Atherosclerosis,0.7576,0.2424,0.3391,0.7
2015,Autophagy,1.13,0.64,0.6684,0.7
2015,BJOG An International Journal of Obstetrics & Gynaecology,0.5439,0.1228,0.1288,0.7
2015,BMC Cancer,0.3333,0.0694,0.0808,0.7
2015,BMC Complementary and Alternative Medicine,0.1481,0.0,0.0,0.7
2015,BMC Genomics,0.45,0.2,0.1905,0.7
2015,BMC Health Services Research,0.6667,0.0,0.0188,0.7
2015,BMC Infectious Diseases,0.5926,0.2037,0.2071,0.7
2015,BMC Medicine,0.8033,0.4262,0.4228,0.7
2015,BMC Musculoskeletal Disorders,0.2812,0.0,0.0,0.7
2015,BMC Nephrology,0.45,0.15,0.1438,0.7
2015,BMC Pediatrics,0.2273,0.0,0.0,0.7
2015,BMC Pregnancy and Childbirth,0.4545,0.0,0.0052,0.7
2015,BMC Psychiatry,0.3077,0.0,0.0,0.7
2015,BMC Public Health,0.48,0.2133,0.2036,0.7
2015,BMC Research Notes,0.2593,0.037,0.037,0.7
2015,BMJ,1.5771,0.6514,0.7011,0.7
2015,BMJ Open,0.5185,0.0593,0.0969,0.7
2015,BioMed Research International,0.2391,0.0,0.0,0.7
2015,Biochemical and Biophysical Research Communications,0.5,0.0312,0.0821,0.7
2015,Biochimica et Biophysica Acta (BBA) - Molecular Basis of Disease,0.7188,0.0312,0.0492,0.7
2015,Biological Psychiatry,0.62,0.08,0.1095,0.7
2015,Biology of Blood and Marrow Transplantation,1.4524,0.5952,0.6901,0.7
2015,Biology of Reproduction,0.3846,0.1538,0.1487,0.7
2015,Biomaterials,0.5066,0.0724,0.0904,0.7
2015,Blood,1.2871,0.7341,0.7553,0.7
2015,Bone,0.5,0.0,0.0295,0.7
2015,Brain,1.0759,0.3671,0.4071,0.7
2015,Brain Behavior and Immunity,0.4348,0.0,0.0,0.7
2015,Breast Cancer Research,0.2857,0.0,0.0,0.7
2015,Breast Cancer Research and Treatment,0.7742,0.2258,0.2378,0.7
2015,British Journal Of Nutrition,0.4595,0.1351,0.1571,0.7
2015,British Journal of Anaesthesia,0.8382,0.1029,0.1536,0.7
2015,British Journal of Cancer,0.9884,0.4593,0.4792,0.7
2015,British Journal of Dermatology,0.3958,0.0,0.0,0.7
2015,British Journal of Haematology,0.6875,0.2344,0.2716,0.7
2015,British Journal of Ophthalmology,0.913,0.1957,0.2921,0.7
2015,British Journal of Pharmacology,0.6364,0.0909,0.1123,0.7
2015,British Journal of Sports Medicine,2.1717,1.2828,1.3858,0.7
2015,British Journal of Urology,0.6724,0.2069,0.2294,0.7
2015,British journal of surgery,0.7424,0.2424,0.268,0.7
2015,Bulletin of the World Health Organization,0.5,0.1154,0.106,0.7
2015,CHEST Journal,1.2197,0.4624,0.5059,0.7
2015,Canadian Medical Association Journal,0.88,0.52,0.5437,0.7
2015,Cancer,0.8539,0.3708,0.4108,0.7
2015,Cancer Cell,1.4366,0.5352,0.6048,0.7
2015,Cancer Discovery,2.0484,1.6129,1.6428,0.7
2015,Cancer Epidemiology Biomarkers & Prevention,0.6829,0.1463,0.1662,0.7
2015,Cancer Immunology Research,0.9375,0.6562,0.6963,0.7
2015,Cancer Letters,0.5405,0.1351,0.1422,0.7
2015,Cancer Research,0.8953,0.4302,0.4689,0.7
2015,Carbohydrate Polymers,0.2381,0.0,0.0,0.7
2015,Carcinogenesis,0.619,0.0,0.0,0.7
2015,Cardiovascular Diabetology,0.5909,0.3182,0.3688,0.7
2015,Cardiovascular Research,0.3704,0.0741,0.0578,0.7
2015,Cell,2.9746,1.9492,2.005,0.7
2015,Cell Death and Differentiation,0.697,0.2121,0.2145,0.7
2015,Cell Death and Disease,0.5211,0.1408,0.1702,0.7
2015,Cell Host & Microbe,0.8852,0.3607,0.4,0.7
2015,Cell Metabolism,1.7474,1.0421,1.0669,0.7
2015,Cell Reports,1.0901,0.5676,0.5956,0.7
2015,Cell Transplantation,0.75,0.0,0.0,0.7
2015,Cell stem cell,1.4386,0.4211,0.5445,0.7
2015,Cephalalgia,2.0833,0.9583,1.0402,0.7
2015,Choice Reviews Online,0.65,0.0,0.0,0.7
2015,Circulation,1.9827,1.3243,1.369,0.7
2015,Circulation Arrhythmia and Electrophysiology,1.0702,0.386,0.4368,0.7
2015,Circulation Cardiovascular Imaging,1.3333,0.6481,0.7027,0.7
2015,Circulation Cardiovascular Interventions,0.9355,0.4516,0.4623,0.7
2015,Circulation Heart Failure,1.2222,0.7407,0.7499,0.7
2015,Circulation Journal,0.9259,0.3333,0.351,0.7
2015,Circulation Research,0.6324,0.0735,0.1016,0.7
2015,Clinical & Experimental Allergy,0.9545,0.3182,0.3786,0.7
2015,Clinical Cancer Research,1.0378,0.5672,0.5919,0.7
2015,Clinical Chemistry,0.697,0.2121,0.2131,0.7
2015,Clinical Endocrinology,0.5217,0.1304,0.13,0.7
2015,Clinical Gastroenterology and Hepatology,0.7451,0.2157,0.2414,0.7
2015,Clinical Infectious Diseases,1.0481,0.4327,0.4536,0.7
2015,Clinical Journal of the American Society of Nephrology,0.7753,0.2022,0.2369,0.7
2015,Clinical Microbiology and Infection,0.7568,0.1892,0.2361,0.7
2015,Clinical Nutrition,0.7812,0.375,0.3582,0.7
2015,Clinical Orthopaedics and Related Research,0.6496,0.2117,0.2029,0.7
2015,Cochrane Database of Systematic Reviews,0.5676,0.0811,0.0898,0.7
2015,Critical Care,0.878,0.3496,0.3682,0.7
2015,Critical Care Medicine,2.1329,1.4895,1.5094,0.7
2015,Current Biology,0.4545,0.0455,0.0455,0.7
2015,Development,1.4815,0.7037,0.7626,0.7
2015,Developmental Cell,0.8485,0.5758,0.5747,0.7
2015,Diabetes,1.179,0.537,0.5874,0.7
2015,Diabetes Care,1.9855,1.4291,1.4578,0.7
2015,Diabetes Obesity and Metabolism,3.4737,3.1053,3.0715,0.7
2015,Diabetes Research and Clinical Practice,2.0741,1.5185,1.5437,0.7
2015,Diabetes Technology & Therapeutics,1.25,0.65,0.6325,0.7
2015,Diabetic Medicine,0.88,0.52,0.5013,0.7
2015,Diabetologia,1.4714,0.8714,0.898,0.7
2015,Digestive Diseases and Sciences,0.32,0.04,0.0707,0.7
2015,Diseases of the Colon & Rectum,0.6,0.0857,0.0961,0.7
2015,Drug Metabolism and Disposition,0.4762,0.0952,0.1324,0.7
2015,Drug and Alcohol Dependence,0.8571,0.2143,0.2217,0.7
2015,EMBO Molecular Medicine,1.1944,0.3611,0.372,0.7
2015,EP Europace,1.4545,1.1515,1.1347,0.7
2015,Emerging infectious diseases,1.9765,1.4235,1.4888,0.7
2015,Endocrinology,0.5862,0.2241,0.2093,0.7
2015,Endoscopy,0.5893,0.3214,0.3097,0.7
2015,Epilepsia,0.5833,0.05,0.0859,0.7
2015,EuroIntervention,0.8,0.24,0.4112,0.7
2015,European Heart Journal,1.9682,1.3273,1.3498,0.7
2015,European Heart Journal - Cardiovascular Imaging,0.7097,0.3548,0.3825,0.7
2015,European Journal of Applied Physiology,0.5417,0.2083,0.2095,0.7
2015,European Journal of Cancer,1.4815,1.0,0.9892,0.7
2015,European Journal of Cardio-Thoracic Surgery,1.0455,0.6818,0.6883,0.7
2015,European Journal of Clinical Nutrition,0.9231,0.1154,0.2074,0.7
2015,European Journal of Endocrinology,0.7895,0.2105,0.2067,0.7
2015,European Journal of Epidemiology,1.4783,0.8696,0.8557,0.7
2015,European Journal of Heart Failure,0.9464,0.5536,0.5628,0.7
2015,European Journal of Medicinal Chemistry,0.2857,0.0,0.0,0.7
2015,European Journal of Neurology,0.4615,0.2308,0.2545,0.7
2015,European Journal of Nuclear Medicine and Molecular Imaging,0.9464,0.5,0.5287,0.7
2015,European Journal of Pharmacology,0.1786,0.0,0.0162,0.7
2015,European Journal of Radiology,0.2963,0.0,0.044,0.7
2015,European Journal of Surgical Oncology,0.5,0.2083,0.1871,0.7
2015,European Radiology,0.8594,0.25,0.2526,0.7
2015,European Respiratory Journal,0.9388,0.3163,0.3418,0.7
2015,European Spine Journal,0.3488,0.1163,0.142,0.7
2015,European Urology,1.1401,0.6624,0.688,0.7
2015,Eurosurveillance,4.1163,3.8605,3.8649,0.7
2015,Evidence-based Complementary and Alternative Medicine,0.3448,0.0,0.0146,0.7
2015,Fertility and Sterility,1.2,0.5091,0.5433,0.7
2015,Food Chemistry,0.3892,0.0419,0.0522,0.7
2015,Food Research International,0.6889,0.0667,0.1212,0.7
2015,Food and Chemical Toxicology,0.4688,0.0625,0.122,0.7
2015,Free Radical Biology and Medicine,0.5667,0.0,0.0603,0.7
2015,Frontiers in Aging Neuroscience,0.5385,0.2692,0.2578,0.7
2015,Frontiers in Human Neuroscience,0.5833,0.0417,0.0589,0.7
2015,Frontiers in Immunology,0.5714,0.0476,0.0624,0.7
2015,Gastroenterology,1.4142,0.7337,0.7556,0.7
2015,Gastrointestinal Endoscopy,0.7067,0.2133,0.2264,0.7
2015,Genetics in Medicine,0.8571,0.5238,0.5082,0.7
2015,Geriatrics and gerontology international/Geriatrics & gerontology international,0.9524,0.7619,0.7002,0.7
2015,Gut,0.8384,0.2929,0.3296,0.7
2015,Gynecologic Oncology,0.3818,0.1273,0.1618,0.7
2015,HPB,0.7143,0.0,0.0,0.7
2015,Haematologica,0.6613,0.1935,0.2225,0.7
2015,Head & Neck,0.4242,0.0606,0.0449,0.7
2015,Health Affairs,0.6154,0.1154,0.1106,0.7
2015,Health and Quality of Life Outcomes,0.15,0.0,0.0,0.7
2015,Heart,0.8116,0.3478,0.3229,0.7
2015,Heart Rhythm,0.5663,0.3614,0.3654,0.7
2015,Hepatology,1.0925,0.4846,0.5107,0.7
2015,Human Brain Mapping,0.7097,0.0645,0.1038,0.7
2015,Human Molecular Genetics,1.1235,0.4815,0.5482,0.7
2015,Human Pathology,0.7037,0.5556,0.5572,0.7
2015,Human Reproduction,0.8443,0.2377,0.2773,0.7
2015,Hypertension,0.6975,0.1849,0.2402,0.7
2015,IEEE Journal of Biomedical and Health Informatics,0.3478,0.0,0.0,0.7
2015,IEEE Transactions on Biomedical Engineering,0.2,0.0,0.0,0.7
2015,IEEE Transactions on Medical Imaging,0.2727,0.0606,0.0697,0.7
2015,Immunity,1.3333,0.2727,0.2783,0.7
2015,Indian Journal of Endocrinology and Metabolism,0.0909,0.0,0.0,0.7
2015,Industrial Crops and Products,0.5882,0.2059,0.2188,0.7
2015,Infection Control and Hospital Epidemiology,1.5172,0.9655,1.0742,0.7
2015,Infection and Immunity,0.4651,0.0,0.0048,0.7
2015,Injury,0.16,0.04,0.0446,0.7
2015,Intensive Care Medicine,1.9,1.3778,1.4137,0.7
2015,International Journal of Behavioral Nutrition and Physical Activity,0.5116,0.0465,0.0566,0.7
2015,International Journal of Cancer,0.7019,0.3077,0.3171,0.7
2015,International Journal of Cardiology,0.5161,0.0806,0.1624,0.7
2015,International Journal of Drug Policy,0.4167,0.2083,0.2046,0.7
2015,International Journal of Endocrinology,0.65,0.5,0.4852,0.7
2015,International Journal of Environmental Research and Public Health,1.9286,1.7857,1.7681,0.7
2015,International Journal of Epidemiology,0.7,0.175,0.1647,0.7
2015,International Journal of Molecular Sciences,0.3125,0.125,0.125,0.7
2015,International Journal of Obesity,1.1509,0.5472,0.6029,0.7
2015,International Journal of Pharmaceutics,0.2273,0.0,0.0,0.7
2015,International Journal of Radiation Oncology*Biology*Physics,0.8,0.2588,0.2556,0.7
2015,International Journal of Sports Physiology and Performance,1.1667,0.75,0.7477,0.7
2015,International Journal of Stroke,0.8077,0.1923,0.2695,0.7
2015,International Orthopaedics,0.2414,0.0,0.0,0.7
2015,Investigative Ophthalmology & Visual Science,0.6516,0.1419,0.1641,0.7
2015,JACC Heart Failure,0.425,0.0,0.0294,0.7
2015,JACC. Cardiovascular imaging,1.1562,0.5312,0.563,0.7
2015,JACC: Cardiovascular Interventions,1.039,0.4286,0.4537,0.7
2015,JAIDS Journal of Acquired Immune Deficiency Syndromes,1.0294,0.3235,0.3475,0.7
2015,JAMA,2.7026,1.781,1.83,0.7
2015,JAMA Dermatology,0.3514,0.0,0.0008,0.7
2015,JAMA Internal Medicine,1.3958,0.5694,0.6233,0.7
2015,JAMA Neurology,1.39,0.81,0.8424,0.7
2015,JAMA Ophthalmology,0.6269,0.0597,0.1222,0.7
2015,JAMA Otolaryngology–Head & Neck Surgery,0.6957,0.087,0.132,0.7
2015,JAMA Pediatrics,1.0702,0.3684,0.4087,0.7
2015,JAMA Psychiatry,0.8649,0.1351,0.1397,0.7
2015,JAMA Surgery,0.5128,0.1282,0.139,0.7
2015,JNCI Journal of the National Cancer Institute,1.2234,0.6596,0.6843,0.7
2015,Journal of Adolescent Health,0.9259,0.4815,0.486,0.7
2015,Journal of Affective Disorders,0.2432,0.027,0.027,0.7
2015,Journal of Agricultural and Food Chemistry,0.3913,0.029,0.0331,0.7
2015,Journal of Allergy and Clinical Immunology,0.8966,0.3276,0.3385,0.7
2015,Journal of Alzheimer s Disease,1.1045,0.597,0.6522,0.7
2015,Journal of Antimicrobial Chemotherapy,0.5238,0.2619,0.2626,0.7
2015,Journal of Applied Physiology,0.7442,0.2558,0.2566,0.7
2015,Journal of Athletic Training,1.087,0.6522,0.7081,0.7
2015,Journal of Biological Chemistry,0.7105,0.2412,0.2579,0.7
2015,Journal of Biomechanics,0.6818,0.1591,0.1593,0.7
2015,Journal of Bone and Joint Surgery,0.8526,0.2474,0.2689,0.7
2015,Journal of Bone and Mineral Research,0.8254,0.0952,0.1023,0.7
2015,Journal of Cardiovascular Magnetic Resonance,1.4242,0.9394,0.9192,0.7
2015,Journal of Cataract & Refractive Surgery,0.6667,0.1389,0.1599,0.7
2015,Journal of Cell Science,1.4091,0.6818,0.7191,0.7
2015,Journal of Cellular and Molecular Medicine,1.1429,0.2381,0.3299,0.7
2015,Journal of Cerebral Blood Flow & Metabolism,0.6744,0.0233,0.0394,0.7
2015,Journal of Child Psychology and Psychiatry,0.4,0.0,0.0,0.7
2015,Journal of Clinical Investigation,1.3277,0.5702,0.6084,0.7
2015,Journal of Clinical Microbiology,0.9315,0.3425,0.4077,0.7
2015,Journal of Clinical Oncology,1.6531,0.8367,0.8857,0.7
2015,Journal of Controlled Release,0.3077,0.0,0.0,0.7
2015,Journal of Critical Care,0.5,0.2083,0.2203,0.7
2015,Journal of Ethnopharmacology,0.1481,0.0,0.0,0.7
2015,Journal of Functional Foods,0.5185,0.1481,0.205,0.7
2015,Journal of Gastroenterology and Hepatology,0.4783,0.0,0.0362,0.7
2015,Journal of Gastrointestinal Surgery,0.6111,0.2222,0.2554,0.7
2015,Journal of General Internal Medicine,0.4091,0.0,0.0134,0.7
2015,Journal of Head Trauma Rehabilitation,0.7826,0.3913,0.4638,0.7
2015,Journal of Hepatology,0.976,0.491,0.5204,0.7
2015,Journal of Hypertension,2.3793,1.8621,1.8166,0.7
2015,Journal of Internal Medicine,0.4286,0.0476,0.0676,0.7
2015,Journal of Investigative Dermatology,0.7727,0.2424,0.2829,0.7
2015,Journal of Lipid Research,0.1923,0.0,0.0,0.7
2015,Journal of Magnetic Resonance Imaging,0.6977,0.1395,0.1715,0.7
2015,Journal of Medical Internet Research,0.5455,0.2045,0.2103,0.7
2015,Journal of Medicinal Chemistry,0.8068,0.2841,0.3091,0.7
2015,Journal of NeuroEngineering and Rehabilitation,0.24,0.0,0.0,0.7
2015,Journal of NeuroInterventional Surgery,1.0476,0.8095,0.891,0.7
2015,Journal of Neuroinflammation,0.4138,0.0,0.0028,0.7
2015,Journal of Neurology,0.4231,0.0385,0.0812,0.7
2015,Journal of Neurology Neurosurgery & Psychiatry,0.6022,0.1398,0.1451,0.7
2015,Journal of Neuroscience,1.0,0.4177,0.4497,0.7
2015,Journal of Neurosurgery Spine,0.4516,0.0968,0.0909,0.7
2015,Journal of Neurotrauma,0.7619,0.3333,0.3502,0.7
2015,Journal of Nuclear Medicine,0.9717,0.3302,0.3545,0.7
2015,Journal of Nutrition,0.6071,0.3571,0.3662,0.7
2015,Journal of Orthopaedic Research®,0.6,0.08,0.0605,0.7
2015,Journal of Orthopaedic Trauma,0.25,0.0714,0.074,0.7
2015,Journal of Pain,0.6604,0.0943,0.115,0.7
2015,Journal of Pain and Symptom Management,0.0667,0.0,0.0,0.7
2015,Journal of Pediatric Surgery,0.76,0.32,0.3238,0.7
2015,Journal of Pharmacology and Experimental Therapeutics,1.2727,0.5455,0.5888,0.7
2015,Journal of Physics D Applied Physics,2.7576,2.2121,2.2881,0.7
2015,Journal of Proteome Research,1.0417,0.4583,0.4922,0.7
2015,Journal of Psychiatric Research,0.625,0.0,0.0017,0.7
2015,Journal of Refractive Surgery,0.9545,0.6364,0.5953,0.7
2015,Journal of Shoulder and Elbow Surgery,0.4595,0.1216,0.1406,0.7
2015,Journal of Sports Sciences,0.7027,0.1892,0.2152,0.7
2015,Journal of Thoracic Oncology,1.0625,0.5875,0.645,0.7
2015,Journal of Thoracic and Cardiovascular Surgery,0.472,0.096,0.128,0.7
2015,Journal of Thrombosis and Haemostasis,0.6,0.1778,0.1785,0.7
2015,Journal of Translational Medicine,0.4138,0.0,0.019,0.7
2015,Journal of Vascular Surgery,0.6548,0.2381,0.2438,0.7
2015,Journal of Vascular and Interventional Radiology,0.72,0.04,0.105,0.7
2015,Journal of Virology,1.9707,1.4683,1.4954,0.7
2015,Journal of Visualized Experiments,0.35,0.15,0.1468,0.7
2015,Journal of Women s Health,0.2381,0.0952,0.0816,0.7
2015,Journal of neurosurgery,0.5217,0.0543,0.0804,0.7
2015,Journal of science and medicine in sport,0.8621,0.3103,0.3167,0.7
2015,Journal of the Academy of Nutrition and Dietetics,1.1333,0.6,0.6147,0.7
2015,Journal of the American Academy of Child & Adolescent Psychiatry,0.9048,0.2381,0.2214,0.7
2015,Journal of the American Academy of Dermatology,0.36,0.06,0.0599,0.7
2015,Journal of the American Chemical Society,0.6029,0.0441,0.0653,0.7
2015,Journal of the American College of Cardiology,2.202,1.3939,1.4323,0.7
2015,Journal of the American College of Surgeons,1.1528,0.4861,0.532,0.7
2015,Journal of the American Geriatrics Society,0.806,0.2388,0.2802,0.7
2015,Journal of the American Heart Association,0.573,0.1573,0.176,0.7
2015,Journal of the American Medical Directors Association,1.4468,1.1277,1.123,0.7
2015,Journal of the American Society of Echocardiography,1.8571,1.2143,1.2066,0.7
2015,Journal of the American Society of Nephrology,0.5871,0.1419,0.1716,0.7
2015,Journal of the European Academy of Dermatology and Venereology,0.2273,0.0,0.0745,0.7
2015,Journal of the National Comprehensive Cancer Network,0.9231,0.359,0.3816,0.7
2015,Kidney International,0.9057,0.283,0.3235,0.7
2015,Knee Surgery Sports Traumatology Arthroscopy,0.4375,0.1562,0.1563,0.7
2015,LWT,0.0417,0.0,0.0,0.7
2015,Lara D. Veeken,0.2857,0.0536,0.0531,0.7
2015,Leukemia,1.8687,1.4848,1.4755,0.7
2015,Liver International,0.5143,0.0857,0.0813,0.7
2015,Liver Transplantation,0.6053,0.1053,0.1806,0.7
2015,Lung Cancer,0.7188,0.4062,0.3814,0.7
2015,Magnetic Resonance in Medicine,1.1,0.5143,0.516,0.7
2015,Malaria Journal,1.069,0.4655,0.5327,0.7
2015,Maternal and Child Health Journal,0.36,0.08,0.0568,0.7
2015,Mayo Clinic Proceedings,0.5833,0.2778,0.2816,0.7
2015,Medical Education,0.5,0.0,0.0,0.7
2015,Medical Image Analysis,0.5238,0.0,0.0261,0.7
2015,Medical Physics,0.4828,0.069,0.0564,0.7
2015,Medical Teacher,0.5312,0.0938,0.0833,0.7
2015,Medicine,0.5714,0.1429,0.1131,0.7
2015,Medicine & Science in Sports & Exercise,1.1932,0.4773,0.5163,0.7
2015,Menopause The Journal of The North American Menopause Society,1.4783,0.913,0.9565,0.7
2015,Metabolism,1.35,1.2,1.2,0.7
2015,Midwifery,0.2963,0.0,0.0619,0.7
2015,Modern Pathology,0.8906,0.5156,0.5029,0.7
2015,Molecular Cancer,0.4,0.08,0.1005,0.7
2015,Molecular Cancer Therapeutics,1.0833,0.6042,0.6194,0.7
2015,Molecular Cell,1.6486,0.8919,0.9664,0.7
2015,Molecular Nutrition & Food Research,1.05,0.25,0.2988,0.7
2015,Molecular Psychiatry,0.6286,0.1714,0.1795,0.7
2015,Molecular Therapy,1.0606,0.5758,0.5624,0.7
2015,Molecular and Cellular Biology,0.4783,0.0435,0.0862,0.7
2015,Molecules,0.3333,0.0476,0.0476,0.7
2015,Movement Disorders,1.1692,0.4154,0.4738,0.7
2015,Multiple Sclerosis Journal,0.5417,0.1042,0.0943,0.7
2015,Nature,3.6178,2.6444,2.6997,0.7
2015,Nature Cell Biology,3.0,2.2128,2.2147,0.7
2015,Nature Chemical Biology,0.6,0.25,0.2254,0.7
2015,Nature Communications,0.8716,0.4202,0.4342,0.7
2015,Nature Genetics,3.0979,2.2797,2.2577,0.7
2015,Nature Immunology,0.8929,0.0714,0.1273,0.7
2015,Nature Medicine,2.7258,1.7742,1.8165,0.7
2015,Nature Neuroscience,2.1034,0.6552,0.7126,0.7
2015,Nature Structural & Molecular Biology,1.5833,0.9583,1.0363,0.7
2015,Nephrology Dialysis Transplantation,0.3158,0.0526,0.0398,0.7
2015,Neuro-Oncology,1.1111,0.4722,0.5099,0.7
2015,NeuroImage,1.1181,0.3333,0.3858,0.7
2015,NeuroImage Clinical,0.6579,0.3684,0.3572,0.7
2015,Neurobiology of Aging,0.5584,0.1558,0.1802,0.7
2015,Neurobiology of Disease,0.4082,0.2449,0.2279,0.7
2015,Neurology,1.2386,0.5784,0.621,0.7
2015,Neuron,3.0,2.2619,2.328,0.7
2015,Neuropharmacology,0.5,0.0,0.0438,0.7
2015,Neuropsychopharmacology,0.4286,0.0357,0.0728,0.7
2015,Neurorehabilitation and neural repair,0.3,0.0,0.0,0.7
2015,Neuroscience,0.8889,0.4444,0.4511,0.7
2015,Neurosurgery,0.881,0.2857,0.2779,0.7
2015,Neurosurgical FOCUS,0.4,0.0,0.0,0.7
2015,New England Journal of Medicine,5.6536,4.5543,4.5985,0.7
2015,Nicotine & Tobacco Research,2.9722,2.8333,2.8321,0.7
2015,Nucleic Acids Research,0.8537,0.2927,0.3011,0.7
2015,Nutrients,0.5217,0.0,0.0077,0.7
2015,Nutrition Journal,1.0952,0.2381,0.3455,0.7
2015,Obesity,1.2841,0.5682,0.6023,0.7
2015,Obesity Surgery,1.2051,0.4103,0.4238,0.7
2015,Obstetrics and Gynecology,0.9531,0.3359,0.3601,0.7
2015,Oncogene,0.7119,0.339,0.3356,0.7
2015,Oncotarget,0.2712,0.1186,0.115,0.7
2015,Ophthalmology,1.0,0.3016,0.3415,0.7
2015,Optometry and Vision Science,0.25,0.0,0.0,0.7
2015,Oral Oncology,0.2381,0.0476,0.0476,0.7
2015,Osteoarthritis and Cartilage,0.4118,0.0147,0.0204,0.7
2015,Osteoporosis International,1.5,0.2667,0.392,0.7
2015,Otolaryngology,0.4545,0.0455,0.044,0.7
2015,PEDIATRICS,0.92,0.308,0.3424,0.7
2015,PLoS Genetics,1.0896,0.5821,0.5972,0.7
2015,PLoS Medicine,1.2179,0.4231,0.4537,0.7
2015,PLoS ONE,0.7326,0.269,0.29,0.7
2015,PLoS Pathogens,0.9519,0.2567,0.2977,0.7
2015,PLoS neglected tropical diseases,0.7167,0.2917,0.316,0.7
2015,Pain,0.7404,0.1442,0.1493,0.7
2015,Pain Medicine,0.7727,0.5455,0.5336,0.7
2015,Parasites & Vectors,0.6136,0.1591,0.1762,0.7
2015,Parkinsonism & Related Disorders,0.3333,0.1111,0.1133,0.7
2015,Pediatric Blood & Cancer,0.3889,0.0,0.0,0.7
2015,Pediatric Critical Care Medicine,0.4231,0.1538,0.1538,0.7
2015,Physical Therapy,0.3913,0.1304,0.1189,0.7
2015,Physics in Medicine and Biology,0.7037,0.037,0.0529,0.7
2015,Placenta,0.6,0.15,0.1259,0.7
2015,Plastic & Reconstructive Surgery,0.6711,0.2105,0.1958,0.7
2015,Prenatal Diagnosis,3.7,3.3,3.2234,0.7
2015,Preventive Medicine,1.0968,0.6452,0.6616,0.7
2015,Proceedings of the National Academy of Sciences,1.2828,0.6128,0.6587,0.7
2015,Psycho-Oncology,0.4483,0.0,0.0,0.7
2015,Psychological Medicine,0.6154,0.0769,0.071,0.7
2015,PubMed,0.7764,0.3789,0.3925,0.7
2015,Public Health Nutrition,0.7742,0.5484,0.5484,0.7
2015,Quality of Life Research,0.45,0.0,0.0367,0.7
2015,Radiation Oncology,0.6364,0.1364,0.166,0.7
2015,Radiographics,0.0769,0.0,0.0,0.7
2015,Radiology,1.01,0.385,0.4048,0.7
2015,Radiotherapy and Oncology,0.6078,0.1569,0.1494,0.7
2015,Research in Developmental Disabilities,0.1905,0.0,0.0592,0.7
2015,Respiratory Medicine,0.619,0.1905,0.1899,0.7
2015,Respiratory Research,0.3333,0.0667,0.0667,0.7
2015,Resuscitation,0.8889,0.3889,0.3951,0.7
2015,Retina,0.8205,0.359,0.3776,0.7
2015,SLEEP,0.5897,0.0256,0.0361,0.7
2015,Scandinavian Journal of Medicine and Science in Sports,0.28,0.04,0.04,0.7
2015,Schizophrenia Bulletin,0.4595,0.0811,0.1372,0.7
2015,Schizophrenia Research,0.6286,0.0286,0.0223,0.7
2015,Science,3.7207,2.964,2.9922,0.7
2015,Science Translational Medicine,1.8269,1.1667,1.2199,0.7
2015,Scientific Reports,0.6695,0.3136,0.3354,0.7
2015,Social Science & Medicine,0.4706,0.0882,0.074,0.7
2015,Spine,0.4906,0.1321,0.1492,0.7
2015,Stem Cell Reports,0.2174,0.1304,0.1134,0.7
2015,Stem Cell Research & Therapy,0.4706,0.0294,0.0294,0.7
2015,Stem Cells,0.5357,0.1964,0.2228,0.7
2015,Stem Cells and Development,0.5385,0.0,0.0397,0.7
2015,Stroke,1.3828,0.8373,0.8596,0.7
2015,Supportive Care in Cancer,0.3778,0.0889,0.0828,0.7
2015,Surgery,0.5918,0.2245,0.2137,0.7
2015,Surgery for Obesity and Related Diseases,0.4857,0.2,0.2374,0.7
2015,Surgical Endoscopy,0.54,0.1,0.1048,0.7
2015,The American Journal of Cardiology,0.6912,0.1765,0.2465,0.7
2015,The American Journal of Gastroenterology,1.243,0.6075,0.652,0.7
2015,The American Journal of Human Genetics,1.7872,1.0426,1.0608,0.7
2015,The American Journal of Medicine,0.7593,0.2407,0.2863,0.7
2015,The American Journal of Sports Medicine,0.8423,0.3333,0.356,0.7
2015,The American Journal of Surgery,0.7037,0.1111,0.2499,0.7
2015,The American Journal of Surgical Pathology,1.0825,0.5979,0.6376,0.7
2015,The Annals of Thoracic Surgery,0.4,0.1,0.1077,0.7
2015,The Bone & Joint Journal,0.92,0.28,0.2803,0.7
2015,The British Journal of Psychiatry,0.5484,0.0323,0.0503,0.7
2015,The EMBO Journal,1.6071,0.7857,0.8249,0.7
2015,The FASEB Journal,0.5778,0.1778,0.2018,0.7
2015,The Journal Of Hand Surgery,0.35,0.0,0.0,0.7
2015,The Journal of Arthroplasty,0.75,0.3646,0.3713,0.7
2015,The Journal of Cell Biology,1.4242,0.7879,0.8022,0.7
2015,The Journal of Clinical Endocrinology & Metabolism,1.1311,0.5274,0.5733,0.7
2015,The Journal of Clinical Psychiatry,0.5909,0.1364,0.1276,0.7
2015,The Journal of Experimental Medicine,1.2464,0.5797,0.6115,0.7
2015,The Journal of Heart and Lung Transplantation,0.8889,0.3704,0.4537,0.7
2015,The Journal of Immunology,0.8051,0.1271,0.1919,0.7
2015,The Journal of Infectious Diseases,1.2841,0.642,0.6614,0.7
2015,The Journal of Pathology,0.9189,0.4054,0.4683,0.7
2015,The Journal of Pediatrics,0.3519,0.0648,0.0555,0.7
2015,The Journal of Physiology,1.3704,0.8148,0.7996,0.7
2015,The Journal of Rheumatology,0.3659,0.0244,0.038,0.7
2015,The Journal of Sexual Medicine,0.7381,0.3571,0.3423,0.7
2015,The Journal of Strength and Conditioning Research,0.473,0.0811,0.0812,0.7
2015,"The Journal of Trauma: Injury, Infection, and Critical Care",0.5493,0.1549,0.1539,0.7
2015,The Journal of Urology,0.8992,0.4202,0.4513,0.7
2015,The Journals of Gerontology Series A,1.4545,0.9318,0.9833,0.7
2015,The Lancet,3.1119,2.2649,2.3052,0.7
2015,The Lancet Diabetes & Endocrinology,0.9123,0.5965,0.6394,0.7
2015,The Lancet Global Health,0.4286,0.1905,0.1737,0.7
2015,The Lancet Infectious Diseases,3.4154,2.7538,2.8102,0.7
2015,The Lancet Neurology,3.6613,2.5484,2.634,0.7
2015,The Lancet Oncology,1.963,0.9894,1.0692,0.7
2015,The Lancet Respiratory Medicine,1.0154,0.5538,0.5563,0.7
2015,The Laryngoscope,0.3077,0.0,0.02,0.7
2015,The Oncologist,0.9355,0.2903,0.3452,0.7
2015,The Pediatric Infectious Disease Journal,1.05,0.6,0.6223,0.7
2015,The Spine Journal,0.3273,0.0545,0.0507,0.7
2015,The journal of nutrition health & aging,1.4286,1.0952,1.0864,0.7
2015,Thorax,1.0127,0.481,0.5017,0.7
2015,Thrombosis and Haemostasis,1.6774,1.1935,1.2913,0.7
2015,Thyroid,0.8276,0.2069,0.2335,0.7
2015,Tissue Engineering Part A,0.8636,0.1818,0.2421,0.7
2015,Tobacco Control,2.7692,2.6154,2.6154,0.7
2015,Transfusion,0.8387,0.1613,0.1594,0.7
2015,Transplantation,0.561,0.0732,0.0794,0.7
2015,Ultrasound in Obstetrics and Gynecology,0.8286,0.4571,0.4919,0.7
2015,Unknown,1.9012,0.9942,1.0393,0.7
2015,Urology,0.7917,0.0,0.0,0.7
2015,Vaccine,0.95,0.6333,0.6589,0.7
2015,World Journal of Gastroenterology,0.475,0.05,0.0968,0.7
2015,World Journal of Surgery,0.6389,0.1944,0.1846,0.7
2015,eLife,0.9636,0.6,0.6265,0.7
2015,mAbs,0.5217,0.0,0.009,0.7
2015,mBio,1.7051,1.1282,1.1559,0.7
2016,ACS Nano,0.4324,0.0,0.0,0.7
2016,AIDS,0.9394,0.2424,0.2607,0.7
2016,AIDS and Behavior,0.7308,0.2308,0.343,0.7
2016,Academic Emergency Medicine,0.3478,0.1739,0.137,0.7
2016,Academic Medicine,0.5122,0.1707,0.1936,0.7
2016,Acta Biomaterialia,0.3696,0.0,0.0054,0.7
2016,Acta Neuropathologica,2.8472,2.5417,2.5586,0.7
2016,Acta Neuropathologica Communications,0.9167,0.6389,0.6224,0.7
2016,Acta Orthopaedica,0.6667,0.1905,0.1905,0.7
2016,Addiction,1.2128,0.8298,0.8563,0.7
2016,Age and Ageing,0.875,0.1667,0.18,0.7
2016,Aging Cell,0.4,0.1,0.1,0.7
2016,Alcoholism Clinical and Experimental Research,0.5909,0.0,0.0814,0.7
2016,Alimentary Pharmacology & Therapeutics,1.0128,0.5,0.5508,0.7
2016,Allergy,1.2075,0.5472,0.5878,0.7
2016,Alzheimer s & Dementia,1.4795,0.7397,0.7807,0.7
2016,Alzheimer s Research & Therapy,0.7857,0.3214,0.3538,0.7
2016,American Heart Journal,0.7143,0.4082,0.4036,0.7
2016,American Journal Of Pathology,0.6,0.2667,0.268,0.7
2016,American Journal of Clinical Nutrition,0.6321,0.0849,0.1207,0.7
2016,American Journal of Epidemiology,0.8788,0.0909,0.1516,0.7
2016,American Journal of Hematology,0.5714,0.1714,0.2041,0.7
2016,American Journal of Kidney Diseases,0.3881,0.0448,0.0364,0.7
2016,American Journal of Neuroradiology,0.6066,0.3279,0.3305,0.7
2016,American Journal of Obstetrics and Gynecology,0.7177,0.3629,0.3988,0.7
2016,American Journal of Ophthalmology,1.0337,0.6292,0.6335,0.7
2016,American Journal of Physiology-Endocrinology and Metabolism,0.7241,0.1724,0.194,0.7
2016,American Journal of Physiology-Heart and Circulatory Physiology,0.875,0.125,0.1896,0.7
2016,American Journal of Preventive Medicine,2.2128,1.6596,1.6908,0.7
2016,American Journal of Psychiatry,0.5273,0.1455,0.1616,0.7
2016,American Journal of Public Health,1.1,0.76,0.8012,0.7
2016,American Journal of Respiratory Cell and Molecular Biology,0.4545,0.1364,0.1686,0.7
2016,American Journal of Respiratory and Critical Care Medicine,0.9571,0.3863,0.404,0.7
2016,American Journal of Roentgenology,0.5,0.0417,0.1199,0.7
2016,American Journal of Transplantation,1.0082,0.4672,0.4635,0.7
2016,American Journal of Tropical Medicine and Hygiene,0.6579,0.2368,0.2384,0.7
2016,Anesthesia & Analgesia,0.6458,0.3125,0.3235,0.7
2016,Anesthesiology,0.8506,0.3218,0.3311,0.7
2016,Angewandte Chemie International Edition,0.8261,0.4348,0.4217,0.7
2016,Annals of Clinical and Translational Neurology,0.5652,0.3043,0.3328,0.7
2016,Annals of Emergency Medicine,1.4688,1.0938,1.0743,0.7
2016,Annals of Internal Medicine,1.7768,1.0357,1.1017,0.7
2016,Annals of Neurology,0.9029,0.3398,0.3609,0.7
2016,Annals of Oncology,1.6197,1.0563,1.0893,0.7
2016,Annals of Surgery,0.9381,0.4021,0.423,0.7
2016,Annals of Surgical Oncology,0.539,0.1631,0.1838,0.7
2016,Annals of the American Thoracic Society,0.8214,0.2857,0.3273,0.7
2016,Annals of the Rheumatic Diseases,0.8155,0.1553,0.1794,0.7
2016,Antimicrobial Agents and Chemotherapy,0.9597,0.5806,0.576,0.7
2016,Antiviral Research,0.8571,0.2857,0.3484,0.7
2016,Appetite,0.1724,0.0,0.0,0.7
2016,Archives of Physical Medicine and Rehabilitation,0.4242,0.0303,0.0251,0.7
2016,Archives of Women s Mental Health,0.8182,0.1364,0.1307,0.7
2016,Arteriosclerosis Thrombosis and Vascular Biology,0.4138,0.1207,0.1203,0.7
2016,Arthritis & Rheumatology,0.6609,0.1437,0.1487,0.7
2016,Arthritis Care & Research,0.3103,0.0172,0.0172,0.7
2016,Arthritis Research & Therapy,0.5072,0.0725,0.0708,0.7
2016,Arthroscopy The Journal of Arthroscopic and Related Surgery,0.5532,0.1702,0.1805,0.7
2016,Atherosclerosis,0.6486,0.3243,0.3044,0.7
2016,Autophagy,1.0541,0.5856,0.6152,0.7
2016,BJOG An International Journal of Obstetrics & Gynaecology,0.7213,0.2623,0.2738,0.7
2016,BMC Cancer,0.4471,0.0824,0.096,0.7
2016,BMC Complementary and Alternative Medicine,0.2692,0.0,0.0465,0.7
2016,BMC Genomics,0.6154,0.1346,0.1208,0.7
2016,BMC Geriatrics,0.56,0.04,0.154,0.7
2016,BMC Health Services Research,0.275,0.075,0.075,0.7
2016,BMC Infectious Diseases,0.4,0.0727,0.0855,0.7
2016,BMC Medicine,0.954,0.4023,0.419,0.7
2016,BMC Musculoskeletal Disorders,0.2326,0.0,0.0,0.7
2016,BMC Nephrology,0.15,0.0,0.0,0.7
2016,BMC Neurology,0.1364,0.0,0.0,0.7
2016,BMC Pediatrics,0.2917,0.0,0.0,0.7
2016,BMC Pregnancy and Childbirth,0.7551,0.3265,0.3458,0.7
2016,BMC Psychiatry,0.2,0.0,0.0,0.7
2016,BMC Public Health,0.5101,0.094,0.1171,0.7
2016,BMC Research Notes,0.3438,0.1875,0.1649,0.7
2016,BMC Women s Health,0.2857,0.0357,0.0506,0.7
2016,BMJ,1.3452,0.7262,0.7387,0.7
2016,BMJ Open,0.4504,0.0916,0.0949,0.7
2016,BioMed Research International,0.3115,0.0,0.0,0.7
2016,Biochemical and Biophysical Research Communications,0.4688,0.0,0.0255,0.7
2016,Biochimica et Biophysica Acta (BBA) - Molecular Basis of Disease,0.6,0.0,0.0283,0.7
2016,Biological Psychiatry,1.0263,0.0789,0.1127,0.7
2016,Biology of Blood and Marrow Transplantation,1.6981,1.1887,1.1747,0.7
2016,Biology of Reproduction,0.4545,0.0455,0.0545,0.7
2016,Biomaterials,0.4839,0.0452,0.0509,0.7
2016,Blood,1.3965,0.8802,0.9124,0.7
2016,Bone,0.7188,0.1562,0.1772,0.7
2016,Bone Marrow Transplantation,0.4348,0.1304,0.1126,0.7
2016,Brain,1.0719,0.5948,0.5983,0.7
2016,Brain Behavior and Immunity,0.4828,0.0345,0.0345,0.7
2016,Brain Structure and Function,0.625,0.125,0.1324,0.7
2016,Breast Cancer Research,0.6786,0.0714,0.1054,0.7
2016,Breast Cancer Research and Treatment,1.0385,0.6538,0.6538,0.7
2016,British Journal Of Nutrition,0.7797,0.5254,0.5428,0.7
2016,British Journal of Anaesthesia,0.8197,0.1803,0.284,0.7
2016,British Journal of Cancer,0.9556,0.5111,0.5373,0.7
2016,British Journal of Dermatology,0.4222,0.0222,0.0167,0.7
2016,British Journal of Haematology,0.6849,0.3288,0.3109,0.7
2016,British Journal of Ophthalmology,0.625,0.0179,0.0815,0.7
2016,British Journal of Pharmacology,0.6667,0.0952,0.101,0.7
2016,British Journal of Sports Medicine,1.3803,0.7746,0.8012,0.7
2016,British Journal of Urology,0.7273,0.3864,0.3823,0.7
2016,British journal of surgery,0.625,0.125,0.1264,0.7
2016,CHEST Journal,0.9487,0.3675,0.4289,0.7
2016,Canadian Medical Association Journal,0.7273,0.2727,0.2783,0.7
2016,Cancer,0.9091,0.3864,0.3846,0.7
2016,Cancer Cell,1.8529,1.25,1.2415,0.7
2016,Cancer Discovery,2.169,1.8451,1.8735,0.7
2016,Cancer Epidemiology,0.9,0.45,0.5051,0.7
2016,Cancer Epidemiology Biomarkers & Prevention,1.0889,0.7111,0.6881,0.7
2016,Cancer Immunology Research,1.4255,1.0851,1.1135,0.7
2016,Cancer Letters,0.4792,0.1042,0.0965,0.7
2016,Cancer Research,0.9257,0.48,0.499,0.7
2016,Carbohydrate Polymers,0.3214,0.0,0.0,0.7
2016,Cardiovascular Diabetology,0.92,0.6,0.592,0.7
2016,Cardiovascular Research,0.5333,0.1333,0.1375,0.7
2016,Catheterization and Cardiovascular Interventions,0.28,0.08,0.08,0.7
2016,Cell,2.4706,1.8739,1.8961,0.7
2016,Cell Death and Differentiation,0.5625,0.125,0.1176,0.7
2016,Cell Death and Disease,0.4667,0.1333,0.1716,0.7
2016,Cell Host & Microbe,0.7833,0.1333,0.1494,0.7
2016,Cell Metabolism,2.1099,1.3187,1.3709,0.7
2016,Cell Reports,0.9592,0.449,0.481,0.7
2016,Cell stem cell,1.78,0.98,1.0433,0.7
2016,Cellular Physiology and Biochemistry,2.1071,1.2857,1.2545,0.7
2016,Cephalalgia,0.4545,0.0,0.0,0.7
2016,Cerebral Cortex,0.7273,0.0909,0.0909,0.7
2016,Choice Reviews Online,0.3,0.15,0.1462,0.7
2016,Circulation,1.9814,1.4458,1.4451,0.7
2016,Circulation Arrhythmia and Electrophysiology,1.0469,0.5625,0.6004,0.7
2016,Circulation Cardiovascular Imaging,0.6458,0.0417,0.05,0.7
2016,Circulation Cardiovascular Interventions,1.0222,0.4,0.4295,0.7
2016,Circulation Heart Failure,0.7838,0.1892,0.2666,0.7
2016,Circulation Research,0.7193,0.2281,0.2028,0.7
2016,Clinical & Experimental Allergy,1.5,0.85,0.8945,0.7
2016,Clinical Cancer Research,1.2353,0.7721,0.7863,0.7
2016,Clinical Chemistry,1.0,0.3667,0.3196,0.7
2016,Clinical Endocrinology,0.4,0.1,0.1,0.7
2016,Clinical Gastroenterology and Hepatology,1.0759,0.519,0.5358,0.7
2016,Clinical Infectious Diseases,1.1333,0.6462,0.6452,0.7
2016,Clinical Journal of the American Society of Nephrology,0.6977,0.1047,0.1504,0.7
2016,Clinical Microbiology and Infection,0.6471,0.4118,0.4126,0.7
2016,Clinical Neurophysiology,0.4091,0.1364,0.1349,0.7
2016,Clinical Nutrition,0.8056,0.3611,0.3724,0.7
2016,Clinical Orthopaedics and Related Research,0.6429,0.2321,0.2527,0.7
2016,Cochrane Database of Systematic Reviews,0.5625,0.0625,0.1011,0.7
2016,Computer Methods and Programs in Biomedicine,0.6667,0.0,0.0,0.7
2016,Critical Care,0.4098,0.082,0.0859,0.7
2016,Critical Care Medicine,1.2333,0.75,0.7801,0.7
2016,Current Biology,0.9091,0.2273,0.2528,0.7
2016,Development,0.6786,0.2143,0.2194,0.7
2016,Developmental Cell,1.2188,0.6562,0.6371,0.7
2016,Diabetes,0.7851,0.2562,0.2814,0.7
2016,Diabetes Care,1.4332,0.9539,1.0048,0.7
2016,Diabetes Obesity and Metabolism,1.3778,0.8889,0.9155,0.7
2016,Diabetic Medicine,0.2857,0.0,0.0,0.7
2016,Diabetologia,0.6087,0.1594,0.1528,0.7
2016,Digestive Diseases and Sciences,0.5333,0.1667,0.1855,0.7
2016,Diseases of the Colon & Rectum,0.7333,0.1667,0.2029,0.7
2016,Drug and Alcohol Dependence,0.6833,0.4,0.3746,0.7
2016,EMBO Molecular Medicine,1.5556,1.0,0.9475,0.7
2016,EP Europace,1.2889,0.7333,0.862,0.7
2016,Emerging infectious diseases,1.9659,1.5568,1.5622,0.7
2016,Endocrinology,0.6271,0.1356,0.1671,0.7
2016,Endoscopy,0.7885,0.1923,0.2103,0.7
2016,Epilepsia,0.6721,0.2459,0.2664,0.7
2016,EuroIntervention,1.7097,1.2258,1.2751,0.7
2016,European Heart Journal,2.0731,1.6164,1.6471,0.7
2016,European Heart Journal - Cardiovascular Imaging,0.5714,0.1429,0.1178,0.7
2016,European Journal of Applied Physiology,0.6087,0.3478,0.3561,0.7
2016,European Journal of Cancer,0.875,0.5625,0.5533,0.7
2016,European Journal of Cardio-Thoracic Surgery,1.6042,1.1458,1.1485,0.7
2016,European Journal of Endocrinology,0.85,0.5,0.5246,0.7
2016,European Journal of Heart Failure,0.5556,0.1481,0.131,0.7
2016,European Journal of Human Genetics,1.0,0.4348,0.5123,0.7
2016,European Journal of Medicinal Chemistry,0.5385,0.1538,0.1527,0.7
2016,European Journal of Neurology,0.6522,0.1304,0.2118,0.7
2016,European Journal of Nuclear Medicine and Molecular Imaging,1.7922,1.4416,1.4517,0.7
2016,European Journal of Nutrition,0.28,0.04,0.0676,0.7
2016,European Journal of Pharmacology,0.5333,0.1667,0.1628,0.7
2016,European Journal of Preventive Cardiology,0.72,0.12,0.1272,0.7
2016,European Journal of Radiology,0.4444,0.1111,0.1498,0.7
2016,European Journal of Surgical Oncology,0.3793,0.0345,0.0345,0.7
2016,European Journal of Vascular and Endovascular Surgery,0.5333,0.0,0.0213,0.7
2016,European Radiology,0.4848,0.2273,0.2446,0.7
2016,European Respiratory Journal,0.9068,0.4237,0.4328,0.7
2016,European Spine Journal,0.3636,0.0,0.0,0.7
2016,European Urology,1.092,0.5706,0.5811,0.7
2016,Eurosurveillance,2.7959,2.3265,2.3618,0.7
2016,Fertility and Sterility,0.7731,0.2185,0.2575,0.7
2016,Food & Function,0.3636,0.0,0.031,0.7
2016,Food Chemistry,0.5058,0.0523,0.0552,0.7
2016,Food Research International,0.4146,0.0244,0.0197,0.7
2016,Free Radical Biology and Medicine,0.4474,0.0789,0.0825,0.7
2016,Frontiers in Aging Neuroscience,0.95,0.2,0.2377,0.7
2016,Frontiers in Human Neuroscience,0.3,0.05,0.05,0.7
2016,Frontiers in Microbiology,0.2903,0.0968,0.1233,0.7
2016,Frontiers in Psychology,0.5,0.3,0.2777,0.7
2016,Gastric Cancer,0.36,0.08,0.0957,0.7
2016,Gastroenterology,1.1768,0.7012,0.7399,0.7
2016,Gastrointestinal Endoscopy,0.4516,0.0968,0.1147,0.7
2016,Geriatrics and gerontology international/Geriatrics & gerontology international,1.0833,0.375,0.4027,0.7
2016,Gut,0.9851,0.3657,0.3743,0.7
2016,Gynecologic Oncology,0.8378,0.4459,0.4423,0.7
2016,Haematologica,0.9792,0.4375,0.415,0.7
2016,Head & Neck,0.1667,0.0417,0.0417,0.7
2016,Health Affairs,0.8182,0.1364,0.192,0.7
2016,Health and Quality of Life Outcomes,0.2,0.0,0.0,0.7
2016,Heart,0.7719,0.2807,0.2911,0.7
2016,Heart Rhythm,0.8866,0.4021,0.4477,0.7
2016,Hepatology,1.1659,0.6293,0.6649,0.7
2016,Histopathology,0.9524,0.4762,0.4869,0.7
2016,Human Brain Mapping,0.525,0.05,0.05,0.7
2016,Human Molecular Genetics,1.2055,0.7534,0.795,0.7
2016,Human Reproduction,0.7407,0.25,0.2589,0.7
2016,Hypertension,0.7692,0.3077,0.3282,0.7
2016,IEEE Journal of Biomedical and Health Informatics,0.4815,0.0741,0.082,0.7
2016,IEEE Transactions on Biomedical Engineering,0.4545,0.0909,0.0812,0.7
2016,IEEE Transactions on Medical Imaging,0.6098,0.1707,0.1731,0.7
2016,Immunity,0.8529,0.4118,0.3967,0.7
2016,Industrial Crops and Products,0.525,0.0,0.0354,0.7
2016,Infection Control and Hospital Epidemiology,1.7273,0.8182,0.9262,0.7
2016,Infection and Immunity,0.625,0.0625,0.0668,0.7
2016,Inflammatory Bowel Diseases,0.6667,0.1429,0.1429,0.7
2016,Injury,0.25,0.0714,0.0824,0.7
2016,Intensive Care Medicine,1.3804,0.7609,0.8037,0.7
2016,International Journal of Behavioral Nutrition and Physical Activity,0.5,0.1458,0.1713,0.7
2016,International Journal of Biological Macromolecules,0.1304,0.0,0.0,0.7
2016,International Journal of Cancer,1.5287,1.1264,1.1776,0.7
2016,International Journal of Cardiology,0.5625,0.2188,0.2416,0.7
2016,International Journal of Drug Policy,0.8636,0.1364,0.3007,0.7
2016,International Journal of Environmental Research and Public Health,1.1034,0.7931,0.8201,0.7
2016,International Journal of Epidemiology,0.5122,0.0244,0.037,0.7
2016,International Journal of Gynecology & Obstetrics,0.48,0.04,0.1288,0.7
2016,International Journal of Molecular Sciences,0.3871,0.0323,0.0434,0.7
2016,International Journal of Obesity,0.72,0.24,0.2686,0.7
2016,International Journal of Oncology,0.3913,0.1304,0.158,0.7
2016,International Journal of Radiation Oncology*Biology*Physics,0.8544,0.3301,0.3577,0.7
2016,International Journal of Sports Physiology and Performance,1.0476,0.5714,0.6062,0.7
2016,International Orthopaedics,0.2,0.0,0.0,0.7
2016,Investigative Ophthalmology & Visual Science,0.6371,0.2016,0.1969,0.7
2016,JACC Heart Failure,0.4146,0.0732,0.0751,0.7
2016,JACC. Cardiovascular imaging,0.7,0.2167,0.2539,0.7
2016,JACC: Cardiovascular Interventions,0.8776,0.4388,0.4381,0.7
2016,JAIDS Journal of Acquired Immune Deficiency Syndromes,0.9474,0.4737,0.4416,0.7
2016,JAMA,2.4737,1.7193,1.7538,0.7
2016,JAMA Dermatology,0.4444,0.1333,0.1341,0.7
2016,JAMA Internal Medicine,1.6923,0.9385,0.9884,0.7
2016,JAMA Neurology,1.1207,0.7414,0.7693,0.7
2016,JAMA Oncology,0.4364,0.3455,0.3474,0.7
2016,JAMA Ophthalmology,1.7391,1.0725,1.0593,0.7
2016,JAMA Otolaryngology–Head & Neck Surgery,1.1364,0.6364,0.6007,0.7
2016,JAMA Pediatrics,1.2429,0.6714,0.7021,0.7
2016,JAMA Psychiatry,1.1,0.4571,0.4819,0.7
2016,JAMA Surgery,0.988,0.5422,0.5599,0.7
2016,JNCI Journal of the National Cancer Institute,1.1239,0.4867,0.5058,0.7
2016,Journal of Affective Disorders,0.3774,0.0755,0.082,0.7
2016,Journal of Agricultural and Food Chemistry,0.5,0.0172,0.0387,0.7
2016,Journal of Allergy and Clinical Immunology,1.1965,0.5318,0.5499,0.7
2016,Journal of Alzheimer s Disease,1.0735,0.4853,0.4973,0.7
2016,Journal of Antimicrobial Chemotherapy,1.0,0.3191,0.358,0.7
2016,Journal of Applied Physiology,0.6842,0.1053,0.0932,0.7
2016,Journal of Assisted Reproduction and Genetics,0.5,0.1,0.0849,0.7
2016,Journal of Athletic Training,1.0,0.6154,0.6175,0.7
2016,Journal of Biological Chemistry,0.6413,0.1304,0.1789,0.7
2016,Journal of Biomechanics,0.3171,0.0244,0.0244,0.7
2016,Journal of Bone and Joint Surgery,0.9745,0.3758,0.3814,0.7
2016,Journal of Bone and Mineral Research,0.6296,0.1296,0.189,0.7
2016,Journal of Cachexia Sarcopenia and Muscle,0.8462,0.2692,0.3034,0.7
2016,Journal of Cardiovascular Electrophysiology,1.3333,1.2222,1.2143,0.7
2016,Journal of Cardiovascular Magnetic Resonance,0.931,0.3448,0.3592,0.7
2016,Journal of Cataract & Refractive Surgery,1.0645,0.6129,0.6917,0.7
2016,Journal of Cerebral Blood Flow & Metabolism,0.5957,0.0213,0.0511,0.7
2016,Journal of Clinical Investigation,1.3557,0.5515,0.5732,0.7
2016,Journal of Clinical Microbiology,0.8986,0.3913,0.4287,0.7
2016,Journal of Clinical Oncology,1.8742,1.1908,1.2242,0.7
2016,Journal of Controlled Release,0.3056,0.0,0.0,0.7
2016,Journal of Critical Care,0.4074,0.037,0.0408,0.7
2016,Journal of Ethnopharmacology,0.3077,0.0,0.0,0.7
2016,Journal of Functional Foods,0.4667,0.0889,0.0786,0.7
2016,Journal of Gastroenterology,1.25,0.75,0.777,0.7
2016,Journal of Gastroenterology and Hepatology,0.4583,0.0417,0.0496,0.7
2016,Journal of Gastrointestinal Surgery,0.9032,0.2903,0.3297,0.7
2016,Journal of General Internal Medicine,0.3333,0.0833,0.1007,0.7
2016,Journal of Hepatology,1.2131,0.6011,0.6385,0.7
2016,Journal of Hypertension,0.619,0.0952,0.1233,0.7
2016,Journal of Investigative Dermatology,0.6226,0.1321,0.1835,0.7
2016,Journal of Lipid Research,1.05,0.6,0.6292,0.7
2016,Journal of Magnetic Resonance Imaging,0.8056,0.1667,0.1631,0.7
2016,Journal of Medical Genetics,0.6667,0.1429,0.1909,0.7
2016,Journal of Medical Internet Research,0.3542,0.0417,0.04,0.7
2016,Journal of Medicinal Chemistry,1.131,0.5952,0.6621,0.7
2016,Journal of Neuro-Oncology,0.6818,0.3182,0.3296,0.7
2016,Journal of NeuroEngineering and Rehabilitation,0.5238,0.0,0.0,0.7
2016,Journal of NeuroInterventional Surgery,0.8846,0.4615,0.4981,0.7
2016,Journal of Neuroinflammation,0.375,0.1562,0.1537,0.7
2016,Journal of Neurology,0.4483,0.0,0.0239,0.7
2016,Journal of Neurology Neurosurgery & Psychiatry,0.6622,0.1486,0.1462,0.7
2016,Journal of Neuroscience,0.8121,0.2886,0.3268,0.7
2016,Journal of Neurosurgery Spine,0.5238,0.0476,0.0859,0.7
2016,Journal of Neurotrauma,0.6,0.0667,0.0701,0.7
2016,Journal of Nuclear Medicine,1.0472,0.5566,0.6079,0.7
2016,Journal of Nutrition,0.8378,0.4054,0.4187,0.7
2016,Journal of Orthopaedic Research®,0.4286,0.1429,0.1583,0.7
2016,Journal of Orthopaedic Trauma,0.2581,0.0,0.0,0.7
2016,Journal of Pain,0.5349,0.1163,0.1163,0.7
2016,Journal of Pain and Symptom Management,0.2,0.0,0.0,0.7
2016,Journal of Physics D Applied Physics,2.381,2.1905,2.1068,0.7
2016,Journal of Proteome Research,0.6667,0.0476,0.1291,0.7
2016,Journal of Psychiatric Research,0.4762,0.0476,0.0788,0.7
2016,Journal of Refractive Surgery,1.0,0.5455,0.5491,0.7
2016,Journal of Shoulder and Elbow Surgery,0.5114,0.1477,0.1659,0.7
2016,Journal of Sports Sciences,0.6296,0.2407,0.2943,0.7
2016,Journal of Thoracic Oncology,1.2386,0.7955,0.8216,0.7
2016,Journal of Thoracic and Cardiovascular Surgery,0.5306,0.1429,0.1573,0.7
2016,Journal of Thrombosis and Haemostasis,0.4792,0.125,0.1581,0.7
2016,Journal of Translational Medicine,0.7097,0.4194,0.4197,0.7
2016,Journal of Vascular Surgery,0.7727,0.4091,0.4081,0.7
2016,Journal of Virology,1.1697,0.6848,0.7078,0.7
2016,Journal of Visualized Experiments,0.2,0.0,0.0312,0.7
2016,Journal of neurosurgery,0.4867,0.0796,0.0923,0.7
2016,Journal of science and medicine in sport,1.1667,0.8333,0.8809,0.7
2016,Journal of the Academy of Nutrition and Dietetics,0.44,0.04,0.04,0.7
2016,Journal of the American Academy of Child & Adolescent Psychiatry,0.4762,0.0,0.0,0.7
2016,Journal of the American Academy of Dermatology,0.6522,0.2609,0.2417,0.7
2016,Journal of the American Chemical Society,0.9583,0.4583,0.4971,0.7
2016,Journal of the American College of Cardiology,1.8091,1.2977,1.3236,0.7
2016,Journal of the American College of Surgeons,0.4667,0.0833,0.0924,0.7
2016,Journal of the American Geriatrics Society,1.0328,0.4918,0.4898,0.7
2016,Journal of the American Heart Association,0.6697,0.3211,0.3186,0.7
2016,Journal of the American Medical Directors Association,1.4737,0.9474,0.955,0.7
2016,Journal of the American Society of Echocardiography,1.7692,0.9615,0.9809,0.7
2016,Journal of the American Society of Nephrology,0.7209,0.1977,0.2076,0.7
2016,Journal of the European Academy of Dermatology and Venereology,0.7727,0.1364,0.1456,0.7
2016,Journal of the National Comprehensive Cancer Network,1.2895,0.6842,0.7815,0.7
2016,Kidney International,0.7363,0.1429,0.1654,0.7
2016,Knee Surgery Sports Traumatology Arthroscopy,0.8088,0.3235,0.3233,0.7
2016,LWT,0.2683,0.0,0.0,0.7
2016,Lara D. Veeken,0.3793,0.0,0.0,0.7
2016,Leukemia,1.7263,1.2211,1.2404,0.7
2016,Liver International,0.4375,0.0625,0.1111,0.7
2016,Liver Transplantation,0.7667,0.4667,0.4651,0.7
2016,Lung Cancer,0.7105,0.3158,0.3208,0.7
2016,MMWR Morbidity and Mortality Weekly Report,1.6364,1.2273,1.2603,0.7
2016,Magnetic Resonance in Medicine,0.7358,0.1321,0.1499,0.7
2016,Malaria Journal,1.0145,0.5072,0.5428,0.7
2016,Mayo Clinic Proceedings,1.0,0.4375,0.5121,0.7
2016,Medical Education,0.5833,0.1667,0.1945,0.7
2016,Medical Physics,0.8889,0.4444,0.4532,0.7
2016,Medical Teacher,0.5714,0.0476,0.0413,0.7
2016,Medicine,0.3214,0.0714,0.0796,0.7
2016,Medicine & Science in Sports & Exercise,1.3425,0.7534,0.7796,0.7
2016,Metabolism,0.8636,0.4091,0.4618,0.7
2016,Modern Pathology,1.1961,0.6078,0.5811,0.7
2016,Molecular Cancer,0.3043,0.0435,0.0312,0.7
2016,Molecular Cancer Therapeutics,0.5938,0.0938,0.1173,0.7
2016,Molecular Cell,1.0185,0.4259,0.4658,0.7
2016,Molecular Metabolism,0.72,0.2,0.1966,0.7
2016,Molecular Neurodegeneration,0.2381,0.1905,0.1805,0.7
2016,Molecular Nutrition & Food Research,0.2727,0.0,0.031,0.7
2016,Molecular Psychiatry,0.5946,0.1622,0.1985,0.7
2016,Molecular Therapy,0.5769,0.1154,0.1221,0.7
2016,Molecules,0.4444,0.037,0.037,0.7
2016,Movement Disorders,0.7123,0.2055,0.2343,0.7
2016,Multiple Sclerosis Journal,0.5714,0.3333,0.322,0.7
2016,Muscle & Nerve,0.75,0.4,0.3572,0.7
2016,Nature,3.3392,2.7533,2.7844,0.7
2016,Nature Biotechnology,1.087,0.7391,0.7391,0.7
2016,Nature Cell Biology,1.2979,0.7234,0.7624,0.7
2016,Nature Chemical Biology,0.9032,0.5484,0.5334,0.7
2016,Nature Communications,0.9949,0.5204,0.5468,0.7
2016,Nature Genetics,2.7203,2.0339,2.0909,0.7
2016,Nature Medicine,1.5849,1.0094,1.0421,0.7
2016,Nature Neuroscience,1.4194,0.7419,0.8079,0.7
2016,Nature Structural & Molecular Biology,1.3636,0.6364,0.6458,0.7
2016,Nephrology Dialysis Transplantation,0.4688,0.0156,0.0297,0.7
2016,Neuro-Oncology,0.8537,0.4756,0.4752,0.7
2016,NeuroImage,1.0221,0.4926,0.5146,0.7
2016,NeuroImage Clinical,0.5128,0.0769,0.0817,0.7
2016,Neurobiology of Aging,0.8553,0.4474,0.4733,0.7
2016,Neurobiology of Disease,0.7021,0.2553,0.2947,0.7
2016,Neurogastroenterology & Motility,0.9167,0.2083,0.2335,0.7
2016,Neurology,1.1045,0.5187,0.5351,0.7
2016,Neurology Neuroimmunology & Neuroinflammation,1.35,1.1,1.118,0.7
2016,Neuron,2.0952,1.2619,1.2703,0.7
2016,Neuropsychopharmacology,0.7097,0.2258,0.2828,0.7
2016,Neurorehabilitation and neural repair,0.2917,0.0,0.0,0.7
2016,Neuroscience,0.56,0.08,0.1633,0.7
2016,Neurosurgery,0.5849,0.2642,0.2596,0.7
2016,Neurosurgical FOCUS,0.375,0.0,0.0,0.7
2016,New England Journal of Medicine,6.0444,5.2889,5.3079,0.7
2016,Nicotine & Tobacco Research,3.6818,3.3636,3.4085,0.7
2016,Nucleic Acids Research,0.9268,0.3659,0.3747,0.7
2016,Nutrients,0.3404,0.0638,0.0629,0.7
2016,Obesity,0.54,0.16,0.1553,0.7
2016,Obesity Surgery,0.75,0.175,0.1762,0.7
2016,Obstetrics and Gynecology,0.9323,0.3609,0.3861,0.7
2016,OncoImmunology,0.2727,0.1212,0.1236,0.7
2016,Oncogene,0.4815,0.0741,0.095,0.7
2016,Oncotarget,0.3736,0.2088,0.214,0.7
2016,Ophthalmology,1.2081,0.7766,0.7883,0.7
2016,Oral Oncology,0.3913,0.0435,0.0379,0.7
2016,Orphanet Journal of Rare Diseases,0.45,0.05,0.1081,0.7
2016,Osteoarthritis and Cartilage,0.8065,0.3065,0.3306,0.7
2016,Osteoporosis International,1.25,0.5833,0.6597,0.7
2016,Otolaryngology,0.3462,0.1154,0.0983,0.7
2016,PEDIATRICS,0.8045,0.3455,0.3593,0.7
2016,PLoS Biology,0.8095,0.3333,0.3412,0.7
2016,PLoS Computational Biology,1.45,1.1,1.058,0.7
2016,PLoS Genetics,0.8621,0.3276,0.3565,0.7
2016,PLoS Medicine,1.1184,0.5132,0.5792,0.7
2016,PLoS ONE,0.5838,0.1798,0.1954,0.7
2016,PLoS Pathogens,0.7765,0.2905,0.2928,0.7
2016,PLoS neglected tropical diseases,0.888,0.32,0.365,0.7
2016,Pain,0.5455,0.0909,0.0893,0.7
2016,Pain Medicine,0.3182,0.0,0.0312,0.7
2016,Parasites & Vectors,0.678,0.2373,0.2494,0.7
2016,Parkinsonism & Related Disorders,0.4375,0.2188,0.2021,0.7
2016,Pediatric Blood & Cancer,0.4667,0.0667,0.0723,0.7
2016,Pediatric Critical Care Medicine,0.6552,0.4138,0.4237,0.7
2016,Physics in Medicine and Biology,0.5676,0.2162,0.1992,0.7
2016,Plasma Sources Science and Technology,3.04,2.6,2.6768,0.7
2016,Plastic & Reconstructive Surgery,0.6912,0.0294,0.109,0.7
2016,Preventive Medicine,0.6667,0.3056,0.3325,0.7
2016,Proceedings of the National Academy of Sciences,1.1779,0.618,0.6514,0.7
2016,Psycho-Oncology,0.3611,0.0556,0.0617,0.7
2016,Psychological Medicine,0.4848,0.0,0.0,0.7
2016,PubMed,0.988,0.61,0.6166,0.7
2016,Public Health Nutrition,0.3103,0.069,0.0617,0.7
2016,Radiographics,0.1613,0.0,0.0,0.7
2016,Radiology,0.8418,0.3333,0.3321,0.7
2016,Radiotherapy and Oncology,0.7037,0.3148,0.345,0.7
2016,Reproductive Health,0.5938,0.1562,0.1937,0.7
2016,Respiratory Medicine,0.3714,0.0,0.0273,0.7
2016,Respiratory Research,0.8636,0.0455,0.1526,0.7
2016,Resuscitation,2.6833,2.3167,2.335,0.7
2016,Retina,0.9623,0.6792,0.6953,0.7
2016,SLEEP,0.6512,0.0233,0.0369,0.7
2016,Scandinavian Journal of Medicine and Science in Sports,0.6591,0.3409,0.3324,0.7
2016,Schizophrenia Bulletin,0.641,0.2308,0.2288,0.7
2016,Schizophrenia Research,0.525,0.15,0.1769,0.7
2016,Science,2.808,2.112,2.1027,0.7
2016,Science Translational Medicine,1.3506,0.7662,0.8057,0.7
2016,Scientific Reports,0.4448,0.224,0.2341,0.7
2016,Social Science & Medicine,0.3667,0.1333,0.1297,0.7
2016,Spine,0.4091,0.0341,0.0307,0.7
2016,Stem Cell Reports,0.8205,0.3333,0.3441,0.7
2016,Stem Cell Research & Therapy,0.4545,0.0227,0.0651,0.7
2016,Stem Cells,0.7059,0.1765,0.1823,0.7
2016,Stem Cells Translational Medicine,0.2857,0.0,0.0,0.7
2016,Stem Cells and Development,0.5,0.0,0.0,0.7
2016,Stroke,1.1236,0.5955,0.6171,0.7
2016,Supportive Care in Cancer,0.2308,0.1154,0.1106,0.7
2016,Surgery,0.44,0.2,0.1868,0.7
2016,Surgery for Obesity and Related Diseases,0.2258,0.0645,0.0461,0.7
2016,Surgical Endoscopy,0.4808,0.0481,0.0739,0.7
2016,The American Journal of Cardiology,0.7414,0.3276,0.3134,0.7
2016,The American Journal of Gastroenterology,1.0879,0.5385,0.5583,0.7
2016,The American Journal of Human Genetics,0.9286,0.3929,0.3931,0.7
2016,The American Journal of Medicine,1.1304,0.6522,0.7391,0.7
2016,The American Journal of Sports Medicine,1.0751,0.5305,0.5515,0.7
2016,The American Journal of Surgical Pathology,0.8113,0.2547,0.284,0.7
2016,The Annals of Thoracic Surgery,0.3733,0.0267,0.0303,0.7
2016,The Bone & Joint Journal,0.9111,0.6222,0.6231,0.7
2016,The British Journal of Psychiatry,0.56,0.0,0.0,0.7
2016,The EMBO Journal,0.7037,0.037,0.0807,0.7
2016,The FASEB Journal,0.6596,0.1489,0.1791,0.7
2016,The Journal of Allergy and Clinical Immunology In Practice,0.5,0.25,0.2352,0.7
2016,The Journal of Arthroplasty,0.5543,0.1848,0.1875,0.7
2016,The Journal of Cell Biology,1.5,0.6429,0.7269,0.7
2016,The Journal of Clinical Endocrinology & Metabolism,1.0699,0.5331,0.5343,0.7
2016,The Journal of Clinical Psychiatry,1.0,0.28,0.2633,0.7
2016,The Journal of Experimental Medicine,0.9444,0.2222,0.293,0.7
2016,The Journal of Headache and Pain,0.4,0.0,0.0026,0.7
2016,The Journal of Heart and Lung Transplantation,0.8125,0.6875,0.7038,0.7
2016,The Journal of Immunology,0.6575,0.0822,0.0895,0.7
2016,The Journal of Infectious Diseases,1.0714,0.5286,0.5725,0.7
2016,The Journal of Nutritional Biochemistry,0.2727,0.0,0.0,0.7
2016,The Journal of Pathology,0.9706,0.3529,0.4256,0.7
2016,The Journal of Pediatrics,0.6531,0.2755,0.2844,0.7
2016,The Journal of Physiology,0.9259,0.2593,0.314,0.7
2016,The Journal of Rheumatology,0.3571,0.0,0.0084,0.7
2016,The Journal of Sexual Medicine,0.1364,0.0,0.0,0.7
2016,The Journal of Strength and Conditioning Research,0.7867,0.2133,0.2371,0.7
2016,"The Journal of Trauma: Injury, Infection, and Critical Care",0.5063,0.0886,0.1012,0.7
2016,The Journal of Urology,0.8317,0.3267,0.3384,0.7
2016,The Journals of Gerontology Series A,1.9783,1.7174,1.7279,0.7
2016,The Lancet,2.8339,2.1513,2.1697,0.7
2016,The Lancet Diabetes & Endocrinology,1.7576,1.1061,1.1587,0.7
2016,The Lancet Global Health,0.825,0.275,0.2896,0.7
2016,The Lancet Haematology,0.2857,0.0,0.1266,0.7
2016,The Lancet Infectious Diseases,1.962,1.4304,1.4589,0.7
2016,The Lancet Neurology,2.2167,1.6,1.6121,0.7
2016,The Lancet Oncology,2.2932,1.6178,1.6558,0.7
2016,The Lancet Psychiatry,1.3,0.9,0.9239,0.7
2016,The Lancet Respiratory Medicine,1.6216,0.9865,1.0195,0.7
2016,The Laryngoscope,0.5556,0.0278,0.0393,0.7
2016,The Oncologist,0.6667,0.2727,0.3194,0.7
2016,The Spine Journal,0.1429,0.0,0.0,0.7
2016,Thorax,0.5714,0.1948,0.2233,0.7
2016,Thrombosis and Haemostasis,1.5484,1.0968,1.1708,0.7
2016,Thyroid,0.5652,0.2174,0.1982,0.7
2016,Tobacco Control,3.069,2.6897,2.7048,0.7
2016,Transfusion,0.52,0.12,0.1148,0.7
2016,Translational Psychiatry,0.4286,0.0,0.0,0.7
2016,Transplantation,0.3636,0.0227,0.0355,0.7
2016,Ultrasound in Obstetrics and Gynecology,0.9302,0.5814,0.5875,0.7
2016,Unknown,1.3057,0.6879,0.6975,0.7
2016,Urology,0.7917,0.0417,0.0799,0.7
2016,Vaccine,0.6607,0.4286,0.4216,0.7
2016,World Journal of Gastroenterology,0.4,0.0222,0.0409,0.7
2016,World Journal of Surgery,0.7586,0.3793,0.3685,0.7
2016,World Neurosurgery,0.1,0.0,0.0,0.7
2016,eLife,0.8,0.51,0.5297,0.7
2016,mAbs,0.3913,0.087,0.0835,0.7
2016,mBio,1.5921,1.0921,1.0889,0.7
2017,ACS Applied Materials & Interfaces,0.4324,0.0,0.033,0.7
2017,ACS Chemical Biology,0.381,0.0476,0.0824,0.7
2017,ACS Nano,0.4545,0.0,0.0,0.7
2017,AIDS,0.72,0.2,0.214,0.7
2017,AIDS and Behavior,1.0625,0.8125,0.7923,0.7
2017,Academic Emergency Medicine,0.25,0.0,0.0,0.7
2017,Academic Medicine,0.5854,0.122,0.1419,0.7
2017,Acta Biomaterialia,0.3182,0.0152,0.0354,0.7
2017,Acta Neuropathologica,2.4595,2.0,1.9586,0.7
2017,Acta Neuropathologica Communications,1.1538,0.6923,0.701,0.7
2017,Acta Ophthalmologica,0.1905,0.0,0.0,0.7
2017,Addiction,1.0,0.5714,0.5714,0.7
2017,Aesthetic Surgery Journal,0.7,0.0,0.0144,0.7
2017,Age and Ageing,0.4706,0.0294,0.0776,0.7
2017,Aging,0.35,0.15,0.15,0.7
2017,Aging Cell,1.1429,0.6667,0.6832,0.7
2017,Alcoholism Clinical and Experimental Research,0.5417,0.0,0.0,0.7
2017,Alimentary Pharmacology & Therapeutics,1.3056,0.8472,0.8904,0.7
2017,Allergy,0.7083,0.2708,0.289,0.7
2017,Alzheimer s & Dementia,2.4853,1.6618,1.7191,0.7
2017,Alzheimer s & Dementia Diagnosis Assessment & Disease Monitoring,0.4286,0.2857,0.2576,0.7
2017,Alzheimer s Research & Therapy,0.7931,0.1379,0.223,0.7
2017,American Heart Journal,0.8,0.42,0.4647,0.7
2017,American Journal Of Pathology,0.9118,0.2353,0.2284,0.7
2017,American Journal of Clinical Nutrition,0.8396,0.2736,0.2906,0.7
2017,American Journal of Epidemiology,0.75,0.3125,0.2933,0.7
2017,American Journal of Hematology,0.5294,0.1471,0.1263,0.7
2017,American Journal of Kidney Diseases,0.6338,0.0704,0.1029,0.7
2017,American Journal of Neuroradiology,0.6909,0.1455,0.151,0.7
2017,American Journal of Obstetrics and Gynecology,0.6918,0.2397,0.2546,0.7
2017,American Journal of Ophthalmology,1.7126,1.3793,1.3812,0.7
2017,American Journal of Physiology-Endocrinology and Metabolism,0.1818,0.0,0.0,0.7
2017,American Journal of Physiology-Heart and Circulatory Physiology,0.4,0.16,0.1758,0.7
2017,American Journal of Preventive Medicine,1.3158,0.8684,0.861,0.7
2017,American Journal of Psychiatry,1.0,0.3667,0.3866,0.7
2017,American Journal of Public Health,1.2439,0.878,0.907,0.7
2017,American Journal of Respiratory and Critical Care Medicine,1.1589,0.3879,0.4562,0.7
2017,American Journal of Roentgenology,0.5926,0.3148,0.293,0.7
2017,American Journal of Transplantation,1.1145,0.542,0.5288,0.7
2017,American Journal of Tropical Medicine and Hygiene,1.9697,1.3636,1.4119,0.7
2017,Anaesthesia,0.5714,0.0,0.07,0.7
2017,Analytical Chemistry,0.3043,0.1739,0.1564,0.7
2017,Anesthesia & Analgesia,0.2619,0.0238,0.0201,0.7
2017,Anesthesiology,0.7222,0.1667,0.1726,0.7
2017,Angewandte Chemie International Edition,0.9184,0.4082,0.4347,0.7
2017,Annals of Clinical and Translational Neurology,1.1481,0.8889,0.9067,0.7
2017,Annals of Emergency Medicine,1.6875,0.8438,0.9204,0.7
2017,Annals of Intensive Care,0.5652,0.2174,0.2649,0.7
2017,Annals of Internal Medicine,2.1321,1.2736,1.3558,0.7
2017,Annals of Neurology,1.7941,1.0588,1.0917,0.7
2017,Annals of Oncology,1.164,0.7354,0.7638,0.7
2017,Annals of Surgery,0.7177,0.177,0.1929,0.7
2017,Annals of Surgical Oncology,0.6842,0.1404,0.1839,0.7
2017,Annals of the American Thoracic Society,0.8421,0.2281,0.221,0.7
2017,Annals of the Rheumatic Diseases,0.646,0.0559,0.0766,0.7
2017,Antimicrobial Agents and Chemotherapy,0.6588,0.1412,0.1757,0.7
2017,Antioxidants and Redox Signaling,0.4615,0.0769,0.0811,0.7
2017,Antiviral Research,0.2727,0.0455,0.0874,0.7
2017,Appetite,0.2143,0.0,0.0,0.7
2017,Archives of Physical Medicine and Rehabilitation,0.4074,0.0,0.0,0.7
2017,Arteriosclerosis Thrombosis and Vascular Biology,0.5769,0.1731,0.1899,0.7
2017,Arthritis & Rheumatology,0.6813,0.0875,0.1058,0.7
2017,Arthritis Care & Research,0.3333,0.0,0.0,0.7
2017,Arthritis Research & Therapy,0.2281,0.0,0.0,0.7
2017,Arthroscopy The Journal of Arthroscopic and Related Surgery,0.6471,0.1765,0.2116,0.7
2017,Atherosclerosis,0.875,0.45,0.4936,0.7
2017,Autophagy,1.1228,0.4912,0.5335,0.7
2017,BJOG An International Journal of Obstetrics & Gynaecology,0.9574,0.234,0.2866,0.7
2017,BMC Cancer,0.3797,0.0633,0.068,0.7
2017,BMC Complementary and Alternative Medicine,0.0435,0.0,0.0,0.7
2017,BMC Genomics,0.8,0.0857,0.1032,0.7
2017,BMC Geriatrics,0.5806,0.0645,0.0904,0.7
2017,BMC Health Services Research,0.3137,0.0392,0.0517,0.7
2017,BMC Infectious Diseases,0.4211,0.1579,0.1693,0.7
2017,BMC Medicine,1.1067,0.4533,0.4713,0.7
2017,BMC Musculoskeletal Disorders,0.2245,0.0,0.0,0.7
2017,BMC Nephrology,0.15,0.0,0.0,0.7
2017,BMC Neurology,0.1905,0.0,0.0,0.7
2017,BMC Pediatrics,0.5,0.0,0.0,0.7
2017,BMC Pregnancy and Childbirth,0.5521,0.2188,0.2253,0.7
2017,BMC Psychiatry,0.2333,0.0,0.0067,0.7
2017,BMC Public Health,0.4483,0.0086,0.0172,0.7
2017,BMC Research Notes,0.0769,0.0,0.0,0.7
2017,BMC Women s Health,0.3333,0.1429,0.1758,0.7
2017,BMJ,1.5828,0.9139,0.924,0.7
2017,BMJ Open,0.4099,0.0683,0.0739,0.7
2017,BioMed Research International,0.359,0.0,0.0293,0.7
2017,Biochemical and Biophysical Research Communications,0.4595,0.3243,0.3192,0.7
2017,Biological Psychiatry,0.9655,0.069,0.1258,0.7
2017,Biology of Blood and Marrow Transplantation,0.7955,0.0909,0.1134,0.7
2017,Biomaterials,0.456,0.072,0.082,0.7
2017,Biomedicine & Pharmacotherapy,0.0435,0.0,0.0,0.7
2017,Blood,1.144,0.5501,0.5692,0.7
2017,Bone,0.4074,0.0,0.0203,0.7
2017,Bone Marrow Transplantation,0.8095,0.1429,0.1602,0.7
2017,Brain,1.2143,0.625,0.6767,0.7
2017,Brain Behavior and Immunity,0.5357,0.0,0.0474,0.7
2017,Breast Cancer Research,0.4444,0.1111,0.15,0.7
2017,Breast Cancer Research and Treatment,0.5,0.0,0.0291,0.7
2017,British Journal Of Nutrition,1.0727,0.4909,0.5367,0.7
2017,British Journal of Anaesthesia,0.4528,0.1321,0.1449,0.7
2017,British Journal of Cancer,1.1193,0.4312,0.4761,0.7
2017,British Journal of Dermatology,0.48,0.12,0.1442,0.7
2017,British Journal of Haematology,0.8333,0.3833,0.4014,0.7
2017,British Journal of Ophthalmology,0.75,0.25,0.247,0.7
2017,British Journal of Pharmacology,0.8095,0.2381,0.2828,0.7
2017,British Journal of Sports Medicine,1.9157,1.2289,1.3019,0.7
2017,British Journal of Urology,0.4878,0.1707,0.1684,0.7
2017,British journal of surgery,0.6622,0.1486,0.1749,0.7
2017,CHEST Journal,0.699,0.1553,0.1859,0.7
2017,Canadian Medical Association Journal,1.3043,0.913,0.9124,0.7
2017,Cancer,0.7531,0.2469,0.2649,0.7
2017,Cancer Cell,1.6447,0.8816,0.9149,0.7
2017,Cancer Discovery,1.9571,1.5429,1.547,0.7
2017,Cancer Epidemiology,0.8519,0.1852,0.2656,0.7
2017,Cancer Epidemiology Biomarkers & Prevention,0.931,0.2414,0.3698,0.7
2017,Cancer Immunology Research,1.7797,1.4237,1.4483,0.7
2017,Cancer Letters,0.2553,0.0213,0.0213,0.7
2017,Cancer Research,1.0847,0.6102,0.609,0.7
2017,Carbohydrate Polymers,0.2571,0.0286,0.0393,0.7
2017,Cardiovascular Diabetology,0.44,0.2,0.1914,0.7
2017,Cardiovascular Research,0.5,0.1,0.1,0.7
2017,Cell,3.2727,2.4091,2.448,0.7
2017,Cell Death and Differentiation,0.1429,0.0,0.0,0.7
2017,Cell Death and Disease,0.5306,0.0408,0.0647,0.7
2017,Cell Host & Microbe,2.8413,2.3175,2.3282,0.7
2017,Cell Metabolism,1.5556,0.7333,0.7672,0.7
2017,Cell Reports,0.8586,0.4555,0.4647,0.7
2017,Cell stem cell,2.629,2.0968,2.1202,0.7
2017,Cellular Physiology and Biochemistry,2.6667,0.9333,0.979,0.7
2017,Cephalalgia,0.3333,0.0,0.0,0.7
2017,Cerebral Cortex,1.4545,0.5909,0.6843,0.7
2017,Circulation,1.4494,0.8513,0.8752,0.7
2017,Circulation Arrhythmia and Electrophysiology,1.0172,0.5,0.5244,0.7
2017,Circulation Cardiovascular Imaging,0.717,0.3019,0.2928,0.7
2017,Circulation Cardiovascular Interventions,1.0566,0.6792,0.6799,0.7
2017,Circulation Heart Failure,0.8043,0.2391,0.2651,0.7
2017,Circulation Research,0.6866,0.2388,0.2649,0.7
2017,Clinical Cancer Research,1.237,0.8474,0.8784,0.7
2017,Clinical Chemistry,1.0556,0.3611,0.4153,0.7
2017,Clinical Gastroenterology and Hepatology,0.6463,0.2561,0.2678,0.7
2017,Clinical Infectious Diseases,1.0105,0.4632,0.4929,0.7
2017,Clinical Journal of the American Society of Nephrology,0.6747,0.1928,0.2357,0.7
2017,Clinical Microbiology and Infection,0.7083,0.1458,0.1705,0.7
2017,Clinical Nutrition,0.7091,0.2727,0.304,0.7
2017,Clinical Orthopaedics and Related Research,0.6076,0.1392,0.1359,0.7
2017,Clinical Pharmacology & Therapeutics,0.6,0.05,0.0775,0.7
2017,Cochrane Database of Systematic Reviews,0.8,0.0,0.069,0.7
2017,Computer Methods and Programs in Biomedicine,0.3333,0.0333,0.0866,0.7
2017,Computers in Biology and Medicine,0.2727,0.0,0.0,0.7
2017,Cornea,0.8095,0.0,0.0158,0.7
2017,Critical Care,0.7705,0.2377,0.2377,0.7
2017,Critical Care Medicine,0.8455,0.2927,0.3257,0.7
2017,Development,0.7037,0.1852,0.2247,0.7
2017,Developmental Cell,0.5909,0.1364,0.1383,0.7
2017,Developmental Medicine & Child Neurology,0.2609,0.0,0.0,0.7
2017,Diabetes,0.8763,0.2887,0.2947,0.7
2017,Diabetes Care,1.1378,0.6837,0.6968,0.7
2017,Diabetes Obesity and Metabolism,1.2093,0.7209,0.7728,0.7
2017,Diabetic Medicine,0.5,0.0,0.0,0.7
2017,Diabetologia,0.6786,0.2262,0.2357,0.7
2017,Digestive Diseases and Sciences,0.4286,0.0476,0.0794,0.7
2017,Diseases of the Colon & Rectum,0.4194,0.0323,0.0323,0.7
2017,Drug and Alcohol Dependence,0.8592,0.5775,0.5829,0.7
2017,EBioMedicine,0.4923,0.2923,0.3137,0.7
2017,EMBO Molecular Medicine,1.2188,0.625,0.6065,0.7
2017,EP Europace,1.6531,1.1429,1.1538,0.7
2017,Emerging infectious diseases,1.9878,1.6585,1.7055,0.7
2017,Endocrinology,0.8611,0.0833,0.138,0.7
2017,Endoscopy,0.4878,0.122,0.1393,0.7
2017,Epilepsia,0.5714,0.0,0.0,0.7
2017,EuroIntervention,2.56,1.8,1.7446,0.7
2017,European Heart Journal,2.3285,1.6329,1.6705,0.7
2017,European Heart Journal - Cardiovascular Imaging,0.6735,0.3878,0.3814,0.7
2017,European Journal of Applied Physiology,0.3333,0.0,0.0242,0.7
2017,European Journal of Cancer,1.2706,0.6471,0.7514,0.7
2017,European Journal of Cardio-Thoracic Surgery,0.4634,0.0,0.0,0.7
2017,European Journal of Endocrinology,0.6923,0.2051,0.207,0.7
2017,European Journal of Heart Failure,0.9242,0.303,0.3187,0.7
2017,European Journal of Medicinal Chemistry,0.5667,0.1333,0.1469,0.7
2017,European Journal of Neurology,0.85,0.3,0.2697,0.7
2017,European Journal of Nuclear Medicine and Molecular Imaging,1.7733,1.3067,1.3182,0.7
2017,European Journal of Pharmacology,0.4074,0.037,0.0804,0.7
2017,European Journal of Preventive Cardiology,1.3043,0.6087,0.6322,0.7
2017,European Journal of Radiology,0.3214,0.0714,0.0873,0.7
2017,European Journal of Surgical Oncology,0.4444,0.0,0.0559,0.7
2017,European Journal of Vascular and Endovascular Surgery,1.0833,0.5833,0.5865,0.7
2017,European Radiology,0.7927,0.4512,0.4631,0.7
2017,European Respiratory Journal,1.2348,0.5758,0.6365,0.7
2017,European Spine Journal,0.38,0.0,0.0269,0.7
2017,European Urology,1.5918,0.9932,1.0451,0.7
2017,Eurosurveillance,2.8235,2.3333,2.4086,0.7
2017,Fertility and Sterility,0.7179,0.1197,0.1543,0.7
2017,Food Chemistry,0.3446,0.0565,0.055,0.7
2017,Food Research International,0.8846,0.2692,0.3581,0.7
2017,Foot & Ankle International,0.1818,0.0,0.0,0.7
2017,Free Radical Biology and Medicine,0.3158,0.0,0.0,0.7
2017,Frontiers in Microbiology,0.4773,0.0682,0.1307,0.7
2017,Frontiers in Psychology,0.7,0.4,0.3741,0.7
2017,Gastric Cancer,0.5667,0.2333,0.2304,0.7
2017,Gastroenterology,1.6851,1.0166,1.0391,0.7
2017,Gastrointestinal Endoscopy,0.6078,0.0392,0.0881,0.7
2017,Gut,0.9385,0.2385,0.3126,0.7
2017,Gynecologic Oncology,0.8289,0.2895,0.3196,0.7
2017,Haematologica,0.6935,0.3387,0.3492,0.7
2017,Health Affairs,0.8846,0.3846,0.382,0.7
2017,Health and Quality of Life Outcomes,0.25,0.05,0.0809,0.7
2017,Heart,0.6731,0.3077,0.341,0.7
2017,Heart Rhythm,0.875,0.2639,0.2935,0.7
2017,Hepatology,1.3538,0.7642,0.7966,0.7
2017,Human Brain Mapping,0.7308,0.2692,0.2792,0.7
2017,Human Molecular Genetics,1.0,0.4531,0.4698,0.7
2017,Human Pathology,1.8,1.55,1.5716,0.7
2017,Human Reproduction,0.6379,0.1207,0.1293,0.7
2017,Hypertension,0.764,0.1124,0.1658,0.7
2017,IEEE Journal of Biomedical and Health Informatics,0.4286,0.1071,0.1382,0.7
2017,IEEE Transactions on Biomedical Engineering,0.9118,0.1471,0.1858,0.7
2017,IEEE Transactions on Medical Imaging,1.1698,0.5472,0.6077,0.7
2017,Immunity,0.75,0.1667,0.1851,0.7
2017,Industrial Crops and Products,0.4722,0.0278,0.0278,0.7
2017,Injury,0.4194,0.0968,0.0872,0.7
2017,Intensive Care Medicine,1.1978,0.5604,0.5693,0.7
2017,International Journal of Behavioral Nutrition and Physical Activity,0.9649,0.5789,0.5863,0.7
2017,International Journal of Biological Macromolecules,0.4688,0.0625,0.063,0.7
2017,International Journal of Cancer,0.5417,0.1528,0.1979,0.7
2017,International Journal of Cardiology,0.6,0.1429,0.1405,0.7
2017,International Journal of Environmental Research and Public Health,0.6,0.36,0.3667,0.7
2017,International Journal of Epidemiology,0.9524,0.5476,0.5768,0.7
2017,International Journal of Molecular Sciences,0.1935,0.0,0.0,0.7
2017,International Journal of Obesity,0.8163,0.1633,0.173,0.7
2017,International Journal of Oncology,0.4091,0.0,0.0615,0.7
2017,International Journal of Radiation Oncology*Biology*Physics,0.6408,0.2524,0.2474,0.7
2017,International Journal of Sports Physiology and Performance,1.1892,0.8378,0.8264,0.7
2017,International Journal of Stroke,1.2917,0.625,0.7424,0.7
2017,Investigative Ophthalmology & Visual Science,0.8571,0.3866,0.4058,0.7
2017,JACC Heart Failure,0.7073,0.3902,0.4344,0.7
2017,JACC. Cardiovascular imaging,0.8421,0.25,0.302,0.7
2017,JACC: Cardiovascular Interventions,1.0877,0.5965,0.6366,0.7
2017,JAIDS Journal of Acquired Immune Deficiency Syndromes,0.9302,0.3953,0.4235,0.7
2017,JAMA,2.6418,1.7057,1.7299,0.7
2017,JAMA Cardiology,0.4167,0.2083,0.2098,0.7
2017,JAMA Dermatology,0.7674,0.3023,0.3192,0.7
2017,JAMA Internal Medicine,1.8369,0.9574,1.0116,0.7
2017,JAMA Neurology,1.064,0.536,0.5468,0.7
2017,JAMA Oncology,1.6341,1.1301,1.1767,0.7
2017,JAMA Ophthalmology,1.7222,1.1667,1.1893,0.7
2017,JAMA Pediatrics,1.0225,0.4157,0.4321,0.7
2017,JAMA Psychiatry,1.3134,0.8209,0.8593,0.7
2017,JAMA Surgery,0.9494,0.3291,0.3488,0.7
2017,JCI Insight,0.1304,0.1304,0.1304,0.7
2017,JNCI Journal of the National Cancer Institute,1.5495,0.7253,0.7462,0.7
2017,Journal for ImmunoTherapy of Cancer,1.2222,1.0,0.9893,0.7
2017,Journal of Affective Disorders,0.3684,0.1053,0.1214,0.7
2017,Journal of Agricultural and Food Chemistry,0.6122,0.0,0.0,0.7
2017,Journal of Allergy and Clinical Immunology,1.0411,0.4795,0.4883,0.7
2017,Journal of Alzheimer s Disease,0.5698,0.1628,0.1745,0.7
2017,Journal of Antimicrobial Chemotherapy,1.087,0.5217,0.5509,0.7
2017,Journal of Applied Physiology,0.7,0.2333,0.2325,0.7
2017,Journal of Athletic Training,0.9048,0.1905,0.2047,0.7
2017,Journal of Biological Chemistry,0.6818,0.2424,0.2473,0.7
2017,Journal of Biomechanics,0.1935,0.0,0.0,0.7
2017,Journal of Bone and Joint Surgery,0.531,0.0442,0.0596,0.7
2017,Journal of Bone and Mineral Research,0.4839,0.1129,0.1526,0.7
2017,Journal of Cachexia Sarcopenia and Muscle,1.0588,0.5588,0.5639,0.7
2017,Journal of Cardiovascular Electrophysiology,1.6818,0.5909,0.6769,0.7
2017,Journal of Cardiovascular Magnetic Resonance,1.0345,0.5517,0.5767,0.7
2017,Journal of Cataract & Refractive Surgery,0.5143,0.0,0.0,0.7
2017,Journal of Cerebral Blood Flow & Metabolism,0.675,0.05,0.0476,0.7
2017,Journal of Clinical Investigation,0.9448,0.3988,0.4011,0.7
2017,Journal of Clinical Microbiology,1.2241,0.5517,0.5533,0.7
2017,Journal of Clinical Oncology,1.9741,1.2268,1.2591,0.7
2017,Journal of Controlled Release,0.1892,0.0,0.0,0.7
2017,Journal of Critical Care,0.4783,0.2174,0.2123,0.7
2017,Journal of Ethnopharmacology,0.0625,0.0,0.0,0.7
2017,Journal of Functional Foods,0.6667,0.1026,0.0885,0.7
2017,Journal of Gastroenterology and Hepatology,0.625,0.4167,0.4312,0.7
2017,Journal of General Internal Medicine,0.5,0.2333,0.2049,0.7
2017,Journal of Hepatology,1.6758,1.0495,1.0835,0.7
2017,Journal of Hypertension,0.4167,0.0417,0.0417,0.7
2017,Journal of Infection,0.3636,0.1818,0.1818,0.7
2017,Journal of Investigative Dermatology,0.6909,0.1636,0.1873,0.7
2017,Journal of Lipid Research,1.0,0.75,0.7386,0.7
2017,Journal of Magnetic Resonance Imaging,0.5,0.125,0.1109,0.7
2017,Journal of Medical Internet Research,0.6415,0.0943,0.1311,0.7
2017,Journal of Medicinal Chemistry,0.7286,0.1857,0.2199,0.7
2017,Journal of Natural Products,0.8095,0.0952,0.0793,0.7
2017,Journal of Neuro-Oncology,0.5556,0.037,0.0641,0.7
2017,Journal of NeuroInterventional Surgery,0.6,0.32,0.338,0.7
2017,Journal of Neurochemistry,0.55,0.0,0.061,0.7
2017,Journal of Neuroinflammation,0.6,0.4,0.4121,0.7
2017,Journal of Neurology,0.6429,0.1071,0.1071,0.7
2017,Journal of Neurology Neurosurgery & Psychiatry,0.9783,0.413,0.4688,0.7
2017,Journal of Neuroscience,0.9459,0.2162,0.2553,0.7
2017,Journal of Neurosurgery Spine,0.5625,0.0,0.0145,0.7
2017,Journal of Neurotrauma,0.6415,0.1132,0.1463,0.7
2017,Journal of Nuclear Medicine,2.2174,1.7826,1.8064,0.7
2017,Journal of Nutrition,0.8667,0.1333,0.1899,0.7
2017,Journal of Orthopaedic Trauma,0.3043,0.0,0.0,0.7
2017,Journal of Pain,0.8409,0.3182,0.31,0.7
2017,Journal of Pain and Symptom Management,0.3636,0.0,0.0,0.7
2017,Journal of Pediatric Gastroenterology and Nutrition,0.4545,0.1818,0.1454,0.7
2017,Journal of Shoulder and Elbow Surgery,0.5946,0.0,0.0,0.7
2017,Journal of Sports Sciences,0.9149,0.1915,0.2132,0.7
2017,Journal of Surgical Oncology,0.375,0.0,0.0497,0.7
2017,Journal of Thoracic Oncology,1.392,1.008,1.0183,0.7
2017,Journal of Thoracic and Cardiovascular Surgery,0.3448,0.0517,0.0649,0.7
2017,Journal of Thrombosis and Haemostasis,0.7576,0.4242,0.4396,0.7
2017,Journal of Translational Medicine,0.5,0.1667,0.187,0.7
2017,Journal of Vascular Surgery,0.6923,0.3269,0.3826,0.7
2017,Journal of Virology,1.6047,0.9612,1.0111,0.7
2017,Journal of Visualized Experiments,0.4,0.0,0.0252,0.7
2017,Journal of Voice,0.35,0.0,0.0,0.7
2017,Journal of neurosurgery,0.39,0.03,0.0243,0.7
2017,Journal of science and medicine in sport,0.48,0.2,0.2111,0.7
2017,Journal of the American Academy of Dermatology,0.5,0.0962,0.0965,0.7
2017,Journal of the American Chemical Society,0.9048,0.4048,0.4859,0.7
2017,Journal of the American College of Cardiology,1.4729,0.9127,0.9489,0.7
2017,Journal of the American College of Surgeons,1.1525,0.4915,0.5286,0.7
2017,Journal of the American Geriatrics Society,0.6094,0.1562,0.1928,0.7
2017,Journal of the American Heart Association,0.5312,0.1719,0.1946,0.7
2017,Journal of the American Medical Directors Association,0.8333,0.1852,0.2049,0.7
2017,Journal of the American Society of Echocardiography,4.9615,3.2692,3.3567,0.7
2017,Journal of the American Society of Nephrology,0.8662,0.2465,0.2663,0.7
2017,Journal of the European Academy of Dermatology and Venereology,0.84,0.24,0.2385,0.7
2017,Journal of the National Comprehensive Cancer Network,1.5641,0.9744,0.9579,0.7
2017,Kidney International,0.6848,0.1304,0.1408,0.7
2017,Knee Surgery Sports Traumatology Arthroscopy,0.3714,0.0,0.0137,0.7
2017,LWT,0.2439,0.0244,0.0369,0.7
2017,Lara D. Veeken,0.5435,0.0435,0.0573,0.7
2017,Leukemia,1.033,0.4835,0.538,0.7
2017,Liver International,0.5938,0.25,0.2859,0.7
2017,Liver Transplantation,0.7,0.4,0.4384,0.7
2017,Lung Cancer,1.3696,1.1304,1.1298,0.7
2017,MMWR Morbidity and Mortality Weekly Report,5.1383,4.5745,4.6328,0.7
2017,Magnetic Resonance in Medicine,1.0714,0.375,0.4545,0.7
2017,Malaria Journal,0.8592,0.2676,0.3137,0.7
2017,Materials Science and Engineering C,0.2,0.0,0.0,0.7
2017,Mayo Clinic Proceedings,0.6774,0.0968,0.1585,0.7
2017,Medical Care,0.2857,0.0,0.0,0.7
2017,Medical Education,0.5,0.0,0.0379,0.7
2017,Medical Physics,1.0312,0.4062,0.4979,0.7
2017,Medicine,0.2547,0.1038,0.1063,0.7
2017,Medicine & Science in Sports & Exercise,1.0862,0.4483,0.4932,0.7
2017,Menopause The Journal of The North American Menopause Society,0.7,0.0,0.0739,0.7
2017,Metabolism,0.3182,0.1818,0.1338,0.7
2017,Modern Pathology,1.2353,0.7647,0.7885,0.7
2017,Molecular Cancer Therapeutics,0.619,0.1667,0.2102,0.7
2017,Molecular Cell,1.8542,0.9375,0.9892,0.7
2017,Molecular Neurobiology,0.1786,0.0357,0.0357,0.7
2017,Molecular Neurodegeneration,0.5417,0.0,0.0208,0.7
2017,Molecular Nutrition & Food Research,0.7619,0.0,0.0043,0.7
2017,Molecular Psychiatry,0.6154,0.1282,0.1448,0.7
2017,Molecular Therapy,0.3182,0.0909,0.0697,0.7
2017,Molecules,0.4815,0.0,0.0,0.7
2017,Movement Disorders,0.8806,0.2537,0.2835,0.7
2017,Multiple Sclerosis Journal,0.8667,0.3778,0.4116,0.7
2017,Muscle & Nerve,0.7826,0.3043,0.3441,0.7
2017,Nature,3.9015,2.9458,2.9897,0.7
2017,Nature Cell Biology,1.575,0.575,0.61,0.7
2017,Nature Chemical Biology,1.4286,0.6857,0.8056,0.7
2017,Nature Communications,1.0665,0.4834,0.5086,0.7
2017,Nature Genetics,2.967,2.022,2.0814,0.7
2017,Nature Medicine,2.1846,1.4846,1.5225,0.7
2017,Nature Microbiology,0.25,0.1071,0.1513,0.7
2017,Nature Neuroscience,3.1875,1.9375,2.0437,0.7
2017,Nature Structural & Molecular Biology,1.619,1.0952,1.0716,0.7
2017,Nephrology Dialysis Transplantation,0.5357,0.0,0.0521,0.7
2017,Neuro-Oncology,0.7416,0.3371,0.403,0.7
2017,NeuroImage,1.0069,0.4722,0.5184,0.7
2017,NeuroImage Clinical,0.5,0.0,0.0112,0.7
2017,Neurobiology of Aging,0.5273,0.2,0.2125,0.7
2017,Neurobiology of Disease,0.7742,0.3548,0.3944,0.7
2017,Neurogastroenterology & Motility,0.6667,0.0833,0.1264,0.7
2017,Neurology,0.9307,0.3504,0.3685,0.7
2017,Neurology Neuroimmunology & Neuroinflammation,1.2414,0.8621,0.8627,0.7
2017,Neuron,1.9773,1.2727,1.3088,0.7
2017,Neuropharmacology,0.35,0.0,0.0,0.7
2017,Neuropsychopharmacology,0.6364,0.1364,0.1592,0.7
2017,Neurosurgery,1.1132,0.2642,0.3242,0.7
2017,Neurosurgical FOCUS,0.1905,0.0,0.0,0.7
2017,New England Journal of Medicine,7.8198,6.6396,6.6881,0.7
2017,Nicotine & Tobacco Research,1.4333,1.0333,1.0373,0.7
2017,Nucleic Acids Research,0.725,0.375,0.3832,0.7
2017,Nutrients,0.5714,0.2338,0.2462,0.7
2017,Nutrition,0.3846,0.1154,0.1154,0.7
2017,Obesity,0.4792,0.0833,0.1734,0.7
2017,Obesity Surgery,1.2558,0.5814,0.5992,0.7
2017,Obstetrics and Gynecology,0.7179,0.1709,0.1834,0.7
2017,OncoImmunology,0.5686,0.3333,0.3778,0.7
2017,Oncogene,0.4815,0.2593,0.2771,0.7
2017,Oncotarget,0.6055,0.3303,0.3371,0.7
2017,Ophthalmology,1.0345,0.3448,0.3889,0.7
2017,Oral Oncology,0.5,0.2,0.2577,0.7
2017,Orthopaedic Journal of Sports Medicine,0.1667,0.0,0.0,0.7
2017,Osteoarthritis and Cartilage,0.4074,0.0,0.0446,0.7
2017,Osteoporosis International,0.2821,0.0,0.0168,0.7
2017,Oxidative Medicine and Cellular Longevity,0.0476,0.0,0.0,0.7
2017,PEDIATRICS,0.8593,0.2462,0.271,0.7
2017,PLoS Biology,0.72,0.24,0.2575,0.7
2017,PLoS Genetics,0.8864,0.3409,0.3159,0.7
2017,PLoS Medicine,1.0337,0.3933,0.4609,0.7
2017,PLoS ONE,0.5533,0.1656,0.1766,0.7
2017,PLoS Pathogens,0.8052,0.2792,0.2892,0.7
2017,PLoS neglected tropical diseases,1.784,1.36,1.3891,0.7
2017,Pain,0.6486,0.1802,0.1861,0.7
2017,Pain Medicine,0.2,0.0,0.0615,0.7
2017,Parasites & Vectors,0.64,0.3,0.2917,0.7
2017,Parkinsonism & Related Disorders,0.5417,0.0417,0.0659,0.7
2017,Pediatric Blood & Cancer,0.5135,0.1351,0.1461,0.7
2017,Pediatric Critical Care Medicine,0.4062,0.0,0.0297,0.7
2017,Physics in Medicine and Biology,0.7742,0.3548,0.3729,0.7
2017,Plastic & Reconstructive Surgery,0.4478,0.1045,0.1024,0.7
2017,Preventive Medicine,0.55,0.225,0.2234,0.7
2017,Proceedings of the National Academy of Sciences,0.9614,0.4013,0.4335,0.7
2017,Psycho-Oncology,0.2683,0.0,0.0259,0.7
2017,Psychological Medicine,0.5357,0.1429,0.1655,0.7
2017,PubMed,1.2647,0.7353,0.7496,0.7
2017,Public Health Nutrition,0.3478,0.1304,0.1256,0.7
2017,Quality of Life Research,0.5238,0.0,0.0,0.7
2017,Radiology,0.964,0.4173,0.4335,0.7
2017,Radiotherapy and Oncology,0.9836,0.5246,0.5329,0.7
2017,Regional Anesthesia & Pain Medicine,0.9524,0.1905,0.1927,0.7
2017,Reproductive Health,0.5405,0.0,0.072,0.7
2017,Respiratory Medicine,0.3077,0.0769,0.0734,0.7
2017,Resuscitation,2.1857,1.6714,1.7206,0.7
2017,Retina,2.697,2.2424,2.2958,0.7
2017,SLEEP,0.475,0.0,0.0,0.7
2017,Scandinavian Journal of Medicine and Science in Sports,1.0294,0.4412,0.4686,0.7
2017,Schizophrenia Bulletin,0.5357,0.2857,0.2787,0.7
2017,Schizophrenia Research,0.3793,0.0345,0.0345,0.7
2017,Science,4.0071,3.3786,3.4161,0.7
2017,Science Advances,0.7333,0.1333,0.1767,0.7
2017,Science Translational Medicine,1.5369,0.7718,0.8242,0.7
2017,Scientific Reports,0.4693,0.1802,0.1867,0.7
2017,Seminars in Arthritis and Rheumatism,0.4545,0.0,0.0,0.7
2017,Social Science & Medicine,0.5909,0.2273,0.2273,0.7
2017,Spine,0.5926,0.037,0.055,0.7
2017,Stem Cell Reports,0.7838,0.3243,0.3154,0.7
2017,Stem Cell Research & Therapy,0.6792,0.0943,0.1033,0.7
2017,Stem Cells,0.6364,0.1136,0.1172,0.7
2017,Stem Cells Translational Medicine,0.383,0.0851,0.0851,0.7
2017,Stroke,0.85,0.3625,0.4056,0.7
2017,Supportive Care in Cancer,0.2667,0.0,0.0,0.7
2017,Surgery,0.7857,0.4643,0.4362,0.7
2017,Surgery for Obesity and Related Diseases,0.5926,0.2222,0.2156,0.7
2017,Surgical Endoscopy,0.4318,0.125,0.1303,0.7
2017,The American Journal of Cardiology,0.8085,0.4043,0.3912,0.7
2017,The American Journal of Emergency Medicine,0.2857,0.0,0.0,0.7
2017,The American Journal of Gastroenterology,0.8387,0.1183,0.1601,0.7
2017,The American Journal of Human Genetics,0.5128,0.1795,0.203,0.7
2017,The American Journal of Medicine,0.7857,0.3571,0.3565,0.7
2017,The American Journal of Sports Medicine,1.2781,0.7487,0.7567,0.7
2017,The American Journal of Surgical Pathology,0.9798,0.3333,0.4102,0.7
2017,The Annals of Thoracic Surgery,0.3896,0.013,0.0614,0.7
2017,The Bone & Joint Journal,0.4815,0.0741,0.077,0.7
2017,The EMBO Journal,1.2571,0.7714,0.8537,0.7
2017,The FASEB Journal,0.641,0.1795,0.1836,0.7
2017,The Journal of Allergy and Clinical Immunology In Practice,0.4444,0.1111,0.1281,0.7
2017,The Journal of Arthroplasty,0.5426,0.1473,0.1704,0.7
2017,The Journal of Cell Biology,1.2,0.5333,0.6573,0.7
2017,The Journal of Clinical Endocrinology & Metabolism,1.0138,0.3211,0.3708,0.7
2017,The Journal of Clinical Psychiatry,0.913,0.3043,0.3547,0.7
2017,The Journal of Experimental Medicine,0.5,0.1522,0.1732,0.7
2017,The Journal of Headache and Pain,0.3182,0.0,0.0,0.7
2017,The Journal of Heart and Lung Transplantation,0.7667,0.2667,0.3097,0.7
2017,The Journal of Immunology,0.5849,0.1321,0.1447,0.7
2017,The Journal of Infectious Diseases,1.1964,0.6607,0.6683,0.7
2017,The Journal of Nutritional Biochemistry,0.3182,0.0455,0.0626,0.7
2017,The Journal of Pathology,0.875,0.1667,0.3007,0.7
2017,The Journal of Pediatrics,0.4815,0.1481,0.1423,0.7
2017,The Journal of Physiology,0.5789,0.0,0.009,0.7
2017,The Journal of Rheumatology,0.5625,0.0,0.0,0.7
2017,The Journal of Sexual Medicine,0.52,0.08,0.08,0.7
2017,The Journal of Strength and Conditioning Research,0.8533,0.2933,0.3241,0.7
2017,"The Journal of Trauma: Injury, Infection, and Critical Care",1.2778,0.5556,0.6583,0.7
2017,The Journal of Urology,0.9101,0.4157,0.4503,0.7
2017,The Journals of Gerontology Series A,0.84,0.26,0.2575,0.7
2017,The Lancet,3.5169,2.6667,2.7333,0.7
2017,The Lancet Diabetes & Endocrinology,1.84,1.14,1.1592,0.7
2017,The Lancet Global Health,1.5,0.5185,0.5494,0.7
2017,The Lancet HIV,1.0,0.2759,0.2793,0.7
2017,The Lancet Haematology,0.8529,0.2941,0.3369,0.7
2017,The Lancet Infectious Diseases,3.5417,2.9375,2.9625,0.7
2017,The Lancet Neurology,1.0164,0.459,0.4953,0.7
2017,The Lancet Oncology,2.5404,1.8384,1.8912,0.7
2017,The Lancet Psychiatry,1.4138,0.8621,0.9123,0.7
2017,The Lancet Respiratory Medicine,1.5484,0.9355,0.951,0.7
2017,The Laryngoscope,0.36,0.0,0.0586,0.7
2017,The Oncologist,0.7857,0.1667,0.1899,0.7
2017,The Spine Journal,0.6757,0.1351,0.1182,0.7
2017,Theranostics,0.6667,0.5185,0.5185,0.7
2017,Thorax,0.8354,0.2152,0.2343,0.7
2017,Thrombosis and Haemostasis,1.9688,1.6875,1.6583,0.7
2017,Thyroid,0.878,0.3171,0.398,0.7
2017,Tobacco Control,1.4643,1.3214,1.2998,0.7
2017,Transfusion,0.8214,0.3214,0.3887,0.7
2017,Translational Psychiatry,0.3333,0.0,0.024,0.7
2017,Transplantation,0.6087,0.1522,0.1783,0.7
2017,Ultrasound in Obstetrics and Gynecology,1.9545,1.5227,1.5302,0.7
2017,Unknown,1.0275,0.5495,0.5575,0.7
2017,Urology,0.8571,0.4762,0.4752,0.7
2017,Vaccine,0.4259,0.0741,0.1014,0.7
2017,World Journal of Gastroenterology,0.4,0.05,0.0521,0.7
2017,World Journal of Surgery,0.6786,0.0714,0.1304,0.7
2017,World Neurosurgery,0.1905,0.0,0.0,0.7
2017,eLife,1.4522,0.8435,0.9062,0.7
2017,mAbs,0.4783,0.087,0.163,0.7
2017,mBio,0.9518,0.4578,0.4932,0.7
2018,ACS Applied Materials & Interfaces,0.8125,0.1667,0.2223,0.7
2018,ACS Nano,0.2778,0.0,0.0,0.7
2018,AIDS,0.6333,0.2667,0.2897,0.7
2018,AIDS and Behavior,0.8947,0.6316,0.6153,0.7
2018,Academic Medicine,0.6341,0.1951,0.1719,0.7
2018,Acta Biomaterialia,0.4767,0.0698,0.0994,0.7
2018,Acta Neuropathologica,1.4783,0.7101,0.7576,0.7
2018,Acta Neuropathologica Communications,1.6944,1.2222,1.2952,0.7
2018,Acta Ophthalmologica,0.6364,0.2727,0.25,0.7
2018,Addiction,0.8913,0.4348,0.4799,0.7
2018,Addictive Behaviors,0.84,0.56,0.5438,0.7
2018,Aesthetic Surgery Journal,0.5,0.3182,0.34,0.7
2018,Age and Ageing,0.9512,0.3902,0.4179,0.7
2018,Aging,0.8,0.2667,0.2738,0.7
2018,Aging Cell,0.6071,0.25,0.2993,0.7
2018,Alimentary Pharmacology & Therapeutics,0.8793,0.3276,0.3904,0.7
2018,Allergy,0.6977,0.1628,0.1943,0.7
2018,Alzheimer s & Dementia,2.5,1.9697,1.9757,0.7
2018,Alzheimer s Research & Therapy,0.3548,0.0,0.0,0.7
2018,American Heart Journal,0.4688,0.125,0.113,0.7
2018,American Journal Of Pathology,1.0,0.3182,0.3182,0.7
2018,American Journal of Clinical Nutrition,0.956,0.2857,0.2925,0.7
2018,American Journal of Epidemiology,0.7297,0.1081,0.125,0.7
2018,American Journal of Hematology,0.6341,0.0488,0.0892,0.7
2018,American Journal of Kidney Diseases,0.6207,0.0,0.0084,0.7
2018,American Journal of Neuroradiology,0.619,0.0952,0.0863,0.7
2018,American Journal of Obstetrics and Gynecology,0.7926,0.1852,0.2077,0.7
2018,American Journal of Ophthalmology,1.7262,1.3452,1.3466,0.7
2018,American Journal of Physiology-Heart and Circulatory Physiology,0.7308,0.1923,0.2113,0.7
2018,American Journal of Physiology-Lung Cellular and Molecular Physiology,0.4545,0.1818,0.1623,0.7
2018,American Journal of Preventive Medicine,0.8788,0.3939,0.4522,0.7
2018,American Journal of Psychiatry,1.32,0.58,0.5638,0.7
2018,American Journal of Public Health,1.2791,1.0465,1.0571,0.7
2018,American Journal of Respiratory Cell and Molecular Biology,0.3636,0.0909,0.1161,0.7
2018,American Journal of Respiratory and Critical Care Medicine,1.0606,0.5,0.528,0.7
2018,American Journal of Roentgenology,0.5833,0.1875,0.2114,0.7
2018,American Journal of Transplantation,1.4717,0.7642,0.8024,0.7
2018,American Journal of Tropical Medicine and Hygiene,3.5455,3.1818,3.2326,0.7
2018,Anaesthesia,1.0741,0.3704,0.3757,0.7
2018,Analytical Chemistry,0.5,0.375,0.375,0.7
2018,Anesthesia & Analgesia,0.48,0.04,0.0472,0.7
2018,Anesthesiology,0.5,0.1034,0.1245,0.7
2018,Angewandte Chemie International Edition,0.913,0.2826,0.3231,0.7
2018,Annals of Clinical and Translational Neurology,1.2727,1.0,0.9773,0.7
2018,Annals of Emergency Medicine,0.825,0.375,0.3769,0.7
2018,Annals of Intensive Care,0.2593,0.0,0.0,0.7
2018,Annals of Internal Medicine,1.9891,1.0543,1.1113,0.7
2018,Annals of Neurology,1.2526,0.6,0.6507,0.7
2018,Annals of Oncology,1.1187,0.726,0.7558,0.7
2018,Annals of Surgery,1.0505,0.5,0.5047,0.7
2018,Annals of Surgical Oncology,0.6962,0.1392,0.1797,0.7
2018,Annals of the American Thoracic Society,0.6607,0.1429,0.2085,0.7
2018,Annals of the Rheumatic Diseases,0.881,0.2798,0.3195,0.7
2018,Antimicrobial Agents and Chemotherapy,0.8523,0.4886,0.5236,0.7
2018,Antiviral Research,1.0,0.8857,0.867,0.7
2018,Appetite,0.4545,0.2273,0.2378,0.7
2018,Archives of Physical Medicine and Rehabilitation,0.3636,0.0,0.0,0.7
2018,Arteriosclerosis Thrombosis and Vascular Biology,0.4146,0.0976,0.104,0.7
2018,Arthritis & Rheumatology,0.7236,0.2195,0.2311,0.7
2018,Arthritis Care & Research,0.6042,0.125,0.1275,0.7
2018,Arthritis Research & Therapy,0.3621,0.0,0.0066,0.7
2018,Arthroscopy The Journal of Arthroscopic and Related Surgery,1.0,0.3953,0.3967,0.7
2018,Atherosclerosis,1.4412,0.8824,0.9176,0.7
2018,Autophagy,1.9722,1.5648,1.5816,0.7
2018,BJOG An International Journal of Obstetrics & Gynaecology,0.6286,0.0857,0.0867,0.7
2018,BMC Cancer,0.5063,0.2152,0.222,0.7
2018,BMC Complementary and Alternative Medicine,0.0769,0.0,0.0,0.7
2018,BMC Genomics,0.24,0.0,0.0,0.7
2018,BMC Geriatrics,0.4524,0.0714,0.1048,0.7
2018,BMC Health Services Research,0.4,0.12,0.12,0.7
2018,BMC Infectious Diseases,0.2857,0.0,0.0103,0.7
2018,BMC Medical Education,0.2727,0.0,0.0,0.7
2018,BMC Medicine,0.6923,0.1731,0.1831,0.7
2018,BMC Musculoskeletal Disorders,0.4324,0.027,0.0386,0.7
2018,BMC Nephrology,0.1739,0.0435,0.0435,0.7
2018,BMC Pediatrics,0.4762,0.0,0.0256,0.7
2018,BMC Pregnancy and Childbirth,0.4302,0.1047,0.1018,0.7
2018,BMC Psychiatry,0.36,0.0,0.0,0.7
2018,BMC Public Health,0.486,0.2056,0.2169,0.7
2018,BMC Pulmonary Medicine,0.35,0.0,0.0083,0.7
2018,BMC Research Notes,0.3333,0.0,0.0,0.7
2018,BMJ,1.4118,0.8235,0.8421,0.7
2018,BMJ Global Health,0.875,0.4583,0.4522,0.7
2018,BMJ Open,0.6108,0.2432,0.253,0.7
2018,BMJ Open Diabetes Research & Care,0.2857,0.0,0.0,0.7
2018,BioMed Research International,0.5417,0.125,0.1066,0.7
2018,Biochemical and Biophysical Research Communications,0.5849,0.283,0.3241,0.7
2018,Biological Psychiatry,1.0,0.6,0.6256,0.7
2018,Biology of Blood and Marrow Transplantation,0.3704,0.0,0.0521,0.7
2018,Biomaterials,0.53,0.11,0.1065,0.7
2018,Biomedical Optics Express,1.0,0.6087,0.6809,0.7
2018,Biomedical Signal Processing and Control,0.7391,0.3478,0.3449,0.7
2018,Biomedicine & Pharmacotherapy,0.2703,0.027,0.0305,0.7
2018,Biosensors and Bioelectronics,0.2593,0.1111,0.1111,0.7
2018,Blood,1.2264,0.5616,0.5954,0.7
2018,Blood Advances,0.2727,0.0,0.0,0.7
2018,Bone,0.3462,0.0769,0.0788,0.7
2018,Brain,1.6346,1.0256,1.0475,0.7
2018,Brain Behavior and Immunity,0.25,0.0,0.0,0.7
2018,Breast Cancer Research,0.6154,0.1154,0.1938,0.7
2018,Breast Cancer Research and Treatment,0.7174,0.413,0.4041,0.7
2018,British Journal Of Nutrition,0.6538,0.0769,0.11,0.7
2018,British Journal of Anaesthesia,0.4127,0.1111,0.0998,0.7
2018,British Journal of Cancer,0.4615,0.1731,0.1934,0.7
2018,British Journal of Dermatology,0.3455,0.0545,0.0591,0.7
2018,British Journal of Haematology,0.8478,0.3261,0.3311,0.7
2018,British Journal of Ophthalmology,0.8723,0.617,0.6152,0.7
2018,British Journal of Pharmacology,1.0,0.125,0.1753,0.7
2018,British Journal of Sports Medicine,1.6824,1.1647,1.1663,0.7
2018,British Journal of Urology,0.8,0.5714,0.6144,0.7
2018,British journal of surgery,0.8889,0.3056,0.3949,0.7
2018,Bulletin of the World Health Organization,1.619,1.2381,1.2381,0.7
2018,CA A Cancer Journal for Clinicians,23.8,22.3,22.3784,0.7
2018,CHEST Journal,1.1667,0.5,0.5392,0.7
2018,Canadian Medical Association Journal,0.7273,0.2273,0.2273,0.7
2018,Cancer,1.1073,0.565,0.5749,0.7
2018,Cancer Cell,1.5506,0.7191,0.7665,0.7
2018,Cancer Discovery,2.3286,1.6286,1.7274,0.7
2018,Cancer Epidemiology Biomarkers & Prevention,0.6429,0.2857,0.3149,0.7
2018,Cancer Immunology Immunotherapy,0.4091,0.0,0.0605,0.7
2018,Cancer Immunology Research,1.45,0.7833,0.8366,0.7
2018,Cancer Letters,0.6047,0.1628,0.1703,0.7
2018,Cancer Medicine,0.9583,0.625,0.6672,0.7
2018,Cancer Research,0.6963,0.3613,0.3702,0.7
2018,Cancer Science,1.15,0.8,0.7767,0.7
2018,Carbohydrate Polymers,0.3333,0.0,0.0082,0.7
2018,Cardiovascular Diabetology,0.6452,0.1613,0.1729,0.7
2018,Cardiovascular Research,0.5185,0.037,0.037,0.7
2018,Cell,3.7704,3.0815,3.1241,0.7
2018,Cell Death and Differentiation,0.3478,0.0,0.0,0.7
2018,Cell Death and Disease,0.3333,0.0625,0.0589,0.7
2018,Cell Host & Microbe,5.4286,5.0714,5.0991,0.7
2018,Cell Metabolism,1.3545,0.6364,0.6896,0.7
2018,Cell Reports,1.1943,0.7409,0.7444,0.7
2018,Cell stem cell,4.3467,3.7733,3.8476,0.7
2018,Cellular Physiology and Biochemistry,1.9667,1.0667,1.0667,0.7
2018,Cephalalgia,0.4348,0.0,0.0,0.7
2018,Chemical Science,1.0,0.6923,0.723,0.7
2018,Circulation,1.2642,0.6415,0.672,0.7
2018,Circulation Arrhythmia and Electrophysiology,1.1364,0.7727,0.7879,0.7
2018,Circulation Cardiovascular Imaging,0.6182,0.1818,0.1927,0.7
2018,Circulation Cardiovascular Interventions,0.775,0.25,0.3122,0.7
2018,Circulation Heart Failure,0.9111,0.2444,0.3124,0.7
2018,Circulation Research,0.9706,0.4412,0.4425,0.7
2018,Clinical Cancer Research,1.2294,0.7982,0.8063,0.7
2018,Clinical Chemistry,0.8966,0.2759,0.3016,0.7
2018,Clinical Gastroenterology and Hepatology,0.7333,0.2222,0.2607,0.7
2018,Clinical Infectious Diseases,1.1731,0.649,0.6825,0.7
2018,Clinical Journal of the American Society of Nephrology,0.614,0.2105,0.198,0.7
2018,Clinical Microbiology and Infection,1.1538,0.3077,0.3665,0.7
2018,Clinical Nutrition,0.9123,0.3333,0.3171,0.7
2018,Clinical Orthopaedics and Related Research,0.8333,0.2593,0.2885,0.7
2018,Clinical Pharmacology & Therapeutics,0.5,0.1818,0.168,0.7
2018,Cochrane Database of Systematic Reviews,0.5217,0.0,0.0,0.7
2018,Computer Methods and Programs in Biomedicine,0.7586,0.1034,0.1166,0.7
2018,Computers in Biology and Medicine,0.7576,0.3939,0.4114,0.7
2018,Critical Care,0.825,0.2625,0.3232,0.7
2018,Critical Care Medicine,0.8833,0.3833,0.3883,0.7
2018,Current Biology,0.3913,0.0435,0.0332,0.7
2018,Development,0.6154,0.0769,0.0769,0.7
2018,Diabetes,0.9167,0.4048,0.4053,0.7
2018,Diabetes Care,1.2108,0.5946,0.6417,0.7
2018,Diabetes Obesity and Metabolism,1.2581,0.8387,0.8638,0.7
2018,Diabetes Research and Clinical Practice,1.55,0.55,0.5412,0.7
2018,Diabetologia,0.9643,0.5833,0.5789,0.7
2018,Digestive Diseases and Sciences,0.5,0.2,0.2244,0.7
2018,Diseases of the Colon & Rectum,0.4333,0.0667,0.079,0.7
2018,Drug and Alcohol Dependence,1.1282,0.6026,0.6597,0.7
2018,EBioMedicine,1.1667,0.7361,0.727,0.7
2018,EMBO Molecular Medicine,0.8857,0.2571,0.2719,0.7
2018,EP Europace,2.4211,1.9737,2.0111,0.7
2018,Emerging infectious diseases,1.8795,1.5663,1.568,0.7
2018,Endocrinology,0.5455,0.0,0.0377,0.7
2018,Endoscopy,0.7872,0.2128,0.217,0.7
2018,Epilepsia,0.6296,0.1296,0.139,0.7
2018,EuroIntervention,1.875,1.375,1.3673,0.7
2018,European Heart Journal,2.2178,1.6733,1.7133,0.7
2018,European Heart Journal - Cardiovascular Imaging,0.7143,0.2286,0.2633,0.7
2018,European Journal of Applied Physiology,0.44,0.04,0.04,0.7
2018,European Journal of Cancer,1.0,0.4953,0.5754,0.7
2018,European Journal of Cardio-Thoracic Surgery,0.6389,0.5278,0.5026,0.7
2018,European Journal of Endocrinology,1.0,0.1786,0.2137,0.7
2018,European Journal of Heart Failure,1.7558,1.1047,1.145,0.7
2018,European Journal of Medicinal Chemistry,0.3333,0.0667,0.0825,0.7
2018,European Journal of Neurology,0.3182,0.0,0.0531,0.7
2018,European Journal of Nuclear Medicine and Molecular Imaging,1.6986,1.3151,1.3779,0.7
2018,European Journal of Preventive Cardiology,0.8095,0.381,0.3793,0.7
2018,European Journal of Radiology,0.8261,0.3043,0.3522,0.7
2018,European Journal of Surgical Oncology,0.5769,0.0,0.0452,0.7
2018,European Radiology,0.662,0.2817,0.2827,0.7
2018,European Respiratory Journal,0.986,0.3287,0.364,0.7
2018,European Spine Journal,0.3256,0.0,0.0,0.7
2018,European Urology,1.7395,1.1597,1.2053,0.7
2018,Eurosurveillance,3.5882,2.9608,3.093,0.7
2018,Fertility and Sterility,0.6951,0.2317,0.2344,0.7
2018,Food & Function,0.5,0.1875,0.2163,0.7
2018,Food Chemistry,0.5355,0.0656,0.0636,0.7
2018,Food Research International,0.5,0.0769,0.103,0.7
2018,Foot & Ankle International,0.35,0.0,0.0,0.7
2018,Free Radical Biology and Medicine,0.4865,0.2432,0.2289,0.7
2018,Frontiers in Aging Neuroscience,0.64,0.24,0.24,0.7
2018,Frontiers in Immunology,0.0816,0.0,0.0,0.7
2018,Frontiers in Microbiology,0.2295,0.0164,0.0236,0.7
2018,Frontiers in Neuroscience,0.1905,0.0476,0.0691,0.7
2018,Frontiers in Pharmacology,0.3514,0.1081,0.1072,0.7
2018,Frontiers in Physiology,0.3023,0.2093,0.2093,0.7
2018,Gastric Cancer,0.8333,0.2,0.2646,0.7
2018,Gastroenterology,1.4595,0.8973,0.9177,0.7
2018,Gastrointestinal Endoscopy,0.5921,0.1184,0.1355,0.7
2018,Genetics in Medicine,1.48,0.72,0.8047,0.7
2018,Gut,1.3551,0.6957,0.7448,0.7
2018,Gynecologic Oncology,0.8261,0.3623,0.3626,0.7
2018,HPB,0.5417,0.25,0.2904,0.7
2018,Haematologica,0.6716,0.1045,0.1185,0.7
2018,Health Affairs,2.1212,1.6364,1.7004,0.7
2018,Health and Quality of Life Outcomes,0.1786,0.0714,0.0565,0.7
2018,Heart,0.8302,0.2264,0.2432,0.7
2018,Heart Rhythm,0.8929,0.4107,0.4032,0.7
2018,Hepatology,1.1121,0.6215,0.6629,0.7
2018,Human Brain Mapping,0.881,0.2619,0.2918,0.7
2018,Human Molecular Genetics,0.5962,0.2692,0.2743,0.7
2018,Human Reproduction,0.9672,0.3279,0.3331,0.7
2018,Hypertension,0.6,0.0588,0.0715,0.7
2018,IEEE Journal of Biomedical and Health Informatics,0.44,0.16,0.161,0.7
2018,IEEE Transactions on Biomedical Engineering,0.5897,0.2051,0.2067,0.7
2018,IEEE Transactions on Medical Imaging,3.4182,2.7636,2.7689,0.7
2018,Immunity,2.2273,1.6818,1.6921,0.7
2018,Industrial Crops and Products,0.6129,0.129,0.159,0.7
2018,Injury,0.2759,0.0,0.0433,0.7
2018,Intensive Care Medicine,0.9324,0.473,0.4698,0.7
2018,International Immunopharmacology,0.2,0.05,0.05,0.7
2018,International Journal of Behavioral Nutrition and Physical Activity,0.8909,0.3455,0.3743,0.7
2018,International Journal of Biological Macromolecules,0.1538,0.0,0.0,0.7
2018,International Journal of Cancer,0.68,0.12,0.1458,0.7
2018,International Journal of Cardiology,0.6667,0.1818,0.158,0.7
2018,International Journal of Drug Policy,1.4,1.2,1.1597,0.7
2018,International Journal of Environmental Research and Public Health,0.0606,0.0,0.0,0.7
2018,International Journal of Epidemiology,0.5116,0.1395,0.1485,0.7
2018,International Journal of Molecular Sciences,0.26,0.06,0.06,0.7
2018,International Journal of Nanomedicine,0.1,0.0,0.0,0.7
2018,International Journal of Obesity,0.6136,0.0909,0.1106,0.7
2018,International Journal of Pharmaceutics,0.3182,0.0,0.0,0.7
2018,International Journal of Radiation Oncology*Biology*Physics,0.6702,0.0745,0.1408,0.7
2018,International Journal of Sports Physiology and Performance,1.1707,0.5366,0.5405,0.7
2018,International Journal of Stroke,1.6538,0.9231,0.9463,0.7
2018,Investigative Ophthalmology & Visual Science,1.8618,1.5041,1.5185,0.7
2018,JACC Heart Failure,0.973,0.2973,0.3036,0.7
2018,JACC. Cardiovascular imaging,0.6129,0.1398,0.1794,0.7
2018,JACC: Cardiovascular Interventions,0.8224,0.3458,0.3895,0.7
2018,JAIDS Journal of Acquired Immune Deficiency Syndromes,1.875,1.175,1.1577,0.7
2018,JAMA,2.9617,2.016,2.0585,0.7
2018,JAMA Cardiology,1.1633,0.6735,0.667,0.7
2018,JAMA Dermatology,0.587,0.2609,0.2771,0.7
2018,JAMA Internal Medicine,1.7928,0.9099,0.9299,0.7
2018,JAMA Neurology,1.1774,0.4839,0.5099,0.7
2018,JAMA Oncology,1.6403,1.1367,1.1584,0.7
2018,JAMA Ophthalmology,2.1194,1.5821,1.5875,0.7
2018,JAMA Pediatrics,1.0118,0.3765,0.3997,0.7
2018,JAMA Psychiatry,1.4242,0.6061,0.6609,0.7
2018,JAMA Surgery,0.8,0.275,0.3255,0.7
2018,JCI Insight,0.7542,0.3559,0.3803,0.7
2018,JMIR mhealth and uhealth,0.6154,0.1538,0.134,0.7
2018,JNCI Journal of the National Cancer Institute,1.1408,0.6901,0.7202,0.7
2018,Journal for ImmunoTherapy of Cancer,1.3871,1.1935,1.1578,0.7
2018,Journal of Affective Disorders,0.6087,0.0652,0.0692,0.7
2018,Journal of Agricultural and Food Chemistry,0.5106,0.0426,0.0465,0.7
2018,Journal of Allergy and Clinical Immunology,0.881,0.3413,0.3568,0.7
2018,Journal of Alzheimer s Disease,0.6087,0.1304,0.156,0.7
2018,Journal of Antimicrobial Chemotherapy,0.9459,0.3243,0.3207,0.7
2018,Journal of Applied Physiology,0.95,0.7,0.7141,0.7
2018,Journal of Biological Chemistry,0.6526,0.0947,0.1338,0.7
2018,Journal of Biomechanics,0.2174,0.0,0.0,0.7
2018,Journal of Bone and Joint Surgery,0.4746,0.178,0.1777,0.7
2018,Journal of Bone and Mineral Research,0.9138,0.2241,0.2882,0.7
2018,Journal of Cachexia Sarcopenia and Muscle,1.0233,0.2326,0.3008,0.7
2018,Journal of Cataract & Refractive Surgery,0.8148,0.2593,0.2459,0.7
2018,Journal of Cellular and Molecular Medicine,0.4583,0.0833,0.0858,0.7
2018,Journal of Cerebral Blood Flow & Metabolism,0.8571,0.2143,0.2647,0.7
2018,Journal of Clinical Investigation,1.6242,0.8917,0.9488,0.7
2018,Journal of Clinical Microbiology,0.6957,0.2826,0.2918,0.7
2018,Journal of Clinical Oncology,2.0063,1.355,1.3756,0.7
2018,Journal of Controlled Release,0.3939,0.0,0.013,0.7
2018,Journal of Critical Care,0.15,0.0,0.0,0.7
2018,Journal of Ethnopharmacology,0.1429,0.0,0.0,0.7
2018,Journal of Functional Foods,0.6774,0.1613,0.1548,0.7
2018,Journal of Gastroenterology and Hepatology,0.75,0.2,0.2489,0.7
2018,Journal of General Internal Medicine,0.4783,0.2609,0.2814,0.7
2018,Journal of Hematology & Oncology,0.6522,0.0435,0.1075,0.7
2018,Journal of Hepatology,2.311,1.6707,1.7213,0.7
2018,Journal of Hypertension,0.5455,0.0455,0.0602,0.7
2018,Journal of Investigative Dermatology,0.7143,0.1587,0.2174,0.7
2018,Journal of Magnetic Resonance Imaging,1.0333,0.5,0.5379,0.7
2018,Journal of Medical Internet Research,0.4419,0.0,0.008,0.7
2018,Journal of Medicinal Chemistry,0.6562,0.2344,0.2602,0.7
2018,Journal of Neuro-Oncology,0.2941,0.1471,0.1326,0.7
2018,Journal of NeuroInterventional Surgery,1.2759,0.6897,0.787,0.7
2018,Journal of Neuroinflammation,1.0154,0.6,0.6101,0.7
2018,Journal of Neurology,0.8214,0.5714,0.5552,0.7
2018,Journal of Neurology Neurosurgery & Psychiatry,0.7778,0.3889,0.3883,0.7
2018,Journal of Neuroscience,0.8257,0.3028,0.307,0.7
2018,Journal of Neurosurgery Spine,0.4103,0.0769,0.0769,0.7
2018,Journal of Neurotrauma,0.7674,0.1628,0.2135,0.7
2018,Journal of Nuclear Medicine,2.1429,1.7395,1.7796,0.7
2018,Journal of Nutrition,1.1538,0.4872,0.4907,0.7
2018,Journal of Orthopaedic and Sports Physical Therapy,0.75,0.15,0.146,0.7
2018,Journal of Pain,1.2121,0.7576,0.7837,0.7
2018,Journal of Pain and Symptom Management,0.4074,0.1111,0.1097,0.7
2018,Journal of Pediatric Gastroenterology and Nutrition,0.1818,0.0,0.0,0.7
2018,Journal of Photochemistry and Photobiology B Biology,0.9524,0.7143,0.7127,0.7
2018,Journal of Physics D Applied Physics,2.0909,1.2727,1.3304,0.7
2018,Journal of Pineal Research,0.9545,0.2273,0.3193,0.7
2018,Journal of Shoulder and Elbow Surgery,0.6552,0.1207,0.0985,0.7
2018,Journal of Sports Sciences,0.9,0.2667,0.28,0.7
2018,Journal of Surgical Oncology,0.6,0.0333,0.1399,0.7
2018,Journal of Thoracic Oncology,1.5649,1.0763,1.1238,0.7
2018,Journal of Thoracic and Cardiovascular Surgery,0.3731,0.0597,0.0742,0.7
2018,Journal of Thrombosis and Haemostasis,0.4762,0.0476,0.063,0.7
2018,Journal of Translational Medicine,0.4865,0.1081,0.0945,0.7
2018,Journal of Vascular Surgery,0.3636,0.0,0.0,0.7
2018,Journal of Virology,0.9278,0.5464,0.535,0.7
2018,Journal of Visualized Experiments,0.1739,0.0435,0.0435,0.7
2018,Journal of neurosurgery,0.4118,0.0235,0.0307,0.7
2018,Journal of science and medicine in sport,0.4667,0.2333,0.225,0.7
2018,Journal of the American Academy of Dermatology,0.7895,0.2982,0.3349,0.7
2018,Journal of the American Chemical Society,1.0625,0.6042,0.6053,0.7
2018,Journal of the American College of Cardiology,1.5015,0.8879,0.9313,0.7
2018,Journal of the American College of Radiology,0.4783,0.1304,0.1318,0.7
2018,Journal of the American College of Surgeons,0.7442,0.186,0.2198,0.7
2018,Journal of the American Geriatrics Society,0.6622,0.1351,0.1457,0.7
2018,Journal of the American Heart Association,0.5745,0.2074,0.205,0.7
2018,Journal of the American Medical Directors Association,0.9697,0.5152,0.513,0.7
2018,Journal of the American Society of Echocardiography,2.3,1.4,1.4555,0.7
2018,Journal of the American Society of Nephrology,0.605,0.1429,0.141,0.7
2018,Journal of the European Academy of Dermatology and Venereology,0.6667,0.2,0.1917,0.7
2018,Journal of the International AIDS Society,0.6667,0.2333,0.2096,0.7
2018,Journal of the National Comprehensive Cancer Network,2.1277,1.3191,1.3863,0.7
2018,Kidney International,0.809,0.3146,0.3261,0.7
2018,Knee Surgery Sports Traumatology Arthroscopy,0.6508,0.3016,0.2988,0.7
2018,LWT,0.3824,0.0,0.0,0.7
2018,Lara D. Veeken,0.56,0.2,0.2186,0.7
2018,Leukemia,0.8421,0.3474,0.3808,0.7
2018,Lipids in Health and Disease,0.3,0.0,0.0,0.7
2018,Liver International,1.1562,0.5312,0.5501,0.7
2018,Liver Transplantation,0.7727,0.4091,0.3758,0.7
2018,Lung Cancer,1.1905,0.6905,0.6978,0.7
2018,MMWR Morbidity and Mortality Weekly Report,6.5806,5.9597,6.0087,0.7
2018,Magnetic Resonance in Medicine,1.0192,0.4423,0.4271,0.7
2018,Malaria Journal,0.6716,0.2985,0.3044,0.7
2018,Materials Science and Engineering C,0.3871,0.0,0.0093,0.7
2018,Mayo Clinic Proceedings,0.3846,0.0,0.0242,0.7
2018,Medical Education,0.4,0.0,0.0,0.7
2018,Medical Physics,1.4,0.9714,0.9903,0.7
2018,Medical Teacher,0.84,0.8,0.7848,0.7
2018,Medicine,0.3663,0.0693,0.0697,0.7
2018,Medicine & Science in Sports & Exercise,0.7571,0.1571,0.1681,0.7
2018,Menopause The Journal of The North American Menopause Society,1.0,0.2727,0.3453,0.7
2018,Modern Pathology,1.5122,1.0244,1.0254,0.7
2018,Molecular Cancer Therapeutics,0.8222,0.2667,0.32,0.7
2018,Molecular Cell,1.0312,0.375,0.3774,0.7
2018,Molecular Medicine Reports,0.381,0.0,0.0,0.7
2018,Molecular Metabolism,0.6,0.28,0.2802,0.7
2018,Molecular Neurobiology,0.6071,0.0,0.0051,0.7
2018,Molecular Neurodegeneration,0.7931,0.1724,0.2684,0.7
2018,Molecular Nutrition & Food Research,0.375,0.0417,0.0761,0.7
2018,Molecular Psychiatry,0.8889,0.2444,0.2577,0.7
2018,Molecular Therapy,0.7143,0.551,0.5509,0.7
2018,Molecules,0.2188,0.0312,0.0226,0.7
2018,Movement Disorders,1.0179,0.5893,0.5836,0.7
2018,Mucosal Immunology,0.4286,0.0,0.0786,0.7
2018,Multiple Sclerosis Journal,1.2157,0.7059,0.7077,0.7
2018,Nature,3.9697,3.1717,3.2281,0.7
2018,Nature Cell Biology,1.0238,0.2143,0.2235,0.7
2018,Nature Chemical Biology,1.5312,1.125,1.1135,0.7
2018,Nature Communications,0.9982,0.5474,0.5653,0.7
2018,Nature Genetics,1.9683,0.9048,0.9692,0.7
2018,Nature Immunology,3.125,2.4167,2.4334,0.7
2018,Nature Medicine,2.916,1.9847,2.0292,0.7
2018,Nature Microbiology,0.9818,0.6,0.6162,0.7
2018,Nature Neuroscience,1.25,0.6786,0.6437,0.7
2018,Nature Structural & Molecular Biology,2.2,1.5,1.5745,0.7
2018,Nephrology Dialysis Transplantation,0.5854,0.122,0.1473,0.7
2018,Neuro-Oncology,0.9762,0.4643,0.4817,0.7
2018,NeuroImage,1.2422,0.6328,0.6535,0.7
2018,NeuroImage Clinical,0.2963,0.0556,0.0719,0.7
2018,Neurobiology of Aging,0.7091,0.3455,0.3309,0.7
2018,Neurobiology of Disease,0.7188,0.3125,0.3081,0.7
2018,Neuroendocrinology,4.25,3.375,3.4812,0.7
2018,Neurology,0.9628,0.4189,0.4469,0.7
2018,Neurology Neuroimmunology & Neuroinflammation,1.2593,0.8519,0.8677,0.7
2018,Neuron,2.2653,1.7959,1.8242,0.7
2018,Neuropharmacology,0.1,0.0,0.0,0.7
2018,Neuropsychopharmacology,0.4762,0.0952,0.099,0.7
2018,Neurosurgery,1.2778,0.3056,0.336,0.7
2018,Neurosurgical FOCUS,0.375,0.0,0.0,0.7
2018,New England Journal of Medicine,5.8921,4.8273,4.8845,0.7
2018,Nicotine & Tobacco Research,1.6667,1.2381,1.2496,0.7
2018,Nucleic Acids Research,1.0682,0.5682,0.5861,0.7
2018,Nutrients,0.3084,0.0467,0.0684,0.7
2018,Nutrition,0.85,0.4,0.424,0.7
2018,Obesity,0.5946,0.0541,0.0875,0.7
2018,Obesity Surgery,0.4146,0.0,0.0328,0.7
2018,Obstetrics and Gynecology,0.9286,0.3367,0.3671,0.7
2018,OncoImmunology,0.4667,0.3333,0.3313,0.7
2018,Oncogene,0.3651,0.0159,0.032,0.7
2018,Oncotarget,0.8491,0.4556,0.4733,0.7
2018,Ophthalmology,1.4338,0.9412,0.9625,0.7
2018,Oral Oncology,0.6452,0.129,0.1253,0.7
2018,Orthopaedic Journal of Sports Medicine,0.625,0.3125,0.3042,0.7
2018,Osteoarthritis and Cartilage,0.4773,0.0,0.0,0.7
2018,Osteoporosis International,0.5312,0.0938,0.1334,0.7
2018,Oxidative Medicine and Cellular Longevity,0.1071,0.0,0.0,0.7
2018,PEDIATRICS,0.988,0.3653,0.3731,0.7
2018,PLoS Biology,0.65,0.4,0.4411,0.7
2018,PLoS Genetics,0.5641,0.1026,0.1026,0.7
2018,PLoS Medicine,0.9597,0.5081,0.5171,0.7
2018,PLoS ONE,0.5022,0.1096,0.1219,0.7
2018,PLoS Pathogens,0.9379,0.3931,0.4389,0.7
2018,PLoS neglected tropical diseases,2.3453,1.9856,2.0233,0.7
2018,Pain,0.837,0.3261,0.3372,0.7
2018,Parasites & Vectors,0.5152,0.0303,0.0641,0.7
2018,Pediatric Blood & Cancer,0.6667,0.2778,0.2972,0.7
2018,Pediatric Critical Care Medicine,0.3333,0.0667,0.0573,0.7
2018,Physics in Medicine and Biology,0.4545,0.0,0.0,0.7
2018,Plasma Sources Science and Technology,2.0455,1.7273,1.7239,0.7
2018,Plastic & Reconstructive Surgery,0.7297,0.2838,0.2993,0.7
2018,Preventive Medicine,0.7843,0.549,0.5746,0.7
2018,Proceedings of the National Academy of Sciences,1.0089,0.481,0.5077,0.7
2018,Psycho-Oncology,0.3667,0.0,0.0155,0.7
2018,Psychological Medicine,0.4242,0.0909,0.1278,0.7
2018,PubMed,0.9331,0.6047,0.6174,0.7
2018,Public Health Nutrition,0.76,0.44,0.4593,0.7
2018,RSC Advances,0.65,0.3,0.3199,0.7
2018,Radiology,1.125,0.7266,0.7445,0.7
2018,Radiotherapy and Oncology,1.0566,0.566,0.5975,0.7
2018,Redox Biology,0.3333,0.1818,0.1739,0.7
2018,Regional Anesthesia & Pain Medicine,1.68,1.16,1.1824,0.7
2018,Reproductive Health,0.4194,0.129,0.129,0.7
2018,Respiratory Medicine,0.303,0.0909,0.0909,0.7
2018,Respiratory Research,0.4242,0.0909,0.0846,0.7
2018,Resuscitation,0.5091,0.0727,0.094,0.7
2018,Retina,1.0345,0.6034,0.6256,0.7
2018,SLEEP,0.3929,0.0357,0.0276,0.7
2018,Scandinavian Journal of Medicine and Science in Sports,0.76,0.52,0.5216,0.7
2018,Schizophrenia Bulletin,0.7308,0.3846,0.3938,0.7
2018,Schizophrenia Research,0.2609,0.0,0.0,0.7
2018,Science,5.0076,4.2977,4.3486,0.7
2018,Science Advances,0.8387,0.4194,0.4346,0.7
2018,Science Translational Medicine,1.355,0.7574,0.7803,0.7
2018,Scientific Reports,0.6118,0.2359,0.2515,0.7
2018,Seminars in Arthritis and Rheumatism,0.45,0.0,0.0,0.7
2018,Social Science & Medicine,0.3636,0.0909,0.0743,0.7
2018,Spine,0.4306,0.0,0.0035,0.7
2018,Sports Medicine,1.1481,0.3704,0.4255,0.7
2018,Stem Cell Reports,0.7442,0.2791,0.3026,0.7
2018,Stem Cell Research & Therapy,0.2698,0.0159,0.0195,0.7
2018,Stem Cells,1.0882,0.2941,0.3243,0.7
2018,Stem Cells Translational Medicine,0.6,0.2222,0.2425,0.7
2018,Stroke,0.7016,0.2723,0.2814,0.7
2018,Supportive Care in Cancer,0.3846,0.0,0.0032,0.7
2018,Surgery,0.4359,0.1282,0.1593,0.7
2018,Surgery for Obesity and Related Diseases,0.7586,0.2414,0.2515,0.7
2018,Surgical Endoscopy,0.4722,0.0972,0.1054,0.7
2018,The American Journal of Cardiology,0.8387,0.3871,0.3807,0.7
2018,The American Journal of Gastroenterology,1.1477,0.4659,0.4849,0.7
2018,The American Journal of Human Genetics,0.6512,0.0698,0.092,0.7
2018,The American Journal of Medicine,0.6757,0.1081,0.1284,0.7
2018,The American Journal of Sports Medicine,0.994,0.3929,0.4048,0.7
2018,The American Journal of Surgical Pathology,1.1209,0.6374,0.6732,0.7
2018,The Annals of Thoracic Surgery,0.5077,0.0,0.0284,0.7
2018,The Bone & Joint Journal,0.6212,0.1364,0.1349,0.7
2018,The EMBO Journal,1.6923,1.2821,1.2803,0.7
2018,The FASEB Journal,0.4571,0.1143,0.1018,0.7
2018,The Journal of Allergy and Clinical Immunology In Practice,0.35,0.125,0.1307,0.7
2018,The Journal of Arthroplasty,0.8031,0.3386,0.3793,0.7
2018,The Journal of Cell Biology,0.8529,0.3824,0.4118,0.7
2018,The Journal of Clinical Endocrinology & Metabolism,0.8266,0.237,0.2602,0.7
2018,The Journal of Clinical Psychiatry,0.7391,0.3043,0.3043,0.7
2018,The Journal of Experimental Medicine,0.8302,0.4151,0.4672,0.7
2018,The Journal of Heart and Lung Transplantation,0.9565,0.3913,0.418,0.7
2018,The Journal of Immunology,0.4918,0.1639,0.1693,0.7
2018,The Journal of Infectious Diseases,1.4082,0.9694,0.9725,0.7
2018,The Journal of Pathology,1.125,0.5833,0.5823,0.7
2018,The Journal of Pediatrics,0.5048,0.0381,0.0494,0.7
2018,The Journal of Physiology,1.16,0.28,0.2981,0.7
2018,The Journal of Rheumatology,0.4828,0.1724,0.1996,0.7
2018,The Journal of Sexual Medicine,0.6944,0.1944,0.2216,0.7
2018,The Journal of Strength and Conditioning Research,0.7353,0.3382,0.3483,0.7
2018,"The Journal of Trauma: Injury, Infection, and Critical Care",0.9216,0.2157,0.2223,0.7
2018,The Journal of Urology,0.7529,0.3529,0.3919,0.7
2018,The Journals of Gerontology Series A,1.0185,0.537,0.5774,0.7
2018,The Lancet,4.4259,3.5894,3.6383,0.7
2018,The Lancet Diabetes & Endocrinology,1.4286,0.7679,0.8088,0.7
2018,The Lancet Global Health,1.2857,0.4921,0.5988,0.7
2018,The Lancet HIV,1.6571,1.0571,1.0225,0.7
2018,The Lancet Haematology,0.7674,0.3023,0.3804,0.7
2018,The Lancet Infectious Diseases,3.6,2.95,2.9582,0.7
2018,The Lancet Neurology,1.7377,0.9344,0.9405,0.7
2018,The Lancet Oncology,3.4355,2.6774,2.736,0.7
2018,The Lancet Psychiatry,1.1786,0.5714,0.5624,0.7
2018,The Lancet Respiratory Medicine,1.2174,0.6377,0.651,0.7
2018,The Laryngoscope,0.5417,0.125,0.1559,0.7
2018,The Oncologist,1.0408,0.5918,0.6202,0.7
2018,The Spine Journal,0.3235,0.0294,0.0294,0.7
2018,Theranostics,0.8776,0.6122,0.6434,0.7
2018,Thorax,0.8594,0.2344,0.2611,0.7
2018,Thrombosis and Haemostasis,0.64,0.2,0.2584,0.7
2018,Thyroid,1.0714,0.4524,0.4909,0.7
2018,Tobacco Control,2.7353,2.3235,2.3466,0.7
2018,Transfusion,1.04,0.32,0.4019,0.7
2018,Translational Psychiatry,0.6071,0.0714,0.0857,0.7
2018,Transplantation,0.6757,0.1622,0.2033,0.7
2018,Trends in Food Science & Technology,0.8333,0.4333,0.4522,0.7
2018,Ultrasound in Obstetrics and Gynecology,2.3143,1.9143,1.9353,0.7
2018,Unknown,0.7907,0.3663,0.4125,0.7
2018,Vaccine,0.6087,0.1957,0.218,0.7
2018,World Journal of Gastroenterology,0.3514,0.027,0.1041,0.7
2018,World Journal of Surgery,1.2,0.4,0.4125,0.7
2018,World Neurosurgery,0.25,0.0,0.001,0.7
2018,eLife,1.2482,0.5839,0.6286,0.7
2018,mBio,1.4433,0.7938,0.7995,0.7
2018,mSphere,1.625,0.9583,0.9696,0.7
2018,The Lancet. Gastroenterology & hepatology,0.5455,0.3333,0.334,0.7
2019,ACS Applied Materials & Interfaces,0.6364,0.2273,0.2334,0.7
2019,ACS Nano,0.4878,0.122,0.1549,0.7
2019,AIDS,0.9459,0.3784,0.3874,0.7
2019,AIDS and Behavior,0.6364,0.2424,0.286,0.7
2019,Academic Medicine,0.5,0.1053,0.1383,0.7
2019,Acta Biomaterialia,0.5055,0.011,0.0265,0.7
2019,Acta Neuropathologica,1.4713,0.7816,0.8349,0.7
2019,Acta Neuropathologica Communications,0.9773,0.6364,0.6286,0.7
2019,Acta Oncologica,1.5,0.7,0.7102,0.7
2019,Addiction,1.1489,0.5319,0.6129,0.7
2019,Addictive Behaviors,1.1714,0.8571,0.8779,0.7
2019,Age and Ageing,0.7407,0.1852,0.183,0.7
2019,Aging,1.0,0.4583,0.4441,0.7
2019,Aging Cell,0.8222,0.1556,0.1556,0.7
2019,Alimentary Pharmacology & Therapeutics,0.9091,0.5,0.5325,0.7
2019,Allergy,1.0,0.3043,0.3803,0.7
2019,Alzheimer s & Dementia,1.4605,0.7105,0.7372,0.7
2019,Alzheimer s Research & Therapy,0.6122,0.2041,0.1996,0.7
2019,American Heart Journal,0.75,0.4286,0.4449,0.7
2019,American Journal Of Pathology,0.9,0.65,0.6224,0.7
2019,American Journal of Clinical Nutrition,0.6154,0.0154,0.0519,0.7
2019,American Journal of Epidemiology,1.0938,0.4062,0.4392,0.7
2019,American Journal of Hematology,0.587,0.2391,0.2465,0.7
2019,American Journal of Kidney Diseases,0.6341,0.0,0.0176,0.7
2019,American Journal of Neuroradiology,0.7907,0.2093,0.1974,0.7
2019,American Journal of Obstetrics and Gynecology,0.8785,0.4673,0.4794,0.7
2019,American Journal of Ophthalmology,0.7561,0.378,0.3845,0.7
2019,American Journal of Physiology-Lung Cellular and Molecular Physiology,1.0,0.3636,0.4151,0.7
2019,American Journal of Preventive Medicine,1.0,0.6486,0.6704,0.7
2019,American Journal of Psychiatry,0.9722,0.4722,0.4733,0.7
2019,American Journal of Public Health,1.525,1.075,1.0796,0.7
2019,American Journal of Respiratory Cell and Molecular Biology,0.92,0.2,0.2718,0.7
2019,American Journal of Respiratory and Critical Care Medicine,1.2736,0.6169,0.654,0.7
2019,American Journal of Roentgenology,0.9667,0.4,0.4157,0.7
2019,American Journal of Transplantation,1.5,0.8913,0.918,0.7
2019,Anaesthesia,1.3636,0.8182,0.8006,0.7
2019,Anesthesia & Analgesia,0.6383,0.1064,0.1665,0.7
2019,Anesthesiology,0.56,0.12,0.1258,0.7
2019,Angewandte Chemie International Edition,0.5806,0.0323,0.0647,0.7
2019,Annals of Allergy Asthma & Immunology,0.5238,0.0476,0.0773,0.7
2019,Annals of Clinical and Translational Neurology,0.4783,0.2609,0.2609,0.7
2019,Annals of Emergency Medicine,0.7241,0.2414,0.2822,0.7
2019,Annals of Intensive Care,0.4,0.08,0.08,0.7
2019,Annals of Internal Medicine,1.9688,1.1042,1.1092,0.7
2019,Annals of Neurology,1.3069,0.8515,0.8616,0.7
2019,Annals of Oncology,1.2974,0.7974,0.8349,0.7
2019,Annals of Surgery,0.9124,0.5206,0.541,0.7
2019,Annals of Surgical Oncology,0.6829,0.2317,0.2548,0.7
2019,Annals of the American Thoracic Society,0.5909,0.0227,0.0591,0.7
2019,Annals of the Rheumatic Diseases,0.9605,0.3618,0.3783,0.7
2019,Antimicrobial Agents and Chemotherapy,1.3258,0.8315,0.8814,0.7
2019,Antiviral Research,0.6875,0.2188,0.2624,0.7
2019,Archives of Disease in Childhood Fetal & Neonatal,0.4286,0.0476,0.1405,0.7
2019,Archives of Physical Medicine and Rehabilitation,0.2609,0.0,0.0,0.7
2019,Arteriosclerosis Thrombosis and Vascular Biology,0.2222,0.0278,0.0497,0.7
2019,Arthritis & Rheumatology,0.6408,0.1456,0.1523,0.7
2019,Arthritis Care & Research,0.6857,0.1714,0.2387,0.7
2019,Arthritis Research & Therapy,0.4828,0.0517,0.0549,0.7
2019,Arthroscopy The Journal of Arthroscopic and Related Surgery,0.5517,0.2069,0.1993,0.7
2019,Atherosclerosis,0.5161,0.0645,0.0801,0.7
2019,Autophagy,0.6087,0.1848,0.2192,0.7
2019,BJOG An International Journal of Obstetrics & Gynaecology,0.9643,0.25,0.2908,0.7
2019,BMC Cancer,0.2286,0.0381,0.055,0.7
2019,BMC Complementary and Alternative Medicine,0.2927,0.0,0.0,0.7
2019,BMC Genomics,0.2,0.0,0.0538,0.7
2019,BMC Geriatrics,0.2222,0.0,0.0055,0.7
2019,BMC Health Services Research,0.1364,0.0152,0.0152,0.7
2019,BMC Infectious Diseases,0.3387,0.0,0.016,0.7
2019,BMC Medical Education,0.3636,0.0,0.0,0.7
2019,BMC Medicine,0.6562,0.1875,0.2091,0.7
2019,BMC Musculoskeletal Disorders,0.3939,0.0,0.0212,0.7
2019,BMC Nephrology,0.2174,0.087,0.0658,0.7
2019,BMC Pediatrics,0.28,0.0,0.0,0.7
2019,BMC Pregnancy and Childbirth,0.1443,0.0515,0.0496,0.7
2019,BMC Psychiatry,0.2857,0.0,0.0,0.7
2019,BMC Public Health,0.4828,0.25,0.2484,0.7
2019,BMC Pulmonary Medicine,0.28,0.0,0.0,0.7
2019,BMC Research Notes,0.25,0.0,0.0,0.7
2019,BMC Women s Health,0.36,0.0,0.0,0.7
2019,BMJ,1.4151,0.7673,0.8028,0.7
2019,BMJ Global Health,0.4324,0.1622,0.1852,0.7
2019,BMJ Open,0.4633,0.0847,0.0919,0.7
2019,BioMed Research International,0.1081,0.0,0.0,0.7
2019,Biochemical and Biophysical Research Communications,0.4583,0.1458,0.1656,0.7
2019,Biological Psychiatry,0.6818,0.2273,0.2358,0.7
2019,Biology of Blood and Marrow Transplantation,0.5588,0.1176,0.1659,0.7
2019,Biomaterials,0.6729,0.2991,0.305,0.7
2019,Biomedical Optics Express,3.0,2.7778,2.7452,0.7
2019,Biomedical Signal Processing and Control,0.5455,0.0455,0.1237,0.7
2019,Biomedicine & Pharmacotherapy,0.3167,0.0417,0.05,0.7
2019,Blood,1.3497,0.8072,0.8499,0.7
2019,Blood Advances,0.5733,0.2533,0.2678,0.7
2019,Blood Cancer Journal,0.3182,0.1818,0.1964,0.7
2019,Bone,0.5714,0.2857,0.3081,0.7
2019,Brain,1.2029,0.7101,0.7463,0.7
2019,Brain Behavior and Immunity,0.3929,0.0714,0.0714,0.7
2019,Breast Cancer Research,0.7037,0.3704,0.3761,0.7
2019,Breast Cancer Research and Treatment,0.7632,0.3947,0.3846,0.7
2019,British Journal Of Nutrition,0.6667,0.2381,0.2381,0.7
2019,British Journal of Anaesthesia,0.662,0.1972,0.204,0.7
2019,British Journal of Cancer,0.5472,0.2547,0.2589,0.7
2019,British Journal of Dermatology,0.4894,0.0851,0.0972,0.7
2019,British Journal of Haematology,0.4848,0.1212,0.1176,0.7
2019,British Journal of Ophthalmology,0.7619,0.2857,0.3022,0.7
2019,British Journal of Pharmacology,1.4074,0.8148,0.868,0.7
2019,British Journal of Sports Medicine,1.0462,0.5385,0.5807,0.7
2019,British Journal of Urology,0.6216,0.3514,0.3241,0.7
2019,British journal of surgery,0.791,0.194,0.2079,0.7
2019,CA A Cancer Journal for Clinicians,23.75,22.35,22.4196,0.7
2019,CHEST Journal,0.5441,0.1765,0.1916,0.7
2019,Canadian Medical Association Journal,1.1905,0.6667,0.6795,0.7
2019,Cancer,0.8861,0.3987,0.4234,0.7
2019,Cancer Cell,2.2273,1.4545,1.5227,0.7
2019,Cancer Discovery,2.5529,2.1294,2.1782,0.7
2019,Cancer Epidemiology Biomarkers & Prevention,0.963,0.4815,0.5057,0.7
2019,Cancer Immunology Immunotherapy,1.2059,0.7941,0.8562,0.7
2019,Cancer Immunology Research,1.0167,0.7,0.755,0.7
2019,Cancer Letters,0.7576,0.4545,0.4695,0.7
2019,Cancer Medicine,0.4667,0.0667,0.0906,0.7
2019,Cancer Research,1.0116,0.578,0.6003,0.7
2019,Cancer Science,1.08,0.52,0.5493,0.7
2019,Carbohydrate Polymers,0.66,0.1,0.1139,0.7
2019,Cardiovascular Diabetology,1.1538,0.9231,0.9019,0.7
2019,Cardiovascular Research,0.4444,0.037,0.037,0.7
2019,Cell,2.4094,1.8591,1.905,0.7
2019,Cell Death and Differentiation,0.5417,0.0833,0.1115,0.7
2019,Cell Death and Disease,0.5595,0.1548,0.1718,0.7
2019,Cell Host & Microbe,1.0405,0.5405,0.5834,0.7
2019,Cell Metabolism,1.625,0.7167,0.786,0.7
2019,Cell Reports,1.0076,0.4427,0.4752,0.7
2019,Cell stem cell,1.459,0.918,0.9071,0.7
2019,Cellular Physiology and Biochemistry,1.5227,0.9318,0.9389,0.7
2019,Cephalalgia,1.5714,1.0,1.0821,0.7
2019,Chemical Science,0.52,0.04,0.0714,0.7
2019,Circulation,1.4051,0.7007,0.7829,0.7
2019,Circulation Arrhythmia and Electrophysiology,0.8108,0.2973,0.3439,0.7
2019,Circulation Cardiovascular Imaging,0.5476,0.0238,0.0621,0.7
2019,Circulation Cardiovascular Interventions,0.5455,0.2727,0.2907,0.7
2019,Circulation Cardiovascular Quality and Outcomes,0.7143,0.1905,0.1846,0.7
2019,Circulation Heart Failure,0.65,0.175,0.22,0.7
2019,Circulation Research,0.7083,0.125,0.1492,0.7
2019,Clinical Cancer Research,1.2713,0.814,0.8497,0.7
2019,Clinical Chemistry,0.8095,0.4286,0.4771,0.7
2019,Clinical Gastroenterology and Hepatology,0.6966,0.2135,0.2421,0.7
2019,Clinical Infectious Diseases,0.8585,0.361,0.384,0.7
2019,Clinical Interventions in Aging,0.4,0.0,0.0,0.7
2019,Clinical Journal of the American Society of Nephrology,0.6047,0.2093,0.2093,0.7
2019,Clinical Lung Cancer,0.2273,0.1364,0.1191,0.7
2019,Clinical Microbiology and Infection,0.5556,0.1111,0.1004,0.7
2019,Clinical Nutrition,0.5192,0.1923,0.186,0.7
2019,Clinical Orthopaedics and Related Research,0.5333,0.0222,0.0343,0.7
2019,Clinical Pharmacology & Therapeutics,0.3103,0.0345,0.0345,0.7
2019,Computer Methods and Programs in Biomedicine,0.6667,0.1481,0.14,0.7
2019,Computers in Biology and Medicine,2.0,1.3261,1.4029,0.7
2019,Critical Care,0.4058,0.1449,0.1378,0.7
2019,Critical Care Medicine,1.2273,0.6818,0.6892,0.7
2019,Current Biology,0.6,0.2,0.2388,0.7
2019,Development,0.9583,0.2917,0.2997,0.7
2019,Developmental Cell,0.4062,0.0312,0.0312,0.7
2019,Developmental Medicine & Child Neurology,0.1,0.0,0.0,0.7
2019,Diabetes,0.7385,0.1385,0.153,0.7
2019,Diabetes Care,1.3855,0.8193,0.8652,0.7
2019,Diabetes Obesity and Metabolism,1.7821,1.3205,1.3627,0.7
2019,Diabetes Research and Clinical Practice,2.6818,1.2273,1.2372,0.7
2019,Diabetes Technology & Therapeutics,1.4138,1.0345,1.0977,0.7
2019,Diabetologia,0.9589,0.3836,0.4259,0.7
2019,Diseases of the Colon & Rectum,0.4516,0.0,0.0,0.7
2019,Drug and Alcohol Dependence,1.0638,0.6277,0.6779,0.7
2019,EBioMedicine,0.4359,0.141,0.1819,0.7
2019,EFORT Open Reviews,0.1429,0.0,0.0,0.7
2019,EMBO Molecular Medicine,0.4737,0.1053,0.1378,0.7
2019,EP Europace,0.7667,0.3,0.3188,0.7
2019,Emerging Microbes & Infections,0.5217,0.1304,0.1304,0.7
2019,Emerging infectious diseases,1.5634,0.8732,0.9134,0.7
2019,Endocrinology,0.619,0.0,0.0147,0.7
2019,Endoscopy,0.6042,0.1458,0.1794,0.7
2019,Epilepsia,1.3571,0.6964,0.7081,0.7
2019,EuroIntervention,1.0741,0.4074,0.4749,0.7
2019,European Heart Journal,1.4554,0.9598,0.9794,0.7
2019,European Heart Journal - Cardiovascular Imaging,0.8966,0.3793,0.4356,0.7
2019,European Journal of Cancer,0.7143,0.25,0.2819,0.7
2019,European Journal of Cardio-Thoracic Surgery,0.7391,0.2174,0.2726,0.7
2019,European Journal of Endocrinology,0.6667,0.037,0.1091,0.7
2019,European Journal of Epidemiology,1.3913,0.5652,0.6406,0.7
2019,European Journal of Heart Failure,0.9221,0.5325,0.5238,0.7
2019,European Journal of Medicinal Chemistry,0.5714,0.0714,0.0894,0.7
2019,European Journal of Neurology,0.6087,0.3043,0.2994,0.7
2019,European Journal of Nuclear Medicine and Molecular Imaging,1.5312,1.1667,1.1827,0.7
2019,European Journal of Nutrition,0.1304,0.0,0.0,0.7
2019,European Journal of Preventive Cardiology,0.619,0.0,0.0,0.7
2019,European Journal of Radiology,1.1,0.4,0.4184,0.7
2019,European Journal of Surgical Oncology,0.3846,0.0,0.0,0.7
2019,European Radiology,0.6667,0.3556,0.3616,0.7
2019,European Respiratory Journal,1.0065,0.4935,0.5205,0.7
2019,European Spine Journal,0.3333,0.0606,0.0606,0.7
2019,European Urology,1.2143,0.7946,0.7818,0.7
2019,Eurosurveillance,1.3611,0.5,0.5549,0.7
2019,Experimental Gerontology,0.5217,0.0435,0.0803,0.7
2019,Fertility and Sterility,0.8194,0.3333,0.3401,0.7
2019,Food & Function,0.4898,0.0612,0.0612,0.7
2019,Food Chemistry,0.4624,0.0231,0.0237,0.7
2019,Food Research International,0.9348,0.2174,0.2878,0.7
2019,Food and Chemical Toxicology,0.7619,0.0,0.017,0.7
2019,Foot & Ankle International,0.4286,0.0,0.0,0.7
2019,Free Radical Biology and Medicine,0.549,0.1373,0.1953,0.7
2019,Frontiers in Aging Neuroscience,0.3571,0.0476,0.0667,0.7
2019,Frontiers in Immunology,0.2459,0.0328,0.0358,0.7
2019,Frontiers in Microbiology,0.4651,0.1163,0.1128,0.7
2019,Frontiers in Molecular Neuroscience,0.2273,0.0909,0.0909,0.7
2019,Frontiers in Neurology,0.3111,0.0667,0.0659,0.7
2019,Frontiers in Neuroscience,0.4444,0.25,0.2654,0.7
2019,Frontiers in Oncology,0.1481,0.0741,0.0654,0.7
2019,Frontiers in Pharmacology,0.4815,0.0741,0.0817,0.7
2019,Frontiers in Physiology,0.5952,0.3333,0.3345,0.7
2019,Frontiers in Psychology,0.3571,0.0357,0.0357,0.7
2019,Frontiers in Public Health,0.2857,0.0,0.0365,0.7
2019,Gastric Cancer,0.76,0.48,0.4623,0.7
2019,Gastroenterology,1.0769,0.6667,0.6727,0.7
2019,Gastrointestinal Endoscopy,0.6623,0.1558,0.1941,0.7
2019,Genetics in Medicine,0.6486,0.1351,0.1765,0.7
2019,Global Spine Journal,0.1852,0.0,0.0,0.7
2019,Gut,0.9457,0.2326,0.2713,0.7
2019,Gynecologic Oncology,0.5345,0.1034,0.1254,0.7
2019,Haematologica,0.623,0.2131,0.2358,0.7
2019,Health Affairs,1.7917,1.0833,1.1008,0.7
2019,Health and Quality of Life Outcomes,0.2069,0.0,0.0,0.7
2019,Heart,0.6087,0.1087,0.1449,0.7
2019,Heart Rhythm,1.4528,0.9057,0.929,0.7
2019,Hepatology,1.2048,0.7667,0.8035,0.7
2019,Human Brain Mapping,1.0741,0.4074,0.4966,0.7
2019,Human Molecular Genetics,0.7083,0.1875,0.2486,0.7
2019,Human Reproduction,0.7172,0.2222,0.2483,0.7
2019,Hypertension,0.5185,0.0988,0.1276,0.7
2019,IEEE Access,0.6053,0.1842,0.193,0.7
2019,IEEE Journal of Biomedical and Health Informatics,0.625,0.325,0.3633,0.7
2019,IEEE Transactions on Biomedical Engineering,0.6471,0.1471,0.1733,0.7
2019,IEEE Transactions on Medical Imaging,1.675,1.225,1.2647,0.7
2019,Immunity,1.4444,0.9444,0.975,0.7
2019,Industrial Crops and Products,0.4688,0.0625,0.0536,0.7
2019,Inflammatory Bowel Diseases,0.25,0.1,0.1,0.7
2019,Injury,0.32,0.0,0.0,0.7
2019,Intensive Care Medicine,1.44,0.8133,0.8925,0.7
2019,International Immunopharmacology,0.36,0.04,0.0633,0.7
2019,International Journal of Behavioral Nutrition and Physical Activity,0.8958,0.4167,0.4136,0.7
2019,International Journal of Biological Macromolecules,0.3333,0.0667,0.0662,0.7
2019,International Journal of COPD,0.6,0.0,0.058,0.7
2019,International Journal of Cancer,0.6353,0.0941,0.1077,0.7
2019,International Journal of Cardiology,0.5424,0.1356,0.1644,0.7
2019,International Journal of Drug Policy,2.1026,1.6923,1.705,0.7
2019,International Journal of Environmental Research and Public Health,0.3469,0.1837,0.1841,0.7
2019,International Journal of Epidemiology,0.4571,0.0286,0.0398,0.7
2019,International Journal of Gynecology & Obstetrics,0.4762,0.0476,0.1016,0.7
2019,International Journal of Molecular Medicine,0.1429,0.0,0.0,0.7
2019,International Journal of Molecular Sciences,0.4375,0.1375,0.1301,0.7
2019,International Journal of Nanomedicine,0.4516,0.0,0.0,0.7
2019,International Journal of Obesity,0.4286,0.1143,0.1371,0.7
2019,International Journal of Pharmaceutics,0.1379,0.0,0.0,0.7
2019,International Journal of Radiation Oncology*Biology*Physics,0.593,0.1163,0.138,0.7
2019,International Journal of Sports Physiology and Performance,1.5938,0.9062,0.965,0.7
2019,International Journal of Stroke,1.6,0.85,0.8749,0.7
2019,International Orthopaedics,0.5652,0.0,0.0838,0.7
2019,Investigative Ophthalmology & Visual Science,1.3295,0.7386,0.7835,0.7
2019,JACC Heart Failure,0.6111,0.3889,0.3766,0.7
2019,JACC. Cardiovascular imaging,0.5758,0.101,0.1326,0.7
2019,JACC. Clinical electrophysiology,0.425,0.05,0.051,0.7
2019,JACC: Cardiovascular Interventions,1.05,0.6,0.6582,0.7
2019,JAIDS Journal of Acquired Immune Deficiency Syndromes,1.0714,0.6429,0.6362,0.7
2019,JAMA,2.1404,1.3421,1.386,0.7
2019,JAMA Cardiology,1.2159,0.5341,0.6144,0.7
2019,JAMA Dermatology,0.6071,0.1964,0.2265,0.7
2019,JAMA Internal Medicine,1.25,0.6848,0.7174,0.7
2019,JAMA Network Open,0.1077,0.0615,0.0615,0.7
2019,JAMA Neurology,1.3769,0.7923,0.8324,0.7
2019,JAMA Oncology,1.5404,1.0248,1.0626,0.7
2019,JAMA Ophthalmology,1.2273,0.7879,0.8171,0.7
2019,JAMA Pediatrics,1.05,0.3625,0.4031,0.7
2019,JAMA Psychiatry,1.6714,0.9429,0.9538,0.7
2019,JAMA Surgery,1.2469,0.8519,0.8476,0.7
2019,JCI Insight,0.7778,0.2876,0.3171,0.7
2019,JMIR mhealth and uhealth,0.5294,0.1471,0.1159,0.7
2019,JNCI Journal of the National Cancer Institute,1.125,0.6389,0.6533,0.7
2019,Journal for ImmunoTherapy of Cancer,1.2653,0.9592,0.9754,0.7
2019,Journal of Adolescent Health,0.6,0.3,0.3112,0.7
2019,Journal of Affective Disorders,0.0682,0.0,0.0,0.7
2019,Journal of Agricultural and Food Chemistry,0.36,0.02,0.02,0.7
2019,Journal of Allergy and Clinical Immunology,0.7273,0.0818,0.1143,0.7
2019,Journal of Alzheimer s Disease,0.7121,0.2727,0.2558,0.7
2019,Journal of Antimicrobial Chemotherapy,1.36,0.92,0.92,0.7
2019,Journal of Applied Physiology,0.4762,0.0,0.1108,0.7
2019,Journal of Biological Chemistry,0.8194,0.2639,0.3162,0.7
2019,Journal of Biomechanics,0.25,0.0,0.0,0.7
2019,Journal of Bone and Joint Surgery,0.8056,0.2685,0.2792,0.7
2019,Journal of Bone and Mineral Research,1.0,0.4583,0.4313,0.7
2019,Journal of Cachexia Sarcopenia and Muscle,2.0,1.3191,1.3282,0.7
2019,Journal of Cancer Research and Clinical Oncology,0.5714,0.1905,0.1686,0.7
2019,Journal of Cataract & Refractive Surgery,0.5714,0.1429,0.1618,0.7
2019,Journal of Cellular Physiology,0.2647,0.0294,0.0294,0.7
2019,Journal of Cellular and Molecular Medicine,0.4138,0.0345,0.0345,0.7
2019,Journal of Clinical Investigation,0.9765,0.5647,0.5968,0.7
2019,Journal of Clinical Medicine,0.0909,0.0455,0.0612,0.7
2019,Journal of Clinical Microbiology,1.1702,0.7872,0.8161,0.7
2019,Journal of Clinical Oncology,2.4469,1.6615,1.7087,0.7
2019,Journal of Controlled Release,0.2667,0.0,0.0,0.7
2019,Journal of Critical Care,0.2174,0.0,0.0,0.7
2019,Journal of Experimental & Clinical Cancer Research,0.2,0.0,0.0,0.7
2019,Journal of Functional Foods,0.2778,0.0,0.0,0.7
2019,Journal of General Internal Medicine,0.9,0.3,0.3118,0.7
2019,Journal of Glaucoma,1.6,0.9,1.0174,0.7
2019,Journal of Hematology & Oncology,0.6207,0.1379,0.1708,0.7
2019,Journal of Hepatology,1.9355,1.3806,1.4143,0.7
2019,Journal of Investigative Dermatology,0.5741,0.1481,0.1417,0.7
2019,Journal of Lipid Research,0.4348,0.0,0.0,0.7
2019,Journal of Magnetic Resonance Imaging,1.1136,0.6136,0.6575,0.7
2019,Journal of Medical Internet Research,0.3585,0.0755,0.0731,0.7
2019,Journal of Medicinal Chemistry,0.44,0.12,0.1287,0.7
2019,Journal of Neuro-Oncology,0.4118,0.1471,0.1642,0.7
2019,Journal of NeuroInterventional Surgery,0.9762,0.4286,0.5038,0.7
2019,Journal of Neuroinflammation,0.3538,0.0308,0.0478,0.7
2019,Journal of Neurology,0.5172,0.2069,0.2043,0.7
2019,Journal of Neurology Neurosurgery & Psychiatry,0.6833,0.3167,0.3251,0.7
2019,Journal of Neuroscience,1.0714,0.6,0.6227,0.7
2019,Journal of Neurosurgery Spine,0.5926,0.0,0.0013,0.7
2019,Journal of Neurotrauma,0.6667,0.0784,0.1146,0.7
2019,Journal of Nuclear Medicine,1.6944,1.1852,1.2343,0.7
2019,Journal of Nutrition,0.9259,0.2593,0.322,0.7
2019,Journal of Orthopaedic and Sports Physical Therapy,0.7308,0.2308,0.2203,0.7
2019,Journal of Pain,0.5357,0.1786,0.1905,0.7
2019,Journal of Pain and Symptom Management,0.48,0.0,0.014,0.7
2019,Journal of Pineal Research,1.381,1.0476,0.9944,0.7
2019,Journal of Shoulder and Elbow Surgery,0.3617,0.0213,0.0213,0.7
2019,Journal of Sports Sciences,0.7143,0.2381,0.2945,0.7
2019,Journal of Substance Abuse Treatment,0.85,0.4,0.4167,0.7
2019,Journal of Surgical Oncology,0.5455,0.0,0.07,0.7
2019,Journal of Thoracic Disease,0.7727,0.1364,0.1807,0.7
2019,Journal of Thoracic Oncology,1.0167,0.6083,0.6598,0.7
2019,Journal of Thoracic and Cardiovascular Surgery,0.2985,0.0299,0.0313,0.7
2019,Journal of Thrombosis and Haemostasis,0.4074,0.0741,0.0858,0.7
2019,Journal of Translational Medicine,0.2759,0.1034,0.1195,0.7
2019,Journal of Vascular Surgery,0.4194,0.0161,0.0227,0.7
2019,Journal of Virology,0.7326,0.2907,0.2947,0.7
2019,Journal of clinical lipidology,0.6,0.25,0.2271,0.7
2019,Journal of neurosurgery,0.493,0.1127,0.1152,0.7
2019,Journal of science and medicine in sport,0.5909,0.2273,0.2082,0.7
2019,Journal of the American Academy of Dermatology,1.0208,0.4792,0.4924,0.7
2019,Journal of the American Chemical Society,0.7174,0.3478,0.3583,0.7
2019,Journal of the American College of Cardiology,1.5215,0.9448,1.0022,0.7
2019,Journal of the American College of Radiology,1.2069,0.6897,0.7231,0.7
2019,Journal of the American College of Surgeons,0.7381,0.4048,0.3941,0.7
2019,Journal of the American Geriatrics Society,0.7097,0.1452,0.147,0.7
2019,Journal of the American Heart Association,0.8945,0.3394,0.3492,0.7
2019,Journal of the American Medical Directors Association,1.3585,0.2453,0.3044,0.7
2019,Journal of the American Society of Nephrology,0.5876,0.1134,0.1183,0.7
2019,Journal of the European Academy of Dermatology and Venereology,0.4091,0.0455,0.0455,0.7
2019,Journal of the International AIDS Society,1.3548,0.4839,0.6201,0.7
2019,Journal of the National Comprehensive Cancer Network,2.6122,1.6531,1.716,0.7
2019,Kidney International,0.7222,0.0889,0.1007,0.7
2019,Knee Surgery Sports Traumatology Arthroscopy,0.6316,0.1579,0.2021,0.7
2019,LWT,0.4333,0.2,0.1864,0.7
2019,Lara D. Veeken,0.5606,0.0455,0.0562,0.7
2019,Leukemia,1.0396,0.4257,0.4809,0.7
2019,Life Sciences,0.2381,0.0,0.0,0.7
2019,Lipids in Health and Disease,0.32,0.08,0.0848,0.7
2019,Liver International,1.0714,0.6429,0.6368,0.7
2019,Liver Transplantation,1.2,0.85,0.8581,0.7
2019,Lung Cancer,1.5128,1.1795,1.214,0.7
2019,MMWR Morbidity and Mortality Weekly Report,3.4825,2.7368,2.7592,0.7
2019,Magnetic Resonance in Medicine,1.75,1.1458,1.2406,0.7
2019,Malaria Journal,0.7808,0.3562,0.3815,0.7
2019,Materials Science and Engineering C,0.2308,0.0769,0.0649,0.7
2019,Medical Image Analysis,2.04,1.28,1.2698,0.7
2019,Medical Physics,1.65,1.175,1.2168,0.7
2019,Medical Teacher,1.0,0.2581,0.3163,0.7
2019,Medicine,0.3108,0.027,0.0364,0.7
2019,Medicine & Science in Sports & Exercise,0.6724,0.1724,0.1748,0.7
2019,Menopause The Journal of The North American Menopause Society,0.9583,0.5833,0.6048,0.7
2019,Microbiome,0.6207,0.2069,0.2142,0.7
2019,Modern Pathology,1.2059,0.5882,0.6571,0.7
2019,Molecular Cancer Research,0.4348,0.087,0.1061,0.7
2019,Molecular Cancer Therapeutics,1.0625,0.6875,0.6886,0.7
2019,Molecular Cell,0.9524,0.4524,0.4503,0.7
2019,Molecular Metabolism,0.5625,0.125,0.1791,0.7
2019,Molecular Neurobiology,0.5385,0.0,0.0053,0.7
2019,Molecular Neurodegeneration,0.6875,0.2812,0.3677,0.7
2019,Molecular Nutrition & Food Research,0.4286,0.0,0.0,0.7
2019,Molecular Pharmaceutics,0.7619,0.5714,0.6289,0.7
2019,Molecular Psychiatry,1.1111,0.3778,0.4138,0.7
2019,Molecular Therapy,1.5156,1.0,1.038,0.7
2019,Molecules,0.2222,0.0476,0.0508,0.7
2019,Movement Disorders,0.8103,0.1897,0.2217,0.7
2019,Multiple Sclerosis Journal,0.8636,0.2273,0.2545,0.7
2019,Nature,4.4076,3.5782,3.6084,0.7
2019,Nature Biomedical Engineering,0.8485,0.4242,0.4313,0.7
2019,Nature Cell Biology,1.6098,0.4634,0.5145,0.7
2019,Nature Chemical Biology,0.9333,0.3667,0.3771,0.7
2019,Nature Communications,0.8926,0.4408,0.4567,0.7
2019,Nature Genetics,2.54,1.56,1.5952,0.7
2019,Nature Immunology,1.3478,0.4348,0.5305,0.7
2019,Nature Medicine,1.942,1.3986,1.4216,0.7
2019,Nature Microbiology,0.8868,0.3208,0.3334,0.7
2019,Nature Neuroscience,1.5938,0.7812,0.7958,0.7
2019,Nephrology Dialysis Transplantation,0.2564,0.0256,0.0479,0.7
2019,Neuro-Oncology,1.3279,0.918,0.9678,0.7
2019,NeuroImage,1.2393,0.6923,0.7431,0.7
2019,NeuroImage Clinical,0.6207,0.2759,0.2892,0.7
2019,Neurobiology of Aging,0.6122,0.1633,0.1911,0.7
2019,Neurobiology of Disease,0.8621,0.3448,0.4361,0.7
2019,Neurology,1.0141,0.4718,0.484,0.7
2019,Neurology Neuroimmunology & Neuroinflammation,0.8621,0.4828,0.4844,0.7
2019,Neuron,1.3696,0.6957,0.7732,0.7
2019,Neuropharmacology,0.619,0.0952,0.1064,0.7
2019,Neuropsychopharmacology,0.7097,0.2581,0.2526,0.7
2019,Neurosurgery,0.325,0.0,0.0,0.7
2019,Neurosurgical FOCUS,0.68,0.04,0.0492,0.7
2019,New England Journal of Medicine,5.0951,4.1512,4.1877,0.7
2019,Nicotine & Tobacco Research,1.2083,0.9167,0.9052,0.7
2019,Nucleic Acids Research,1.3333,0.75,0.7876,0.7
2019,Nutrients,0.3175,0.0899,0.0965,0.7
2019,Obesity,0.6296,0.1852,0.2338,0.7
2019,Obesity Surgery,1.0465,0.7674,0.7958,0.7
2019,Obstetrics and Gynecology,1.2143,0.5612,0.6294,0.7
2019,OncoImmunology,0.7011,0.3333,0.363,0.7
2019,Oncogene,0.4416,0.0909,0.117,0.7
2019,Oncotarget,0.8955,0.3483,0.3939,0.7
2019,Open Forum Infectious Diseases,0.3636,0.1364,0.1364,0.7
2019,Ophthalmology,1.0455,0.7273,0.7276,0.7
2019,Oral Oncology,0.5714,0.0857,0.1262,0.7
2019,Orthopaedic Journal of Sports Medicine,0.4118,0.0294,0.0411,0.7
2019,Osteoarthritis and Cartilage,0.7619,0.1429,0.1616,0.7
2019,Osteoporosis International,0.8462,0.1538,0.2136,0.7
2019,Otolaryngology,0.25,0.1,0.1,0.7
2019,Oxidative Medicine and Cellular Longevity,0.3415,0.0244,0.0428,0.7
2019,PEDIATRICS,0.907,0.4109,0.4298,0.7
2019,PLoS Biology,0.5417,0.0417,0.0715,0.7
2019,PLoS Genetics,0.5,0.0667,0.0635,0.7
2019,PLoS Medicine,1.0602,0.4211,0.4491,0.7
2019,PLoS ONE,0.537,0.1491,0.1615,0.7
2019,PLoS Pathogens,1.3178,0.814,0.8481,0.7
2019,PLoS neglected tropical diseases,0.6692,0.1231,0.142,0.7
2019,Pain,0.6567,0.1642,0.1892,0.7
2019,Parasites & Vectors,0.3667,0.0333,0.0395,0.7
2019,Pediatric Blood & Cancer,1.0952,0.619,0.5893,0.7
2019,Pediatric Critical Care Medicine,0.5238,0.0952,0.1155,0.7
2019,Pediatric Diabetes,0.381,0.1905,0.1649,0.7
2019,PeerJ,0.2727,0.0909,0.1224,0.7
2019,Physics in Medicine and Biology,0.6667,0.2917,0.2901,0.7
2019,Phytomedicine,0.1333,0.0333,0.077,0.7
2019,Plastic & Reconstructive Surgery,1.0161,0.5,0.5211,0.7
2019,Preventive Medicine,0.8974,0.4359,0.4452,0.7
2019,Proceedings of the National Academy of Sciences,0.8671,0.3716,0.3922,0.7
2019,Psycho-Oncology,0.28,0.0,0.0,0.7
2019,Psychological Medicine,0.7143,0.1714,0.1754,0.7
2019,PubMed,0.9601,0.6047,0.6191,0.7
2019,Public Health Nutrition,2.2188,1.7188,1.7134,0.7
2019,Radiology,1.2138,0.7793,0.803,0.7
2019,Radiotherapy and Oncology,0.6957,0.2609,0.3048,0.7
2019,Redox Biology,0.7736,0.5472,0.5323,0.7
2019,Regional Anesthesia & Pain Medicine,1.8182,1.0,1.0459,0.7
2019,Reproductive Health,1.0682,0.7273,0.7225,0.7
2019,Respiratory Medicine,0.24,0.08,0.0649,0.7
2019,Respiratory Research,0.4324,0.0541,0.0685,0.7
2019,Resuscitation,0.6444,0.1111,0.1161,0.7
2019,Retina,0.875,0.4,0.3887,0.7
2019,Scandinavian Journal of Medicine and Science in Sports,0.4333,0.1,0.1159,0.7
2019,Schizophrenia Bulletin,0.45,0.0,0.0,0.7
2019,Schizophrenia Research,0.3043,0.0,0.0,0.7
2019,Science,3.7712,2.9492,2.9807,0.7
2019,Science Advances,0.4667,0.2222,0.2062,0.7
2019,Science Translational Medicine,1.5402,0.7586,0.8477,0.7
2019,Scientific Reports,0.6678,0.2528,0.2672,0.7
2019,Sensors,0.4483,0.1724,0.2021,0.7
2019,Social Science & Medicine,0.15,0.0,0.0,0.7
2019,Spine,0.4286,0.1429,0.1429,0.7
2019,Sports Medicine,0.84,0.44,0.478,0.7
2019,Stem Cell Reports,0.82,0.34,0.3645,0.7
2019,Stem Cell Research & Therapy,0.4321,0.037,0.0677,0.7
2019,Stem Cells Translational Medicine,0.3929,0.0,0.0,0.7
2019,Stroke,0.6902,0.2446,0.2549,0.7
2019,Supportive Care in Cancer,0.3902,0.0,0.0435,0.7
2019,Surgery,0.3571,0.1786,0.1684,0.7
2019,Surgery for Obesity and Related Diseases,1.12,0.12,0.1853,0.7
2019,Surgical Endoscopy,0.6575,0.0959,0.1005,0.7
2019,The American Journal of Cardiology,0.5909,0.2727,0.3023,0.7
2019,The American Journal of Gastroenterology,1.0972,0.4583,0.4564,0.7
2019,The American Journal of Human Genetics,0.6765,0.2647,0.2681,0.7
2019,The American Journal of Medicine,1.52,0.84,0.8787,0.7
2019,The American Journal of Sports Medicine,0.8531,0.3007,0.3061,0.7
2019,The American Journal of Surgical Pathology,1.2073,0.7195,0.7619,0.7
2019,The Annals of Thoracic Surgery,0.6552,0.2241,0.2361,0.7
2019,The Bone & Joint Journal,0.9565,0.3043,0.3746,0.7
2019,The EMBO Journal,0.8049,0.2927,0.3123,0.7
2019,The FASEB Journal,0.5319,0.1489,0.1425,0.7
2019,The Journal of Allergy and Clinical Immunology In Practice,0.6786,0.0357,0.0604,0.7
2019,The Journal of Arthroplasty,0.6583,0.325,0.3213,0.7
2019,The Journal of Cell Biology,0.6333,0.3,0.3243,0.7
2019,The Journal of Clinical Endocrinology & Metabolism,0.75,0.1985,0.2318,0.7
2019,The Journal of Experimental Medicine,1.9286,1.25,1.3772,0.7
2019,The Journal of Headache and Pain,0.375,0.25,0.1954,0.7
2019,The Journal of Heart and Lung Transplantation,0.7037,0.1111,0.1636,0.7
2019,The Journal of Immunology,0.6296,0.1852,0.2353,0.7
2019,The Journal of Infectious Diseases,0.7553,0.1702,0.1995,0.7
2019,The Journal of Nutritional Biochemistry,0.3333,0.0,0.0,0.7
2019,The Journal of Pathology,1.1667,0.5417,0.5618,0.7
2019,The Journal of Pediatrics,0.625,0.175,0.2154,0.7
2019,The Journal of Physiology,1.1818,0.4091,0.4564,0.7
2019,The Journal of Rheumatology,0.5833,0.0,0.0201,0.7
2019,The Journal of Strength and Conditioning Research,0.6333,0.1833,0.2107,0.7
2019,"The Journal of Trauma: Injury, Infection, and Critical Care",0.6667,0.119,0.161,0.7
2019,The Journal of Urology,1.0625,0.5469,0.5781,0.7
2019,The Journals of Gerontology Series A,0.8148,0.2593,0.2652,0.7
2019,The Lancet,3.852,3.128,3.1423,0.7
2019,The Lancet Child & Adolescent Health,0.7143,0.2857,0.2856,0.7
2019,The Lancet Diabetes & Endocrinology,2.4923,1.8,1.8527,0.7
2019,The Lancet Global Health,0.7353,0.2059,0.203,0.7
2019,The Lancet HIV,1.7647,1.0,1.0561,0.7
2019,The Lancet Haematology,0.7609,0.1739,0.2332,0.7
2019,The Lancet Infectious Diseases,1.6044,0.989,1.0091,0.7
2019,The Lancet Neurology,1.1194,0.4925,0.497,0.7
2019,The Lancet Oncology,3.0226,2.3898,2.4801,0.7
2019,The Lancet Psychiatry,0.6364,0.0909,0.1239,0.7
2019,The Lancet Public Health,0.8462,0.2308,0.3245,0.7
2019,The Lancet Respiratory Medicine,1.3059,0.7294,0.7719,0.7
2019,The Laryngoscope,0.5,0.0,0.0,0.7
2019,The Oncologist,0.8333,0.5185,0.5261,0.7
2019,The Spine Journal,0.3684,0.1316,0.132,0.7
2019,The journal of nutrition health & aging,0.2857,0.0476,0.0634,0.7
2019,Theranostics,0.5902,0.3279,0.3297,0.7
2019,Thorax,1.2449,0.3061,0.3381,0.7
2019,Thrombosis and Haemostasis,0.9231,0.6538,0.6583,0.7
2019,Thyroid,0.9333,0.4222,0.4469,0.7
2019,Tobacco Control,2.4054,2.1622,2.1878,0.7
2019,Translational Psychiatry,0.7083,0.125,0.154,0.7
2019,Transplantation,1.2059,0.5294,0.5713,0.7
2019,Trends in Food Science & Technology,1.2759,0.6552,0.6416,0.7
2019,Ultrasound in Obstetrics and Gynecology,1.1892,0.973,0.9495,0.7
2019,Unknown,0.8365,0.3019,0.3322,0.7
2019,Vaccine,0.6042,0.1458,0.1843,0.7
2019,World Journal of Gastroenterology,0.75,0.2143,0.2084,0.7
2019,World Neurosurgery,0.4773,0.0,0.0167,0.7
2019,World Psychiatry,2.2083,1.4583,1.4595,0.7
2019,eLife,1.125,0.5263,0.5704,0.7
2019,mBio,0.9341,0.3846,0.4055,0.7
2019,mSphere,0.9048,0.3333,0.3989,0.7
2019,The Lancet. Gastroenterology & hepatology,0.9737,0.4737,0.5739,0.7
2020,ACS Applied Materials & Interfaces,0.8393,0.4643,0.4303,0.7
2020,ACS Nano,0.4255,0.1064,0.1111,0.7
2020,AIDS,0.6667,0.125,0.1458,0.7
2020,AIDS and Behavior,0.75,0.2143,0.3172,0.7
2020,Academic Medicine,0.6757,0.027,0.0914,0.7
2020,Acta Biomaterialia,0.525,0.1625,0.152,0.7
2020,Acta Neuropathologica,1.6778,1.1667,1.2169,0.7
2020,Acta Neuropathologica Communications,0.9298,0.5614,0.6082,0.7
2020,Addiction,1.381,0.8333,0.9267,0.7
2020,Addictive Behaviors,0.7188,0.2812,0.3326,0.7
2020,Advanced Functional Materials,0.7083,0.3333,0.3333,0.7
2020,Advanced Healthcare Materials,0.4091,0.1364,0.1215,0.7
2020,Advanced Materials,0.3182,0.2273,0.2231,0.7
2020,Advanced Science,1.35,0.55,0.5816,0.7
2020,Advances in Therapy,0.8,0.3,0.2956,0.7
2020,Age and Ageing,2.619,2.3333,2.3623,0.7
2020,Aging,0.413,0.1522,0.1899,0.7
2020,Aging Cell,1.1111,0.6111,0.5946,0.7
2020,Alimentary Pharmacology & Therapeutics,0.5957,0.2553,0.2757,0.7
2020,Allergy,1.1042,0.4792,0.488,0.7
2020,Alzheimer s & Dementia,2.1039,1.5325,1.6403,0.7
2020,Alzheimer s Research & Therapy,0.7885,0.3077,0.3221,0.7
2020,American Heart Journal,1.4444,0.7778,0.8002,0.7
2020,American Journal of Clinical Nutrition,0.46,0.18,0.1932,0.7
2020,American Journal of Hematology,0.975,0.475,0.521,0.7
2020,American Journal of Kidney Diseases,0.4194,0.0,0.0167,0.7
2020,American Journal of Neuroradiology,0.8333,0.4667,0.5001,0.7
2020,American Journal of Obstetrics and Gynecology,0.7736,0.4245,0.4589,0.7
2020,American Journal of Ophthalmology,0.5455,0.1558,0.1675,0.7
2020,American Journal of Preventive Medicine,1.2581,0.8387,0.878,0.7
2020,American Journal of Psychiatry,1.0857,0.5714,0.6252,0.7
2020,American Journal of Public Health,0.9744,0.641,0.6336,0.7
2020,American Journal of Respiratory and Critical Care Medicine,1.0833,0.5119,0.5817,0.7
2020,American Journal of Roentgenology,1.0,0.5185,0.541,0.7
2020,American Journal of Transplantation,1.4024,0.7927,0.8722,0.7
2020,Anaesthesia,1.0,0.4348,0.4829,0.7
2020,Anesthesia & Analgesia,0.2973,0.0541,0.0541,0.7
2020,Anesthesiology,0.6667,0.1481,0.1713,0.7
2020,Angewandte Chemie International Edition,0.3871,0.0323,0.0541,0.7
2020,Annals of Clinical and Translational Neurology,0.6522,0.3043,0.3345,0.7
2020,Annals of Intensive Care,0.5185,0.1111,0.1326,0.7
2020,Annals of Internal Medicine,2.1786,1.619,1.6378,0.7
2020,Annals of Neurology,1.3942,0.9135,0.9372,0.7
2020,Annals of Oncology,1.8298,1.4521,1.4661,0.7
2020,Annals of Surgery,0.8363,0.4327,0.4703,0.7
2020,Annals of Surgical Oncology,0.6795,0.141,0.1756,0.7
2020,Annals of the American Thoracic Society,0.5333,0.1667,0.2291,0.7
2020,Annals of the Rheumatic Diseases,0.669,0.1549,0.1786,0.7
2020,Antimicrobial Agents and Chemotherapy,0.9474,0.5789,0.5829,0.7
2020,Antimicrobial Resistance and Infection Control,0.3462,0.0,0.0879,0.7
2020,Antioxidants,0.2083,0.0833,0.0833,0.7
2020,Applied Sciences,0.35,0.1,0.1,0.7
2020,Arteriosclerosis Thrombosis and Vascular Biology,0.4286,0.0238,0.0678,0.7
2020,Arthritis & Rheumatology,0.7168,0.2301,0.2814,0.7
2020,Arthritis Care & Research,0.5833,0.0833,0.0925,0.7
2020,Arthritis Research & Therapy,0.4833,0.0833,0.0849,0.7
2020,Arthroscopy The Journal of Arthroscopic and Related Surgery,0.7778,0.1111,0.1707,0.7
2020,Atherosclerosis,0.7333,0.3,0.3054,0.7
2020,Autophagy,0.6306,0.1532,0.1832,0.7
2020,BJOG An International Journal of Obstetrics & Gynaecology,0.5833,0.2083,0.1956,0.7
2020,BMC Cancer,0.5036,0.1871,0.2113,0.7
2020,BMC Complementary and Alternative Medicine,0.2727,0.0,0.0,0.7
2020,BMC Genomics,0.2727,0.0,0.0571,0.7
2020,BMC Geriatrics,0.2676,0.0563,0.0626,0.7
2020,BMC Health Services Research,0.194,0.0448,0.0354,0.7
2020,BMC Infectious Diseases,0.193,0.0351,0.0417,0.7
2020,BMC Medical Education,0.0909,0.0,0.0,0.7
2020,BMC Medicine,0.7662,0.1948,0.2607,0.7
2020,BMC Musculoskeletal Disorders,0.2083,0.0208,0.0208,0.7
2020,BMC Nephrology,0.16,0.0,0.0,0.7
2020,BMC Pediatrics,0.1304,0.0,0.0,0.7
2020,BMC Pregnancy and Childbirth,0.2679,0.0089,0.0178,0.7
2020,BMC Psychiatry,0.087,0.0,0.0,0.7
2020,BMC Public Health,0.1534,0.0,0.0085,0.7
2020,BMC Pulmonary Medicine,0.4688,0.1875,0.1779,0.7
2020,BMC Research Notes,0.3,0.0333,0.0681,0.7
2020,BMC Women s Health,0.5455,0.1515,0.1821,0.7
2020,BMJ,1.4581,0.8827,0.919,0.7
2020,BMJ Global Health,0.5789,0.0,0.0017,0.7
2020,BMJ Open,0.4124,0.1525,0.1512,0.7
2020,BioMed Research International,0.2857,0.0893,0.0925,0.7
2020,Biochemical and Biophysical Research Communications,1.0263,0.6316,0.6524,0.7
2020,Biological Psychiatry,0.4815,0.1111,0.1308,0.7
2020,Biology of Blood and Marrow Transplantation,0.5676,0.1892,0.1942,0.7
2020,Biomaterials,0.7477,0.4234,0.4254,0.7
2020,Biomedical Optics Express,0.7391,0.087,0.1882,0.7
2020,Biomedical Signal Processing and Control,0.8696,0.5217,0.5184,0.7
2020,Biomedicine & Pharmacotherapy,0.4688,0.2344,0.2323,0.7
2020,Bioorganic Chemistry,0.4348,0.087,0.0771,0.7
2020,Blood,1.0036,0.5564,0.5905,0.7
2020,Blood Advances,0.5524,0.1333,0.1649,0.7
2020,Bone,0.2381,0.0,0.0,0.7
2020,Brain,1.0714,0.6688,0.7106,0.7
2020,Brain Behavior and Immunity,0.2759,0.0,0.0,0.7
2020,Breast Cancer Research,0.2286,0.0286,0.0441,0.7
2020,Breast Cancer Research and Treatment,0.5333,0.2333,0.2358,0.7
2020,British Journal of Anaesthesia,0.8676,0.5,0.5056,0.7
2020,British Journal of Cancer,0.7973,0.2838,0.3116,0.7
2020,British Journal of Dermatology,0.7111,0.5333,0.5538,0.7
2020,British Journal of Haematology,0.5455,0.1364,0.137,0.7
2020,British Journal of Ophthalmology,0.6486,0.2973,0.3118,0.7
2020,British Journal of Pharmacology,1.1212,0.4848,0.4945,0.7
2020,British Journal of Sports Medicine,0.4677,0.1129,0.1215,0.7
2020,British Journal of Urology,0.5333,0.2222,0.2554,0.7
2020,British journal of surgery,1.0339,0.3559,0.3929,0.7
2020,CHEST Journal,0.9375,0.4531,0.4611,0.7
2020,Cancer,0.963,0.5778,0.6224,0.7
2020,Cancer Cell,2.369,1.7619,1.7941,0.7
2020,Cancer Discovery,2.8171,2.2439,2.2825,0.7
2020,Cancer Immunology Immunotherapy,0.9394,0.4545,0.6068,0.7
2020,Cancer Immunology Research,0.8841,0.5217,0.5431,0.7
2020,Cancer Letters,0.625,0.2,0.2128,0.7
2020,Cancer Management and Research,0.55,0.1,0.1368,0.7
2020,Cancer Medicine,0.7091,0.3455,0.4083,0.7
2020,Cancer Research,0.812,0.3675,0.366,0.7
2020,Cancer Science,0.3636,0.0303,0.0709,0.7
2020,Cancers,0.1765,0.098,0.0889,0.7
2020,Carbohydrate Polymers,0.5769,0.1538,0.1949,0.7
2020,Cardiovascular Diabetology,1.0548,0.6575,0.7229,0.7
2020,Cardiovascular Research,0.3548,0.0,0.0223,0.7
2020,Cell,2.8679,2.3459,2.3782,0.7
2020,Cell Death and Differentiation,0.7931,0.4138,0.4359,0.7
2020,Cell Death and Disease,0.5936,0.1283,0.1349,0.7
2020,Cell Host & Microbe,1.2931,0.5172,0.537,0.7
2020,Cell Metabolism,1.6176,0.902,0.9711,0.7
2020,Cell Reports,0.9357,0.4458,0.4638,0.7
2020,Cell stem cell,1.6667,0.9375,1.0599,0.7
2020,Cells,0.25,0.0357,0.0357,0.7
2020,Cellular Physiology and Biochemistry,0.68,0.16,0.1682,0.7
2020,Cephalalgia,2.5143,2.0,2.0758,0.7
2020,Chemical Engineering Journal,2.5,1.7917,1.8805,0.7
2020,Circulation,1.2245,0.6531,0.694,0.7
2020,Circulation Arrhythmia and Electrophysiology,0.7838,0.1892,0.2461,0.7
2020,Circulation Cardiovascular Imaging,1.2188,0.6875,0.7113,0.7
2020,Circulation Cardiovascular Interventions,0.8286,0.4,0.3784,0.7
2020,Circulation Cardiovascular Quality and Outcomes,0.5455,0.1364,0.114,0.7
2020,Circulation Heart Failure,0.6216,0.2162,0.2456,0.7
2020,Circulation Research,0.4808,0.1923,0.1963,0.7
2020,Clinical Cancer Research,1.1842,0.7485,0.7655,0.7
2020,Clinical Gastroenterology and Hepatology,0.73,0.38,0.3894,0.7
2020,Clinical Infectious Diseases,1.1,0.5941,0.6144,0.7
2020,Clinical Interventions in Aging,0.3077,0.0385,0.0385,0.7
2020,Clinical Journal of the American Society of Nephrology,0.6047,0.093,0.144,0.7
2020,Clinical Lung Cancer,0.6818,0.3182,0.3395,0.7
2020,Clinical Microbiology and Infection,1.1429,0.5,0.4823,0.7
2020,Clinical Nutrition,0.8571,0.4286,0.4271,0.7
2020,Clinical Orthopaedics and Related Research,0.4792,0.0833,0.1066,0.7
2020,Clinical Pharmacology & Therapeutics,0.3929,0.0714,0.0907,0.7
2020,Clinical Rheumatology,0.25,0.0,0.0,0.7
2020,Clinical Transplantation,0.4688,0.2188,0.2777,0.7
2020,Communications Biology,0.2692,0.0769,0.0943,0.7
2020,Computer Methods and Programs in Biomedicine,1.1707,0.9268,0.8972,0.7
2020,Computers in Biology and Medicine,2.7727,2.5,2.5169,0.7
2020,Critical Care,0.5769,0.1667,0.1653,0.7
2020,Critical Care Medicine,1.234,0.4894,0.5666,0.7
2020,Developmental Cell,1.1316,0.4737,0.5366,0.7
2020,Developmental Medicine & Child Neurology,0.8,0.15,0.2025,0.7
2020,Diabetes,0.4878,0.0732,0.0801,0.7
2020,Diabetes Care,1.4675,0.8935,0.9513,0.7
2020,Diabetes Obesity and Metabolism,1.24,0.68,0.7249,0.7
2020,Diabetes Research and Clinical Practice,1.8571,1.5714,1.5615,0.7
2020,Diabetes Technology & Therapeutics,1.9722,1.5833,1.6283,0.7
2020,Diabetologia,0.8261,0.4638,0.4791,0.7
2020,Diseases of the Colon & Rectum,0.3478,0.0,0.0314,0.7
2020,Drug Design Development and Therapy,0.2083,0.0,0.0,0.7
2020,Drug and Alcohol Dependence,1.0476,0.5357,0.5911,0.7
2020,EBioMedicine,0.8609,0.5043,0.5214,0.7
2020,EClinicalMedicine,0.5238,0.1429,0.1429,0.7
2020,EMBO Molecular Medicine,0.7879,0.3636,0.3895,0.7
2020,EMBO Reports,0.95,0.35,0.361,0.7
2020,EP Europace,1.1818,0.6667,0.6854,0.7
2020,Emerging Microbes & Infections,1.2593,0.7407,0.784,0.7
2020,Emerging infectious diseases,0.9216,0.4902,0.4661,0.7
2020,Endoscopy,1.0263,0.4211,0.4663,0.7
2020,Epilepsia,0.7959,0.3265,0.3356,0.7
2020,EuroIntervention,0.931,0.5862,0.5562,0.7
2020,European Heart Journal,1.5992,1.1612,1.1821,0.7
2020,European Heart Journal - Cardiovascular Imaging,0.9412,0.6765,0.6652,0.7
2020,European Journal of Cancer,0.945,0.6697,0.6799,0.7
2020,European Journal of Cardio-Thoracic Surgery,0.619,0.0,0.1138,0.7
2020,European Journal of Endocrinology,0.3846,0.0769,0.0602,0.7
2020,European Journal of Epidemiology,1.0435,0.1304,0.188,0.7
2020,European Journal of Heart Failure,1.2785,0.7215,0.7866,0.7
2020,European Journal of Medicinal Chemistry,0.3421,0.0,0.0,0.7
2020,European Journal of Nuclear Medicine and Molecular Imaging,1.0367,0.5321,0.5705,0.7
2020,European Journal of Nutrition,0.5769,0.2692,0.2771,0.7
2020,European Journal of Pharmacology,0.35,0.0,0.0,0.7
2020,European Journal of Preventive Cardiology,0.4074,0.1111,0.1446,0.7
2020,European Journal of Radiology,1.1111,0.7778,0.8145,0.7
2020,European Journal of Surgical Oncology,0.4815,0.037,0.0532,0.7
2020,European Radiology,1.2754,0.7754,0.8406,0.7
2020,European Respiratory Journal,0.7985,0.3134,0.3562,0.7
2020,European Spine Journal,0.6154,0.0,0.0,0.7
2020,European Urology,1.119,0.7937,0.7975,0.7
2020,Eurosurveillance,2.0833,1.5833,1.5886,0.7
2020,Experimental & Molecular Medicine,0.1667,0.0,0.0,0.7
2020,Expert Systems with Applications,2.0952,1.8571,1.83,0.7
2020,Fertility and Sterility,0.8806,0.2537,0.2889,0.7
2020,Food & Function,0.2931,0.0517,0.0731,0.7
2020,Food Chemistry,0.6478,0.0943,0.1045,0.7
2020,Food Research International,0.8261,0.1739,0.2107,0.7
2020,Food and Chemical Toxicology,0.5909,0.0909,0.0815,0.7
2020,Free Radical Biology and Medicine,0.9057,0.4151,0.4658,0.7
2020,Frontiers in Aging Neuroscience,0.4364,0.0727,0.1116,0.7
2020,Frontiers in Endocrinology,0.4333,0.1,0.1483,0.7
2020,Frontiers in Immunology,0.3947,0.0526,0.0659,0.7
2020,Frontiers in Microbiology,0.4731,0.1075,0.1325,0.7
2020,Frontiers in Molecular Neuroscience,0.3182,0.0,0.0,0.7
2020,Frontiers in Neurology,0.2923,0.0615,0.0881,0.7
2020,Frontiers in Neuroscience,0.4808,0.0769,0.0902,0.7
2020,Frontiers in Oncology,0.3333,0.127,0.1365,0.7
2020,Frontiers in Pharmacology,0.65,0.2167,0.2579,0.7
2020,Frontiers in Physiology,0.4333,0.0333,0.0662,0.7
2020,Frontiers in Psychiatry,0.2381,0.0952,0.07,0.7
2020,Frontiers in Psychology,0.5,0.1,0.0797,0.7
2020,Frontiers in Public Health,0.35,0.0,0.0,0.7
2020,Gastric Cancer,1.2333,0.9,0.945,0.7
2020,Gastroenterology,1.4564,0.7897,0.8406,0.7
2020,Gastrointestinal Endoscopy,0.9,0.3857,0.4318,0.7
2020,Genetics in Medicine,0.6842,0.1842,0.182,0.7
2020,Gut,0.9435,0.4355,0.4758,0.7
2020,Gynecologic Oncology,0.4737,0.1228,0.1389,0.7
2020,Haematologica,0.8493,0.4658,0.5093,0.7
2020,Health Affairs,0.375,0.1667,0.1565,0.7
2020,Health and Quality of Life Outcomes,0.1852,0.0741,0.0873,0.7
2020,Heart,1.1471,0.5294,0.5696,0.7
2020,Heart Rhythm,0.7674,0.4419,0.4431,0.7
2020,Hepatology,1.2388,0.8159,0.8601,0.7
2020,Human Brain Mapping,1.1034,0.3103,0.386,0.7
2020,Human Molecular Genetics,0.8235,0.1176,0.1505,0.7
2020,Human Reproduction,0.9286,0.4524,0.4706,0.7
2020,Hypertension,0.5529,0.1882,0.1973,0.7
2020,IEEE Access,0.7727,0.3977,0.4216,0.7
2020,IEEE Journal of Biomedical and Health Informatics,1.3396,0.9623,0.982,0.7
2020,IEEE Transactions on Biomedical Engineering,0.8571,0.619,0.6241,0.7
2020,IEEE Transactions on Medical Imaging,2.617,2.0745,2.0913,0.7
2020,Immunity,2.2157,1.902,1.9044,0.7
2020,Industrial Crops and Products,0.4706,0.2059,0.2301,0.7
2020,Inflammatory Bowel Diseases,0.85,0.65,0.65,0.7
2020,Intensive Care Medicine,0.9365,0.3968,0.4074,0.7
2020,International Breastfeeding Journal,0.55,0.05,0.0962,0.7
2020,International Immunopharmacology,0.3256,0.0,0.0,0.7
2020,International Journal of Behavioral Nutrition and Physical Activity,0.3333,0.0513,0.1032,0.7
2020,International Journal of Biological Macromolecules,0.6263,0.1616,0.1713,0.7
2020,International Journal of Biological Sciences,0.1304,0.0,0.0,0.7
2020,International Journal of Cancer,0.7684,0.4,0.422,0.7
2020,International Journal of Cardiology,0.75,0.1591,0.2013,0.7
2020,International Journal of Computer Assisted Radiology and Surgery,0.85,0.35,0.3728,0.7
2020,International Journal of Drug Policy,1.413,0.9348,1.024,0.7
2020,International Journal of Environmental Research and Public Health,0.219,0.0,0.0,0.7
2020,International Journal of Epidemiology,0.6857,0.2286,0.2241,0.7
2020,International Journal of Gynecology & Obstetrics,1.4762,0.9524,0.979,0.7
2020,International Journal of Molecular Medicine,0.2381,0.0,0.0,0.7
2020,International Journal of Molecular Sciences,0.3043,0.0174,0.026,0.7
2020,International Journal of Nanomedicine,0.4333,0.0,0.009,0.7
2020,International Journal of Obesity,0.5217,0.0,0.0117,0.7
2020,International Journal of Pharmaceutics,0.3226,0.129,0.1239,0.7
2020,International Journal of Radiation Oncology*Biology*Physics,0.5634,0.2676,0.2744,0.7
2020,Investigative Ophthalmology & Visual Science,0.8361,0.3279,0.3326,0.7
2020,JACC Heart Failure,1.0,0.5455,0.5697,0.7
2020,JACC. Cardiovascular imaging,0.9545,0.4545,0.5168,0.7
2020,JACC. Clinical electrophysiology,1.0,0.4,0.4561,0.7
2020,JACC: Cardiovascular Interventions,0.9495,0.3232,0.3716,0.7
2020,JAIDS Journal of Acquired Immune Deficiency Syndromes,0.6364,0.2727,0.2948,0.7
2020,JAMA,2.0058,1.3797,1.404,0.7
2020,JAMA Cardiology,1.1458,0.6875,0.7075,0.7
2020,JAMA Dermatology,0.7547,0.3774,0.3893,0.7
2020,JAMA Internal Medicine,1.26,0.67,0.7321,0.7
2020,JAMA Network Open,0.6009,0.3262,0.335,0.7
2020,JAMA Neurology,1.1448,0.6966,0.7337,0.7
2020,JAMA Oncology,1.7011,1.1322,1.1668,0.7
2020,JAMA Ophthalmology,1.0678,0.5593,0.5886,0.7
2020,JAMA Otolaryngology–Head & Neck Surgery,0.2273,0.1364,0.1069,0.7
2020,JAMA Pediatrics,0.9726,0.3699,0.4006,0.7
2020,JAMA Psychiatry,1.1875,0.4219,0.4649,0.7
2020,JAMA Surgery,0.5844,0.1948,0.2358,0.7
2020,JCI Insight,0.7798,0.2798,0.3203,0.7
2020,JCO Precision Oncology,1.381,0.9048,0.9599,0.7
2020,JMIR mhealth and uhealth,0.4595,0.0541,0.0791,0.7
2020,JNCI Journal of the National Cancer Institute,0.8667,0.3667,0.3721,0.7
2020,Journal for ImmunoTherapy of Cancer,0.8657,0.6269,0.6505,0.7
2020,Journal of Affective Disorders,0.2623,0.0,0.0202,0.7
2020,Journal of Agricultural and Food Chemistry,0.371,0.0323,0.0618,0.7
2020,Journal of Allergy and Clinical Immunology,0.967,0.5714,0.5901,0.7
2020,Journal of Alzheimer s Disease,0.7097,0.2903,0.3318,0.7
2020,Journal of Antimicrobial Chemotherapy,0.5758,0.1515,0.1709,0.7
2020,Journal of Applied Physiology,0.7826,0.0,0.0502,0.7
2020,Journal of Assisted Reproduction and Genetics,0.3,0.0,0.0,0.7
2020,Journal of Biological Chemistry,0.625,0.1944,0.2306,0.7
2020,Journal of Bone and Joint Surgery,0.7423,0.1959,0.2259,0.7
2020,Journal of Bone and Mineral Research,0.8333,0.2708,0.3536,0.7
2020,Journal of Cachexia Sarcopenia and Muscle,1.4694,0.8367,0.8844,0.7
2020,Journal of Cancer,0.24,0.0,0.0,0.7
2020,Journal of Cancer Research and Clinical Oncology,0.8261,0.3913,0.4616,0.7
2020,Journal of Cardiovascular Magnetic Resonance,0.9524,0.381,0.4284,0.7
2020,Journal of Cataract & Refractive Surgery,0.2273,0.0,0.0,0.7
2020,Journal of Cellular Physiology,0.413,0.1522,0.1407,0.7
2020,Journal of Cellular and Molecular Medicine,0.5758,0.0,0.01,0.7
2020,Journal of Clinical Investigation,0.9901,0.5271,0.5761,0.7
2020,Journal of Clinical Medicine,0.3763,0.1505,0.1629,0.7
2020,Journal of Clinical Microbiology,0.7647,0.1765,0.2517,0.7
2020,Journal of Clinical Oncology,2.2524,1.6769,1.7144,0.7
2020,Journal of Controlled Release,0.2821,0.0,0.0264,0.7
2020,Journal of Critical Care,0.6522,0.2174,0.2427,0.7
2020,Journal of Diabetes Research,0.0952,0.0,0.0,0.7
2020,Journal of Ethnopharmacology,0.1111,0.0,0.0,0.7
2020,Journal of Experimental & Clinical Cancer Research,0.2568,0.0135,0.0358,0.7
2020,Journal of Functional Foods,0.8,0.12,0.1539,0.7
2020,Journal of Gastroenterology,0.5714,0.1429,0.1613,0.7
2020,Journal of General Internal Medicine,0.5806,0.0645,0.1252,0.7
2020,Journal of Hematology & Oncology,1.0,0.625,0.6338,0.7
2020,Journal of Hepatology,1.4524,0.9762,1.0062,0.7
2020,Journal of Hypertension,0.9565,0.4783,0.5116,0.7
2020,Journal of Investigative Dermatology,1.3333,0.8333,0.8412,0.7
2020,Journal of Lipid Research,0.5,0.0455,0.036,0.7
2020,Journal of Magnetic Resonance Imaging,1.3333,0.7619,0.82,0.7
2020,Journal of Medical Internet Research,0.4242,0.0909,0.1206,0.7
2020,Journal of Medicinal Chemistry,0.525,0.075,0.1498,0.7
2020,Journal of Neuro-Oncology,0.5806,0.1613,0.1587,0.7
2020,Journal of NeuroInterventional Surgery,1.2222,0.7963,0.8687,0.7
2020,Journal of Neuroinflammation,0.5769,0.141,0.188,0.7
2020,Journal of Neurology,0.6667,0.2963,0.3374,0.7
2020,Journal of Neurology Neurosurgery & Psychiatry,0.8511,0.3617,0.388,0.7
2020,Journal of Neuroscience,0.8462,0.3692,0.3691,0.7
2020,Journal of Neurosurgery Spine,0.7037,0.2593,0.296,0.7
2020,Journal of Neurotrauma,0.7609,0.1957,0.1976,0.7
2020,Journal of Nuclear Medicine,1.6875,1.2708,1.2761,0.7
2020,Journal of Nutrition,0.28,0.0,0.02,0.7
2020,Journal of Orthopaedic Surgery and Research,0.381,0.1429,0.1515,0.7
2020,Journal of Orthopaedic and Sports Physical Therapy,0.4074,0.0741,0.0681,0.7
2020,Journal of Pain,0.6552,0.1724,0.2182,0.7
2020,Journal of Shoulder and Elbow Surgery,0.3519,0.0926,0.1041,0.7
2020,Journal of Surgical Research,0.1905,0.0,0.0,0.7
2020,Journal of Thoracic Oncology,1.5556,1.2083,1.2087,0.7
2020,Journal of Thoracic and Cardiovascular Surgery,0.2727,0.0303,0.0282,0.7
2020,Journal of Thrombosis and Haemostasis,0.6333,0.2333,0.3107,0.7
2020,Journal of Translational Medicine,0.4324,0.2162,0.2109,0.7
2020,Journal of Vascular Surgery,0.6053,0.1053,0.1498,0.7
2020,Journal of Virology,0.6538,0.1795,0.2017,0.7
2020,Journal of neurosurgery,0.3607,0.082,0.1334,0.7
2020,Journal of the American Academy of Dermatology,1.0877,0.6316,0.657,0.7
2020,Journal of the American Chemical Society,0.6591,0.2727,0.3045,0.7
2020,Journal of the American College of Cardiology,1.4636,0.8455,0.8981,0.7
2020,Journal of the American College of Radiology,1.44,1.0,1.0516,0.7
2020,Journal of the American College of Surgeons,0.9412,0.1471,0.2541,0.7
2020,Journal of the American Geriatrics Society,0.5385,0.1538,0.1697,0.7
2020,Journal of the American Heart Association,1.0,0.3894,0.4253,0.7
2020,Journal of the American Medical Directors Association,0.5,0.125,0.1583,0.7
2020,Journal of the American Society of Nephrology,0.6164,0.1781,0.2001,0.7
2020,Journal of the European Academy of Dermatology and Venereology,0.6,0.4333,0.4333,0.7
2020,Journal of the International AIDS Society,1.6667,1.037,0.9991,0.7
2020,Journal of the National Comprehensive Cancer Network,1.9184,1.2653,1.303,0.7
2020,Kidney International,0.6857,0.1333,0.1453,0.7
2020,Knee Surgery Sports Traumatology Arthroscopy,0.6852,0.1481,0.176,0.7
2020,LWT,0.4595,0.0811,0.0998,0.7
2020,Lara D. Veeken,0.3607,0.0328,0.0255,0.7
2020,Leukemia,0.9894,0.4894,0.5113,0.7
2020,Life Sciences,0.3778,0.0222,0.0222,0.7
2020,Lipids in Health and Disease,0.8333,0.25,0.3411,0.7
2020,Liver International,0.3636,0.0303,0.0587,0.7
2020,Liver Transplantation,0.8636,0.5,0.5159,0.7
2020,Lung Cancer,0.8333,0.4074,0.4376,0.7
2020,MMWR Morbidity and Mortality Weekly Report,3.5952,2.9762,3.0168,0.7
2020,Magnetic Resonance in Medicine,1.1852,0.6481,0.6742,0.7
2020,Malaria Journal,0.6167,0.25,0.255,0.7
2020,Materials Science and Engineering C,0.375,0.0938,0.0872,0.7
2020,Mayo Clinic Proceedings,0.619,0.1905,0.2027,0.7
2020,Medical Image Analysis,1.1163,0.5349,0.5258,0.7
2020,Medical Physics,1.0244,0.5854,0.636,0.7
2020,Medical Science Monitor,0.1304,0.0435,0.038,0.7
2020,Medical Teacher,0.3571,0.0714,0.069,0.7
2020,Medicine,0.3875,0.0875,0.124,0.7
2020,Medicine & Science in Sports & Exercise,0.7949,0.2308,0.271,0.7
2020,Menopause The Journal of The North American Menopause Society,0.3636,0.0,0.0,0.7
2020,Microbiome,1.0385,0.2308,0.3766,0.7
2020,Modern Pathology,0.8036,0.4464,0.4813,0.7
2020,Molecular Cancer Research,0.3636,0.0455,0.0497,0.7
2020,Molecular Cancer Therapeutics,0.8571,0.3214,0.3269,0.7
2020,Molecular Cell,1.0385,0.5,0.5094,0.7
2020,Molecular Metabolism,0.48,0.12,0.1158,0.7
2020,Molecular Neurobiology,0.2941,0.0294,0.0259,0.7
2020,Molecular Neurodegeneration,1.1923,0.5385,0.6323,0.7
2020,Molecular Psychiatry,0.7111,0.2,0.2321,0.7
2020,Molecular Therapy,0.5476,0.2619,0.3045,0.7
2020,Molecules,0.4124,0.1031,0.1283,0.7
2020,Movement Disorders,0.746,0.2063,0.2766,0.7
2020,Multiple Sclerosis Journal,0.6296,0.1481,0.1717,0.7
2020,Nature,3.5,2.8495,2.8737,0.7
2020,Nature Biomedical Engineering,2.0,1.3684,1.3912,0.7
2020,Nature Cell Biology,0.8889,0.3333,0.3864,0.7
2020,Nature Chemical Biology,0.931,0.4138,0.469,0.7
2020,Nature Communications,0.9688,0.4625,0.4978,0.7
2020,Nature Genetics,3.641,2.8205,2.9153,0.7
2020,Nature Immunology,1.0323,0.7419,0.7548,0.7
2020,Nature Medicine,4.2055,3.589,3.6535,0.7
2020,Nature Metabolism,0.3,0.05,0.05,0.7
2020,Nature Microbiology,0.9286,0.3393,0.4062,0.7
2020,Nature Neuroscience,2.4634,2.0,1.9672,0.7
2020,Nephrology Dialysis Transplantation,0.2941,0.0588,0.0772,0.7
2020,Neuro-Oncology,0.5556,0.1746,0.203,0.7
2020,NeuroImage,1.1683,0.604,0.6366,0.7
2020,NeuroImage Clinical,0.6545,0.2364,0.2712,0.7
2020,Neurobiology of Aging,0.8,0.2571,0.3124,0.7
2020,Neurobiology of Disease,0.8,0.4333,0.4627,0.7
2020,Neurology,0.9124,0.4502,0.4596,0.7
2020,Neurology Neuroimmunology & Neuroinflammation,0.4,0.0667,0.0895,0.7
2020,Neuron,2.122,1.3902,1.4413,0.7
2020,Neuropsychopharmacology,0.5,0.0333,0.1092,0.7
2020,Neurosurgery,0.4048,0.119,0.1439,0.7
2020,Neurosurgical FOCUS,0.5385,0.1538,0.155,0.7
2020,New England Journal of Medicine,6.0346,5.284,5.3269,0.7
2020,Nicotine & Tobacco Research,0.6538,0.4231,0.4292,0.7
2020,Nucleic Acids Research,0.5172,0.3103,0.3082,0.7
2020,Nutrients,0.6278,0.2825,0.2893,0.7
2020,Obesity,0.5,0.25,0.2281,0.7
2020,Obesity Surgery,0.9487,0.4615,0.4883,0.7
2020,Obstetrics and Gynecology,1.3053,0.9053,0.9151,0.7
2020,OncoImmunology,1.0,0.6406,0.6833,0.7
2020,Oncogene,0.6447,0.1974,0.2026,0.7
2020,Oncotarget,0.8596,0.3333,0.354,0.7
2020,Open Forum Infectious Diseases,0.7714,0.4,0.4368,0.7
2020,Ophthalmology,1.4397,0.8448,0.8612,0.7
2020,Oral Oncology,0.92,0.48,0.5032,0.7
2020,Orphanet Journal of Rare Diseases,0.25,0.05,0.05,0.7
2020,Orthopaedic Journal of Sports Medicine,0.4118,0.0882,0.1148,0.7
2020,Osteoarthritis and Cartilage,0.7,0.325,0.3644,0.7
2020,Osteoporosis International,0.4545,0.1364,0.1626,0.7
2020,Otolaryngology,0.7143,0.0,0.0509,0.7
2020,Oxidative Medicine and Cellular Longevity,0.4255,0.0638,0.0795,0.7
2020,PEDIATRICS,0.9167,0.5625,0.5521,0.7
2020,PLoS Biology,0.7941,0.3235,0.3351,0.7
2020,PLoS Genetics,0.1481,0.0,0.0,0.7
2020,PLoS Medicine,0.9922,0.5469,0.5896,0.7
2020,PLoS ONE,0.5339,0.1542,0.1716,0.7
2020,PLoS Pathogens,0.8333,0.2604,0.2829,0.7
2020,PLoS neglected tropical diseases,0.5595,0.131,0.1929,0.7
2020,Pain,0.7692,0.2308,0.2629,0.7
2020,Parasites & Vectors,0.3333,0.0,0.0304,0.7
2020,Parkinsonism & Related Disorders,0.4762,0.2381,0.2242,0.7
2020,Pediatric Blood & Cancer,0.1429,0.0476,0.0476,0.7
2020,Pediatric Diabetes,1.2727,0.6364,0.655,0.7
2020,PeerJ,0.6552,0.2069,0.2631,0.7
2020,Pharmacological Research,0.381,0.0476,0.0544,0.7
2020,Physics in Medicine and Biology,0.9677,0.5161,0.5473,0.7
2020,Phytomedicine,0.3684,0.0,0.0,0.7
2020,Plastic & Reconstructive Surgery,0.5,0.1042,0.1205,0.7
2020,Preventive Medicine,0.8889,0.3704,0.3774,0.7
2020,Proceedings of the National Academy of Sciences,0.8775,0.4187,0.4391,0.7
2020,Psycho-Oncology,0.2692,0.0,0.0217,0.7
2020,Psychological Medicine,0.6786,0.2143,0.2799,0.7
2020,PubMed,0.5164,0.2049,0.2152,0.7
2020,Public Health Nutrition,0.96,0.68,0.6942,0.7
2020,Radiology,1.4768,1.106,1.1031,0.7
2020,Radiotherapy and Oncology,0.9245,0.566,0.5785,0.7
2020,Redox Biology,0.7414,0.2586,0.2986,0.7
2020,Regional Anesthesia & Pain Medicine,1.5806,1.2903,1.3159,0.7
2020,Reproductive Health,0.4595,0.0541,0.0685,0.7
2020,Respiratory Research,0.4524,0.1905,0.2349,0.7
2020,Resuscitation,0.66,0.32,0.3028,0.7
2020,Retina,1.25,0.45,0.5865,0.7
2020,Scandinavian Journal of Medicine and Science in Sports,0.7407,0.2963,0.2947,0.7
2020,Science,2.5763,1.8136,1.8634,0.7
2020,Science Advances,0.5814,0.1744,0.2003,0.7
2020,Science Translational Medicine,1.0893,0.5,0.5153,0.7
2020,Scientific Reports,0.6144,0.24,0.2521,0.7
2020,Sensors,0.7,0.525,0.525,0.7
2020,Social Science & Medicine,0.3478,0.0435,0.0435,0.7
2020,Spine,0.8684,0.5789,0.574,0.7
2020,Stem Cell Reports,0.7174,0.1087,0.1291,0.7
2020,Stem Cell Research & Therapy,0.4881,0.0952,0.1228,0.7
2020,Stem Cells Translational Medicine,0.5,0.0,0.0,0.7
2020,Stroke,0.6765,0.2471,0.2663,0.7
2020,Supportive Care in Cancer,0.5,0.1053,0.1504,0.7
2020,Surgery,0.359,0.0513,0.0611,0.7
2020,Surgical Endoscopy,0.3803,0.1408,0.1347,0.7
2020,The American Journal of Gastroenterology,1.2881,0.7288,0.75,0.7
2020,The American Journal of Human Genetics,0.9706,0.5,0.541,0.7
2020,The American Journal of Sports Medicine,0.6261,0.1565,0.1989,0.7
2020,The American Journal of Surgical Pathology,0.9118,0.4559,0.4655,0.7
2020,The Annals of Thoracic Surgery,0.8431,0.3529,0.3504,0.7
2020,The Bone & Joint Journal,0.8302,0.3774,0.3971,0.7
2020,The British Journal of Psychiatry,0.5238,0.0,0.0659,0.7
2020,The EMBO Journal,1.3429,0.8,0.8465,0.7
2020,The FASEB Journal,0.3934,0.0492,0.0441,0.7
2020,The Journal of Allergy and Clinical Immunology In Practice,0.6429,0.2286,0.2171,0.7
2020,The Journal of Arthroplasty,0.8113,0.4057,0.389,0.7
2020,The Journal of Cell Biology,2.0,1.4091,1.4928,0.7
2020,The Journal of Clinical Endocrinology & Metabolism,0.6269,0.2388,0.2534,0.7
2020,The Journal of Experimental Medicine,1.1091,0.4,0.4751,0.7
2020,The Journal of Headache and Pain,0.8148,0.1852,0.2599,0.7
2020,The Journal of Heart and Lung Transplantation,1.5667,1.0,1.0734,0.7
2020,The Journal of Immunology,0.6061,0.1212,0.1795,0.7
2020,The Journal of Infectious Diseases,1.2439,0.6585,0.6977,0.7
2020,The Journal of Pathology,1.0455,0.6364,0.6346,0.7
2020,The Journal of Pediatrics,0.566,0.0943,0.1137,0.7
2020,The Journal of Physiology,0.5333,0.0667,0.1322,0.7
2020,The Journal of Strength and Conditioning Research,0.8085,0.3404,0.4399,0.7
2020,"The Journal of Trauma: Injury, Infection, and Critical Care",0.3667,0.1,0.1148,0.7
2020,The Journal of Urology,0.7302,0.4127,0.3967,0.7
2020,The Journals of Gerontology Series A,0.814,0.093,0.1656,0.7
2020,The Lancet,3.0945,2.4252,2.4759,0.7
2020,The Lancet Child & Adolescent Health,0.6,0.08,0.1058,0.7
2020,The Lancet Diabetes & Endocrinology,1.8548,1.3226,1.3602,0.7
2020,The Lancet Global Health,1.2429,0.5429,0.5526,0.7
2020,The Lancet HIV,1.7879,1.2121,1.2173,0.7
2020,The Lancet Haematology,0.6667,0.1569,0.1813,0.7
2020,The Lancet Infectious Diseases,1.4416,0.7013,0.7946,0.7
2020,The Lancet Neurology,2.1831,1.507,1.5619,0.7
2020,The Lancet Oncology,2.7214,2.1393,2.1928,0.7
2020,The Lancet Psychiatry,0.9333,0.4333,0.4532,0.7
2020,The Lancet Public Health,1.1071,0.7857,0.7614,0.7
2020,The Lancet Respiratory Medicine,1.3977,0.7841,0.8272,0.7
2020,The Laryngoscope,0.2,0.0,0.0,0.7
2020,The Medical Journal of Australia,0.7619,0.2857,0.3326,0.7
2020,The Oncologist,0.8871,0.5645,0.62,0.7
2020,The Science of The Total Environment,0.5455,0.0455,0.0654,0.7
2020,The Spine Journal,0.4848,0.1818,0.2016,0.7
2020,The journal of nutrition health & aging,0.6296,0.3333,0.3272,0.7
2020,Theranostics,0.5526,0.1447,0.1613,0.7
2020,Thorax,1.0667,0.4667,0.4785,0.7
2020,Thyroid,0.7447,0.1702,0.1771,0.7
2020,Tobacco Control,2.7778,2.4722,2.5014,0.7
2020,Translational Psychiatry,0.5238,0.1905,0.2068,0.7
2020,Transplantation,1.0714,0.3929,0.4237,0.7
2020,Trends in Food Science & Technology,0.8286,0.4857,0.4999,0.7
2020,Ultrasound in Obstetrics and Gynecology,0.8537,0.561,0.5691,0.7
2020,Unknown,0.8022,0.3791,0.3999,0.7
2020,Vaccine,0.5135,0.027,0.0856,0.7
2020,Viruses,0.4375,0.2188,0.2035,0.7
2020,World Neurosurgery,0.7222,0.2778,0.253,0.7
2020,eLife,1.0303,0.5394,0.5664,0.7
2020,mAbs,0.5714,0.0476,0.0587,0.7
2020,mBio,0.7071,0.2121,0.2291,0.7
2020,npj Digital Medicine,1.8519,1.4444,1.4946,0.7
2020,The Lancet. Gastroenterology & hepatology,0.6364,0.25,0.3094,0.7
2021,ACS Applied Materials & Interfaces,0.6667,0.193,0.205,0.7
2021,ACS Nano,2.5161,1.7419,1.8035,0.7
2021,AIDS and Behavior,0.8571,0.3571,0.41,0.7
2021,Academic Medicine,0.6829,0.0976,0.1009,0.7
2021,Academic Radiology,0.8276,0.2414,0.3393,0.7
2021,Acta Biomaterialia,0.4688,0.0156,0.0142,0.7
2021,Acta Neuropathologica,1.5781,0.5625,0.6197,0.7
2021,Acta Neuropathologica Communications,0.7358,0.2453,0.251,0.7
2021,Acta Pharmaceutica Sinica B,2.8333,2.0833,2.0936,0.7
2021,Addiction,1.0,0.2051,0.2111,0.7
2021,Advanced Functional Materials,1.0213,0.5745,0.5971,0.7
2021,Advanced Healthcare Materials,0.3043,0.0435,0.0435,0.7
2021,Advanced Materials,0.6786,0.2857,0.2621,0.7
2021,Advanced Science,1.5625,0.4375,0.4584,0.7
2021,Age and Ageing,0.9722,0.4722,0.5027,0.7
2021,Aging,0.7802,0.4505,0.4614,0.7
2021,Aging Cell,1.4583,0.7083,0.737,0.7
2021,Alimentary Pharmacology & Therapeutics,0.7727,0.0455,0.0773,0.7
2021,Allergy,4.24,3.7,3.8005,0.7
2021,Alzheimer s & Dementia,2.1475,0.4754,0.589,0.7
2021,Alzheimer s Research & Therapy,0.9,0.2,0.2327,0.7
2021,American Heart Journal,0.44,0.12,0.12,0.7
2021,American Journal of Clinical Nutrition,0.56,0.04,0.0719,0.7
2021,American Journal of Hematology,1.1081,0.4324,0.487,0.7
2021,American Journal of Kidney Diseases,1.1282,0.4615,0.5277,0.7
2021,American Journal of Neuroradiology,1.0769,0.6154,0.5951,0.7
2021,American Journal of Obstetrics and Gynecology,1.7411,1.0982,1.1357,0.7
2021,American Journal of Ophthalmology,0.7925,0.0,0.0095,0.7
2021,American Journal of Psychiatry,1.3333,0.4333,0.4413,0.7
2021,American Journal of Public Health,0.871,0.0645,0.1054,0.7
2021,American Journal of Respiratory and Critical Care Medicine,1.9017,1.1445,1.1722,0.7
2021,American Journal of Roentgenology,7.0968,6.4194,6.4065,0.7
2021,American Journal of Transplantation,2.7843,1.9706,2.0327,0.7
2021,American Journal of Tropical Medicine and Hygiene,0.8571,0.6071,0.6652,0.7
2021,Anaesthesia,1.871,1.3871,1.3968,0.7
2021,Anesthesia & Analgesia,0.6053,0.1053,0.1665,0.7
2021,Anesthesiology,1.12,0.46,0.4616,0.7
2021,Angewandte Chemie International Edition,0.28,0.04,0.0296,0.7
2021,Annals of Clinical and Translational Neurology,0.7778,0.2593,0.2408,0.7
2021,Annals of Emergency Medicine,1.15,0.3,0.463,0.7
2021,Annals of Intensive Care,2.0,1.2667,1.2721,0.7
2021,Annals of Internal Medicine,2.8105,2.0842,2.1233,0.7
2021,Annals of Neurology,0.9074,0.213,0.2413,0.7
2021,Annals of Oncology,2.4091,1.0398,1.1506,0.7
2021,Annals of Surgery,1.1523,0.3113,0.3332,0.7
2021,Annals of Surgical Oncology,0.74,0.18,0.2266,0.7
2021,Annals of Translational Medicine,1.8,1.0,1.0416,0.7
2021,Annals of the American Thoracic Society,1.1,0.5,0.5325,0.7
2021,Annals of the Rheumatic Diseases,1.4054,0.5541,0.5936,0.7
2021,Antimicrobial Agents and Chemotherapy,1.375,0.65,0.7371,0.7
2021,Antimicrobial Resistance and Infection Control,0.2,0.0,0.0,0.7
2021,Antioxidants,0.6329,0.0,0.0199,0.7
2021,Applied Sciences,1.5714,1.0,1.0352,0.7
2021,Applied Soft Computing,1.5217,1.087,1.1023,0.7
2021,Arteriosclerosis Thrombosis and Vascular Biology,0.6444,0.0222,0.0527,0.7
2021,Arthritis & Rheumatology,1.5577,0.7596,0.7671,0.7
2021,Arthritis Research & Therapy,0.8286,0.1714,0.229,0.7
2021,Arthroscopy The Journal of Arthroscopic and Related Surgery,0.4375,0.0,0.0,0.7
2021,Artificial Intelligence in Medicine,1.1304,0.3043,0.4122,0.7
2021,Atherosclerosis,0.3333,0.0,0.0112,0.7
2021,Autophagy,0.75,0.0536,0.0657,0.7
2021,BJOG An International Journal of Obstetrics & Gynaecology,1.4815,1.0741,1.0701,0.7
2021,BMC Cancer,0.4444,0.0278,0.0374,0.7
2021,BMC Geriatrics,0.3061,0.0,0.007,0.7
2021,BMC Health Services Research,0.175,0.0,0.0,0.7
2021,BMC Infectious Diseases,0.8182,0.5091,0.5041,0.7
2021,BMC Medical Education,0.15,0.0,0.0,0.7
2021,BMC Medicine,1.0,0.4239,0.4405,0.7
2021,BMC Musculoskeletal Disorders,0.2308,0.0,0.0,0.7
2021,BMC Nephrology,0.2857,0.0,0.0,0.7
2021,BMC Neurology,0.619,0.0476,0.0692,0.7
2021,BMC Pregnancy and Childbirth,0.439,0.0244,0.0215,0.7
2021,BMC Psychiatry,0.1923,0.0,0.0,0.7
2021,BMC Public Health,0.3333,0.0067,0.0067,0.7
2021,BMC Pulmonary Medicine,0.6,0.08,0.1675,0.7
2021,BMC Research Notes,0.6,0.0,0.0671,0.7
2021,BMC Women s Health,0.4231,0.0,0.0,0.7
2021,BMJ,4.6866,3.7696,3.8019,0.7
2021,BMJ Global Health,0.5806,0.0968,0.1199,0.7
2021,BMJ Open,0.4895,0.1119,0.123,0.7
2021,BMJ Open Diabetes Research & Care,0.8,0.5,0.4835,0.7
2021,BioMed Research International,0.6087,0.1739,0.1877,0.7
2021,Bioactive Materials,0.2,0.0,0.0323,0.7
2021,Biochemical and Biophysical Research Communications,1.8182,1.2955,1.3423,0.7
2021,Biology of Blood and Marrow Transplantation,1.1364,0.3636,0.4026,0.7
2021,Biomaterials,0.5979,0.0619,0.0759,0.7
2021,Biomedical Signal Processing and Control,0.6857,0.1143,0.1269,0.7
2021,Biomedicine & Pharmacotherapy,0.3165,0.0127,0.0131,0.7
2021,Biomolecules,0.3448,0.0345,0.0345,0.7
2021,Blood,1.5075,0.6917,0.7386,0.7
2021,Blood Advances,0.7872,0.1773,0.1961,0.7
2021,Brain,1.4815,0.5741,0.6243,0.7
2021,Brain Behavior and Immunity,1.0588,0.7647,0.7911,0.7
2021,Breast Cancer Research,0.6087,0.1304,0.1401,0.7
2021,Breast Cancer Research and Treatment,0.5417,0.0417,0.0497,0.7
2021,British Journal of Anaesthesia,0.8621,0.4138,0.4182,0.7
2021,British Journal of Cancer,0.32,0.04,0.04,0.7
2021,British Journal of Dermatology,1.8,0.9111,1.0567,0.7
2021,British Journal of Haematology,2.4,1.92,1.9306,0.7
2021,British Journal of Ophthalmology,1.1613,0.5484,0.5601,0.7
2021,British Journal of Pharmacology,1.2812,0.0625,0.1245,0.7
2021,British Journal of Sports Medicine,0.9048,0.0952,0.1594,0.7
2021,British Journal of Urology,1.0,0.2581,0.3263,0.7
2021,British journal of surgery,1.0625,0.4583,0.4931,0.7
2021,CHEST Journal,2.2759,1.6667,1.6812,0.7
2021,Canadian Medical Association Journal,0.9259,0.5185,0.5475,0.7
2021,Cancer,0.7963,0.1019,0.1336,0.7
2021,Cancer Cell,1.6923,0.5128,0.5655,0.7
2021,Cancer Cell International,0.3636,0.0,0.0,0.7
2021,Cancer Discovery,2.4667,1.3867,1.4354,0.7
2021,Cancer Epidemiology Biomarkers & Prevention,0.45,0.0,0.0474,0.7
2021,Cancer Immunology Immunotherapy,0.5484,0.2258,0.2342,0.7
2021,Cancer Immunology Research,1.4043,0.1489,0.1992,0.7
2021,Cancer Letters,0.6562,0.0,0.0426,0.7
2021,Cancer Medicine,0.6667,0.037,0.0844,0.7
2021,Cancer Research,0.5844,0.039,0.0541,0.7
2021,Cancer Science,0.7143,0.0714,0.0811,0.7
2021,Cancers,0.39,0.1,0.1096,0.7
2021,Carbohydrate Polymers,0.6875,0.1875,0.1863,0.7
2021,Cardiovascular Diabetology,2.0946,1.4054,1.4825,0.7
2021,Cardiovascular Research,2.0488,1.7073,1.7098,0.7
2021,Cell,11.2762,10.2095,10.2721,0.7
2021,Cell Death and Differentiation,1.303,0.5152,0.5443,0.7
2021,Cell Death and Disease,0.5099,0.0132,0.0294,0.7
2021,Cell Host & Microbe,6.629,6.0806,6.0895,0.7
2021,Cell Metabolism,2.2366,1.129,1.1546,0.7
2021,Cell Proliferation,0.913,0.3043,0.3262,0.7
2021,Cell Reports,1.3472,0.4954,0.5137,0.7
2021,Cell Reports Medicine,2.7727,2.6818,2.6888,0.7
2021,Cell Research,4.3636,3.7273,3.7198,0.7
2021,Cell stem cell,1.5902,0.7705,0.7744,0.7
2021,Cells,0.8644,0.4407,0.4603,0.7
2021,Cellular and Molecular Immunology,5.6818,5.5455,5.5133,0.7
2021,Cephalalgia,1.1143,0.0,0.1496,0.7
2021,Chaos Solitons & Fractals,1.1,0.9,0.9,0.7
2021,Chemical Engineering Journal,2.9545,1.6364,1.7132,0.7
2021,Circulation,2.5119,1.3214,1.3832,0.7
2021,Circulation Arrhythmia and Electrophysiology,1.0,0.1951,0.2599,0.7
2021,Circulation Cardiovascular Imaging,0.875,0.125,0.1055,0.7
2021,Circulation Cardiovascular Interventions,0.8696,0.087,0.0788,0.7
2021,Circulation Heart Failure,0.7429,0.0857,0.1881,0.7
2021,Circulation Research,1.24,0.6533,0.667,0.7
2021,Clinica Chimica Acta,3.5,3.05,3.0977,0.7
2021,Clinical Cancer Research,1.0675,0.2122,0.2763,0.7
2021,Clinical Chemistry,6.087,5.5217,5.5501,0.7
2021,Clinical Chemistry and Laboratory Medicine (CCLM),7.2609,6.913,6.925,0.7
2021,Clinical Gastroenterology and Hepatology,1.0918,0.5,0.5218,0.7
2021,Clinical Infectious Diseases,6.1833,5.6592,5.6976,0.7
2021,Clinical Journal of the American Society of Nephrology,1.1765,0.3725,0.3904,0.7
2021,Clinical Microbiology and Infection,2.0746,1.791,1.8106,0.7
2021,Clinical Nutrition,0.6607,0.1071,0.1401,0.7
2021,Clinical Orthopaedics and Related Research,0.5357,0.0714,0.184,0.7
2021,Clinical Pharmacology & Therapeutics,0.55,0.2,0.2397,0.7
2021,Clinical Transplantation,0.8148,0.2222,0.225,0.7
2021,Communications Biology,0.6098,0.122,0.134,0.7
2021,Computer Methods and Programs in Biomedicine,2.386,1.5789,1.6601,0.7
2021,Computers in Biology and Medicine,3.0208,2.2917,2.3479,0.7
2021,Critical Care,1.3514,0.7117,0.7397,0.7
2021,Critical Care Medicine,2.1375,1.175,1.2228,0.7
2021,Cureus,1.8696,1.3478,1.4661,0.7
2021,Developmental Cell,0.6585,0.2683,0.2683,0.7
2021,Diabetes,0.7742,0.3226,0.3226,0.7
2021,Diabetes & Metabolic Syndrome Clinical Research & Reviews,2.2308,1.3462,1.4285,0.7
2021,Diabetes Care,1.3118,0.6176,0.6347,0.7
2021,Diabetes Obesity and Metabolism,1.3721,0.7907,0.8268,0.7
2021,Diabetes Research and Clinical Practice,1.925,1.3,1.3403,0.7
2021,Diabetes Technology & Therapeutics,2.2812,1.125,1.1682,0.7
2021,Diabetes/Metabolism Research and Reviews,5.8571,5.5238,5.6041,0.7
2021,Diabetologia,1.3137,0.7059,0.7314,0.7
2021,Diagnostics,0.9545,0.4091,0.4661,0.7
2021,Drug Design Development and Therapy,0.15,0.0,0.0324,0.7
2021,Drug and Alcohol Dependence,1.2653,0.2449,0.3497,0.7
2021,EBioMedicine,1.8,1.1909,1.2125,0.7
2021,EClinicalMedicine,1.5,1.1774,1.225,0.7
2021,EMBO Molecular Medicine,2.1379,1.2069,1.241,0.7
2021,EMBO Reports,1.381,0.3333,0.3636,0.7
2021,EP Europace,1.1622,0.4054,0.5255,0.7
2021,ESC Heart Failure,0.5926,0.2963,0.2963,0.7
2021,Emerging Microbes & Infections,10.85,10.55,10.6079,0.7
2021,Emerging infectious diseases,5.6804,5.0722,5.0979,0.7
2021,Endoscopy,1.75,0.25,0.4348,0.7
2021,Epilepsia,0.9444,0.2222,0.2231,0.7
2021,EuroIntervention,0.84,0.0,0.0,0.7
2021,European Heart Journal,2.4902,1.5569,1.6244,0.7
2021,European Heart Journal - Cardiovascular Imaging,0.9762,0.3095,0.3713,0.7
2021,European Journal of Cancer,1.5816,0.7551,0.8286,0.7
2021,European Journal of Heart Failure,2.1798,1.0562,1.1568,0.7
2021,European Journal of Medicinal Chemistry,0.4167,0.0,0.0,0.7
2021,European Journal of Neurology,1.1429,0.6429,0.7664,0.7
2021,European Journal of Nuclear Medicine and Molecular Imaging,1.2294,0.633,0.6508,0.7
2021,European Journal of Pharmacology,0.2,0.0,0.0,0.7
2021,European Journal of Preventive Cardiology,1.1892,0.4865,0.5258,0.7
2021,European Journal of Radiology,2.6897,1.6207,1.7183,0.7
2021,European Radiology,1.8581,0.9548,1.0036,0.7
2021,European Respiratory Journal,2.9184,2.2993,2.3397,0.7
2021,European Urology,1.3839,0.4732,0.6035,0.7
2021,Eurosurveillance,13.1765,12.6275,12.6674,0.7
2021,Expert Systems with Applications,1.1818,0.0,0.0651,0.7
2021,Fertility and Sterility,0.9825,0.4035,0.4091,0.7
2021,Food & Function,0.26,0.02,0.02,0.7
2021,Food Chemistry,0.5,0.0,0.0008,0.7
2021,Food Research International,0.4444,0.0,0.0,0.7
2021,Foods,0.2,0.025,0.025,0.7
2021,Free Radical Biology and Medicine,0.4667,0.0,0.0057,0.7
2021,Frontiers in Aging Neuroscience,0.6389,0.1111,0.1476,0.7
2021,Frontiers in Bioengineering and Biotechnology,0.3077,0.0769,0.0769,0.7
2021,Frontiers in Cell and Developmental Biology,0.2857,0.0952,0.1077,0.7
2021,Frontiers in Cellular and Infection Microbiology,0.4138,0.1379,0.1602,0.7
2021,Frontiers in Endocrinology,0.5278,0.0833,0.087,0.7
2021,Frontiers in Genetics,0.381,0.0952,0.1242,0.7
2021,Frontiers in Immunology,0.9315,0.5205,0.5237,0.7
2021,Frontiers in Medicine,1.0909,0.8788,0.9068,0.7
2021,Frontiers in Microbiology,1.1351,0.6892,0.6919,0.7
2021,Frontiers in Neurology,0.4545,0.1061,0.1066,0.7
2021,Frontiers in Neuroscience,0.55,0.0,0.026,0.7
2021,Frontiers in Oncology,0.3889,0.0333,0.0338,0.7
2021,Frontiers in Pharmacology,0.6757,0.0811,0.0872,0.7
2021,Frontiers in Physiology,0.6226,0.1698,0.1743,0.7
2021,Frontiers in Psychiatry,0.1481,0.0,0.0,0.7
2021,Frontiers in Psychology,0.3462,0.0,0.0186,0.7
2021,Frontiers in Public Health,1.5294,1.2941,1.2888,0.7
2021,Future Oncology,0.375,0.0417,0.044,0.7
2021,Gastric Cancer,1.2083,0.2083,0.2527,0.7
2021,Gastroenterology,1.7296,0.6837,0.7266,0.7
2021,Gastrointestinal Endoscopy,1.125,0.4688,0.5623,0.7
2021,Genetics in Medicine,0.2812,0.0,0.0,0.7
2021,Genome Medicine,2.24,1.08,1.115,0.7
2021,Gut,2.042,1.028,1.1586,0.7
2021,Gynecologic Oncology,0.9111,0.0,0.0509,0.7
2021,Haematologica,0.6964,0.0536,0.0765,0.7
2021,Headache The Journal of Head and Face Pain,0.9524,0.381,0.4194,0.7
2021,Health Affairs,1.7407,0.6667,0.7357,0.7
2021,Health and Quality of Life Outcomes,0.2308,0.0,0.0,0.7
2021,Heart,0.5484,0.1935,0.2157,0.7
2021,Heart Rhythm,3.1351,2.2973,2.3745,0.7
2021,Heliyon,0.2414,0.1379,0.1379,0.7
2021,Hepatology,1.303,0.3091,0.3509,0.7
2021,Hepatology Communications,0.381,0.0476,0.0476,0.7
2021,Histopathology,4.619,3.8095,3.922,0.7
2021,Human Brain Mapping,1.7857,0.5,0.5928,0.7
2021,Human Reproduction,0.6719,0.0781,0.0716,0.7
2021,Hypertension,1.1429,0.5595,0.5511,0.7
2021,IEEE Access,1.4178,0.5548,0.5742,0.7
2021,IEEE Journal of Biomedical and Health Informatics,0.9667,0.3167,0.3578,0.7
2021,IEEE Transactions on Biomedical Engineering,0.5238,0.0476,0.1265,0.7
2021,IEEE Transactions on Medical Imaging,2.3205,1.1795,1.2529,0.7
2021,Immunity,3.5286,2.5429,2.6201,0.7
2021,Industrial Crops and Products,0.4615,0.0256,0.0567,0.7
2021,Intensive Care Medicine,9.1471,8.1912,8.2574,0.7
2021,International Immunopharmacology,0.8444,0.6222,0.6222,0.7
2021,International Journal of Antimicrobial Agents,14.129,13.6129,13.6863,0.7
2021,International Journal of Behavioral Nutrition and Physical Activity,0.9688,0.2188,0.2342,0.7
2021,International Journal of Biological Macromolecules,0.4444,0.0505,0.0661,0.7
2021,International Journal of Biological Sciences,0.76,0.4,0.4348,0.7
2021,International Journal of Cancer,0.6286,0.0429,0.0537,0.7
2021,International Journal of Cardiology,0.8333,0.4583,0.4598,0.7
2021,International Journal of Drug Policy,1.7955,0.9545,1.0987,0.7
2021,International Journal of Environmental Research and Public Health,0.4171,0.1283,0.132,0.7
2021,International Journal of Epidemiology,0.7692,0.1538,0.1731,0.7
2021,International Journal of Gynecological Cancer,0.8696,0.0,0.0286,0.7
2021,International Journal of Gynecology & Obstetrics,2.2083,1.6667,1.6678,0.7
2021,International Journal of Infectious Diseases,3.1226,2.7075,2.7764,0.7
2021,International Journal of Molecular Sciences,0.7438,0.3719,0.3836,0.7
2021,International Journal of Nanomedicine,0.2963,0.0,0.0,0.7
2021,International Journal of Pharmaceutics,0.88,0.08,0.1453,0.7
2021,International Journal of Radiation Oncology*Biology*Physics,1.0312,0.5625,0.6,0.7
2021,International Journal of Stroke,1.6522,1.2174,1.2165,0.7
2021,Investigative Ophthalmology & Visual Science,0.7727,0.0,0.0,0.7
2021,JACC Heart Failure,1.2174,0.2174,0.2541,0.7
2021,JACC. Cardiovascular imaging,1.0469,0.5156,0.5532,0.7
2021,JACC. Clinical electrophysiology,0.7586,0.1724,0.2266,0.7
2021,JACC: Cardiovascular Interventions,1.1596,0.234,0.2854,0.7
2021,JAIDS Journal of Acquired Immune Deficiency Syndromes,0.9048,0.5714,0.5626,0.7
2021,JAMA,13.7207,12.0998,12.2053,0.7
2021,JAMA Cardiology,4.7317,3.748,3.8048,0.7
2021,JAMA Dermatology,1.186,0.5349,0.6108,0.7
2021,JAMA Internal Medicine,5.75,4.7069,4.7651,0.7
2021,JAMA Network Open,1.2493,0.4634,0.5205,0.7
2021,JAMA Neurology,3.5147,2.4191,2.4834,0.7
2021,JAMA Oncology,2.3154,1.0268,1.1219,0.7
2021,JAMA Ophthalmology,1.54,0.84,0.8988,0.7
2021,JAMA Pediatrics,2.7586,2.069,2.0963,0.7
2021,JAMA Psychiatry,0.9815,0.1667,0.2285,0.7
2021,JAMA Surgery,0.5976,0.0366,0.039,0.7
2021,JCI Insight,1.7551,0.9864,1.0251,0.7
2021,JMIR Public Health and Surveillance,3.1364,2.3636,2.3961,0.7
2021,JMIR mhealth and uhealth,0.3571,0.0,0.0,0.7
2021,JNCI Journal of the National Cancer Institute,1.0,0.2,0.226,0.7
2021,Journal for ImmunoTherapy of Cancer,0.9421,0.2263,0.286,0.7
2021,Journal of Affective Disorders,0.76,0.3,0.3175,0.7
2021,Journal of Agricultural and Food Chemistry,0.5932,0.0,0.0,0.7
2021,Journal of Allergy and Clinical Immunology,2.4646,1.9192,1.9678,0.7
2021,Journal of Alzheimer s Disease,0.7105,0.1053,0.1638,0.7
2021,Journal of Antimicrobial Chemotherapy,1.0357,0.5357,0.5311,0.7
2021,Journal of Biological Chemistry,2.2857,1.551,1.5544,0.7
2021,Journal of Biomolecular Structure and Dynamics,2.7812,2.5,2.5101,0.7
2021,Journal of Bone and Joint Surgery,0.92,0.4,0.4206,0.7
2021,Journal of Bone and Mineral Research,0.7547,0.0755,0.1362,0.7
2021,Journal of Cachexia Sarcopenia and Muscle,1.4783,0.5652,0.5467,0.7
2021,Journal of Cataract & Refractive Surgery,0.7273,0.0,0.0,0.7
2021,Journal of Cellular Physiology,0.75,0.0417,0.0417,0.7
2021,Journal of Cellular and Molecular Medicine,0.7576,0.1212,0.1555,0.7
2021,Journal of Clinical Investigation,2.6355,2.0345,2.0529,0.7
2021,Journal of Clinical Medicine,0.831,0.3521,0.3665,0.7
2021,Journal of Clinical Microbiology,6.0323,5.5323,5.5314,0.7
2021,Journal of Clinical Oncology,1.9952,0.7091,0.7874,0.7
2021,Journal of Clinical Virology,3.9091,3.6515,3.7079,0.7
2021,Journal of Controlled Release,0.4043,0.0,0.0,0.7
2021,Journal of Ethnopharmacology,0.2059,0.0,0.0,0.7
2021,Journal of Experimental & Clinical Cancer Research,0.3939,0.0,0.0148,0.7
2021,Journal of Functional Foods,0.4,0.0,0.0,0.7
2021,Journal of General Internal Medicine,1.0,0.5556,0.5957,0.7
2021,Journal of Hematology & Oncology,1.3415,0.3902,0.517,0.7
2021,Journal of Hepatology,1.0898,0.3593,0.3777,0.7
2021,Journal of Hospital Infection,1.4,0.64,0.6902,0.7
2021,Journal of Infection,8.1364,7.7045,7.7419,0.7
2021,Journal of Investigative Dermatology,0.8636,0.3636,0.3784,0.7
2021,Journal of Korean Medical Science,6.4583,6.125,6.1113,0.7
2021,Journal of Magnetic Resonance Imaging,0.8095,0.0,0.0138,0.7
2021,Journal of Medical Internet Research,0.7323,0.2835,0.2986,0.7
2021,Journal of Medical Virology,8.3333,8.1083,8.1248,0.7
2021,Journal of Medicinal Chemistry,0.375,0.0,0.0,0.7
2021,Journal of NeuroInterventional Surgery,0.7692,0.1026,0.1026,0.7
2021,Journal of Neuroinflammation,0.5,0.0385,0.0449,0.7
2021,Journal of Neurology,0.8276,0.2759,0.3521,0.7
2021,Journal of Neurology Neurosurgery & Psychiatry,0.907,0.2093,0.209,0.7
2021,Journal of Neuroscience,0.8148,0.037,0.0608,0.7
2021,Journal of Neurotrauma,0.5652,0.0,0.0,0.7
2021,Journal of Nuclear Medicine,2.044,0.967,1.0676,0.7
2021,Journal of Pain and Symptom Management,1.5217,0.8696,0.8624,0.7
2021,Journal of Shoulder and Elbow Surgery,0.4884,0.0465,0.0497,0.7
2021,Journal of Thoracic Oncology,2.0654,1.0654,1.1533,0.7
2021,Journal of Thoracic and Cardiovascular Surgery,0.4615,0.1346,0.1592,0.7
2021,Journal of Thrombosis and Haemostasis,16.1957,15.7174,15.7628,0.7
2021,Journal of Translational Medicine,2.2157,1.6078,1.6674,0.7
2021,Journal of Vascular Surgery,0.8065,0.2581,0.3152,0.7
2021,Journal of Virology,6.4,5.8,5.8373,0.7
2021,Journal of neurosurgery,0.4706,0.0,0.0,0.7
2021,Journal of the American Academy of Dermatology,1.4746,0.8475,0.8687,0.7
2021,Journal of the American Chemical Society,0.5588,0.0,0.0256,0.7
2021,Journal of the American College of Cardiology,1.8051,0.6869,0.7649,0.7
2021,Journal of the American College of Surgeons,1.5385,0.7308,0.7426,0.7
2021,Journal of the American Geriatrics Society,1.2553,0.383,0.3863,0.7
2021,Journal of the American Heart Association,0.8757,0.1834,0.2044,0.7
2021,Journal of the American Medical Directors Association,1.3462,0.8462,0.8722,0.7
2021,Journal of the American Medical Informatics Association,2.0968,1.0323,1.05,0.7
2021,Journal of the American Society of Echocardiography,1.0,0.2,0.2008,0.7
2021,Journal of the American Society of Nephrology,1.7363,1.1868,1.207,0.7
2021,Journal of the European Academy of Dermatology and Venereology,1.6,1.0571,1.083,0.7
2021,Journal of the International AIDS Society,1.6857,0.4571,0.5587,0.7
2021,Journal of the National Comprehensive Cancer Network,2.5455,1.0227,1.0635,0.7
2021,Kidney International,3.2883,2.6396,2.6494,0.7
2021,Kidney International Reports,1.3333,1.1667,1.1612,0.7
2021,Knee Surgery Sports Traumatology Arthroscopy,0.9149,0.1702,0.1754,0.7
2021,LWT,0.4348,0.0,0.0145,0.7
2021,Lara D. Veeken,0.3654,0.0192,0.0192,0.7
2021,Leukemia,1.1744,0.5,0.5281,0.7
2021,Life Sciences,0.94,0.58,0.5835,0.7
2021,Lipids in Health and Disease,0.4167,0.25,0.25,0.7
2021,Liver International,1.6591,1.0909,1.1228,0.7
2021,Lung Cancer,1.1111,0.0222,0.0743,0.7
2021,MMWR Morbidity and Mortality Weekly Report,6.5904,5.0843,5.2598,0.7
2021,Magnetic Resonance in Medicine,1.2439,0.2927,0.2738,0.7
2021,Malaria Journal,0.4634,0.0,0.0047,0.7
2021,Materials Science and Engineering C,0.7692,0.0,0.0205,0.7
2021,Mayo Clinic Proceedings,2.4286,1.9643,2.0218,0.7
2021,Medical Hypotheses,1.4231,1.2308,1.2644,0.7
2021,Medical Image Analysis,1.4627,0.4328,0.5222,0.7
2021,Medical Physics,1.1212,0.2424,0.242,0.7
2021,Medical Science Monitor,0.3333,0.0476,0.068,0.7
2021,Medical Teacher,0.4762,0.0,0.0,0.7
2021,Medicine,0.6667,0.2632,0.2875,0.7
2021,Medicine & Science in Sports & Exercise,1.08,0.16,0.1518,0.7
2021,Metabolism,2.32,1.96,1.96,0.7
2021,Modern Pathology,1.8772,1.2456,1.2711,0.7
2021,Molecular Cell,2.0392,1.0588,1.0986,0.7
2021,Molecular Neurodegeneration,0.68,0.0,0.0129,0.7
2021,Molecular Psychiatry,0.6818,0.1364,0.1755,0.7
2021,Molecular Therapy,0.5625,0.0938,0.1002,0.7
2021,Molecules,0.4318,0.0227,0.0227,0.7
2021,Movement Disorders,0.9,0.1667,0.1784,0.7
2021,Multiple Sclerosis Journal,0.8261,0.2174,0.2799,0.7
2021,Multiple Sclerosis and Related Disorders,1.1111,0.8148,0.773,0.7
2021,Nano Letters,0.6818,0.4545,0.4545,0.7
2021,Nature,12.8793,11.6345,11.6972,0.7
2021,Nature Biomedical Engineering,0.6585,0.0488,0.0488,0.7
2021,Nature Biotechnology,1.9474,1.2895,1.3669,0.7
2021,Nature Cancer,1.2121,0.6364,0.6701,0.7
2021,Nature Cell Biology,1.0698,0.1395,0.1923,0.7
2021,Nature Chemical Biology,0.8214,0.3929,0.4029,0.7
2021,Nature Communications,1.4334,0.7686,0.7906,0.7
2021,Nature Genetics,4.5556,2.1389,2.2331,0.7
2021,Nature Immunology,3.4082,2.0816,2.1285,0.7
2021,Nature Medicine,8.0882,6.6353,6.77,0.7
2021,Nature Metabolism,0.881,0.0238,0.032,0.7
2021,Nature Microbiology,9.5926,8.5556,8.5565,0.7
2021,Nature Neuroscience,2.15,0.3,0.3732,0.7
2021,Nature Structural & Molecular Biology,5.52,4.88,5.0798,0.7
2021,Nephrology Dialysis Transplantation,1.1379,0.7931,0.81,0.7
2021,Neuro-Oncology,0.8026,0.0526,0.0485,0.7
2021,NeuroImage,0.7952,0.1446,0.1658,0.7
2021,NeuroImage Clinical,0.5833,0.0,0.0163,0.7
2021,Neurobiology of Disease,0.4444,0.0,0.0,0.7
2021,Neurology,1.3775,0.5301,0.5563,0.7
2021,Neurology Neuroimmunology & Neuroinflammation,1.3409,0.7273,0.7653,0.7
2021,Neuron,1.3778,0.2667,0.306,0.7
2021,Neuropsychopharmacology,0.4,0.05,0.05,0.7
2021,Neurosurgery,0.7,0.0333,0.0621,0.7
2021,New England Journal of Medicine,16.7127,14.6018,14.7622,0.7
2021,Nicotine & Tobacco Research,0.7391,0.0,0.0145,0.7
2021,Nucleic Acids Research,1.4103,0.4872,0.532,0.7
2021,Nutrients,0.7557,0.3466,0.3633,0.7
2021,Obesity,4.3077,3.5385,3.5835,0.7
2021,Obesity Surgery,0.15,0.0,0.0,0.7
2021,Obstetrics and Gynecology,1.0879,0.2088,0.2417,0.7
2021,OncoImmunology,0.9333,0.0333,0.0276,0.7
2021,Oncogene,0.3778,0.0,0.0044,0.7
2021,Open Forum Infectious Diseases,1.4286,0.6,0.6239,0.7
2021,Ophthalmology,0.8947,0.1368,0.1677,0.7
2021,Orthopaedic Journal of Sports Medicine,0.3,0.0,0.0,0.7
2021,Osteoarthritis and Cartilage,0.7391,0.0,0.0509,0.7
2021,Osteoporosis International,0.6,0.0,0.0229,0.7
2021,Oxidative Medicine and Cellular Longevity,0.3,0.0,0.0121,0.7
2021,PEDIATRICS,1.9647,1.5882,1.598,0.7
2021,PLoS Biology,1.6667,0.6667,0.7354,0.7
2021,PLoS Genetics,0.55,0.0,0.0,0.7
2021,PLoS Medicine,0.7179,0.0855,0.1076,0.7
2021,PLoS ONE,0.7058,0.2347,0.2521,0.7
2021,PLoS Pathogens,1.3875,0.6625,0.7294,0.7
2021,PLoS neglected tropical diseases,0.9455,0.1273,0.1697,0.7
2021,Pain,0.5778,0.0222,0.0487,0.7
2021,Parasites & Vectors,0.2917,0.0,0.0,0.7
2021,PeerJ,0.9565,0.087,0.1452,0.7
2021,Pharmacological Research,0.8095,0.4524,0.4486,0.7
2021,Physics in Medicine and Biology,1.3333,0.5833,0.6009,0.7
2021,Physics of Fluids,4.9565,4.9565,4.9555,0.7
2021,Phytomedicine,0.3846,0.2308,0.2429,0.7
2021,Plastic & Reconstructive Surgery,0.4848,0.0,0.0,0.7
2021,Preventive Medicine,1.2381,0.381,0.4397,0.7
2021,Proceedings of the National Academy of Sciences,2.076,1.2892,1.3261,0.7
2021,PubMed,2.3114,1.7785,1.8143,0.7
2021,Radiology,9.9842,9.1526,9.1834,0.7
2021,Radiology Artificial Intelligence,2.7083,1.0,1.0896,0.7
2021,Radiology Cardiothoracic Imaging,10.8571,10.7619,10.7283,0.7
2021,Radiotherapy and Oncology,1.8302,1.4151,1.4205,0.7
2021,Redox Biology,0.7903,0.1613,0.1891,0.7
2021,Regional Anesthesia & Pain Medicine,0.7586,0.1379,0.1336,0.7
2021,Reproductive Health,0.6296,0.0,0.0,0.7
2021,Respiratory Research,1.2667,0.6222,0.6372,0.7
2021,Resuscitation,1.1667,0.2381,0.2792,0.7
2021,Science,11.3317,10.2412,10.3081,0.7
2021,Science Advances,1.1605,0.6049,0.6088,0.7
2021,Science Immunology,5.05,4.625,4.6542,0.7
2021,Science Translational Medicine,1.3353,0.5087,0.5239,0.7
2021,Scientific Data,1.913,0.5652,0.626,0.7
2021,Scientific Reports,0.7295,0.2974,0.3082,0.7
2021,Sensors,1.125,0.4464,0.5096,0.7
2021,Social Science & Medicine,0.75,0.125,0.1753,0.7
2021,Stem Cell Reports,1.2692,0.0385,0.1489,0.7
2021,Stem Cell Research & Therapy,0.3067,0.0,0.0,0.7
2021,Stroke,1.0402,0.4885,0.4958,0.7
2021,Surgery,0.2727,0.0303,0.0303,0.7
2021,Surgical Endoscopy,0.5476,0.0714,0.0758,0.7
2021,Telemedicine Journal and e-Health,1.381,0.619,0.7417,0.7
2021,The American Journal of Emergency Medicine,0.9333,0.4333,0.514,0.7
2021,The American Journal of Gastroenterology,1.4655,0.8966,0.9067,0.7
2021,The American Journal of Human Genetics,0.8276,0.069,0.0686,0.7
2021,The American Journal of Sports Medicine,0.4889,0.0,0.0,0.7
2021,The American Journal of Surgical Pathology,0.5909,0.0227,0.0227,0.7
2021,The Annals of Thoracic Surgery,0.6857,0.2571,0.2459,0.7
2021,The Bone & Joint Journal,0.6154,0.0577,0.0876,0.7
2021,The EMBO Journal,3.475,2.325,2.3702,0.7
2021,The FASEB Journal,0.7647,0.2157,0.2157,0.7
2021,The Journal of Allergy and Clinical Immunology In Practice,1.0735,0.3382,0.3883,0.7
2021,The Journal of Arthroplasty,0.5373,0.0448,0.0417,0.7
2021,The Journal of Clinical Endocrinology & Metabolism,1.0,0.2269,0.2375,0.7
2021,The Journal of Experimental Medicine,1.7143,0.9524,0.9721,0.7
2021,The Journal of Headache and Pain,0.8485,0.2121,0.2375,0.7
2021,The Journal of Heart and Lung Transplantation,0.5652,0.0435,0.0435,0.7
2021,The Journal of Immunology,1.75,0.9,0.9214,0.7
2021,The Journal of Infectious Diseases,2.5253,1.9293,1.9621,0.7
2021,The Journal of Pediatrics,1.7778,1.3056,1.3548,0.7
2021,The Journal of Physiology,0.4286,0.0,0.0,0.7
2021,The Journal of Strength and Conditioning Research,0.76,0.0,0.0404,0.7
2021,"The Journal of Trauma: Injury, Infection, and Critical Care",0.65,0.15,0.1473,0.7
2021,The Journal of Urology,0.5686,0.0196,0.0199,0.7
2021,The Journals of Gerontology Series A,1.75,0.7812,0.8193,0.7
2021,The Lancet,21.8885,20.0507,20.1614,0.7
2021,The Lancet Child & Adolescent Health,3.0833,2.2222,2.2605,0.7
2021,The Lancet Diabetes & Endocrinology,2.2542,1.1864,1.248,0.7
2021,The Lancet Digital Health,1.3478,0.413,0.5167,0.7
2021,The Lancet Global Health,1.6974,0.8421,0.9001,0.7
2021,The Lancet HIV,1.3636,0.6061,0.6481,0.7
2021,The Lancet Haematology,2.8793,1.6207,1.7018,0.7
2021,The Lancet Infectious Diseases,8.4608,7.549,7.6054,0.7
2021,The Lancet Neurology,3.0435,1.2029,1.279,0.7
2021,The Lancet Oncology,3.695,2.13,2.2598,0.7
2021,The Lancet Psychiatry,2.45,1.4,1.5049,0.7
2021,The Lancet Public Health,2.7222,1.7778,1.774,0.7
2021,The Lancet Respiratory Medicine,10.2605,9.2773,9.3475,0.7
2021,The Lancet Rheumatology,3.6857,3.1429,3.1989,0.7
2021,The Medical Journal of Australia,2.3182,1.5455,1.6364,0.7
2021,The Ocular Surface,0.3636,0.3182,0.3182,0.7
2021,The Oncologist,0.68,0.06,0.0796,0.7
2021,The Science of The Total Environment,4.5733,4.3867,4.3889,0.7
2021,The Spine Journal,0.3636,0.0,0.0,0.7
2021,The journal of nutrition health & aging,1.65,1.0,1.049,0.7
2021,Theranostics,0.913,0.2957,0.3283,0.7
2021,Thorax,0.4857,0.1429,0.1429,0.7
2021,Thyroid,0.6458,0.0,0.0,0.7
2021,Translational Psychiatry,0.2273,0.0455,0.0455,0.7
2021,Trends in Food Science & Technology,0.35,0.0,0.0302,0.7
2021,UNC Libraries,0.913,0.0,0.0,0.7
2021,Ultrasound in Obstetrics and Gynecology,1.2121,0.7879,0.7879,0.7
2021,Unknown,1.1159,0.4573,0.496,0.7
2021,Vaccine,1.0938,0.5312,0.5465,0.7
2021,Viruses,5.7021,5.2553,5.2579,0.7
2021,World Neurosurgery,0.6452,0.129,0.1566,0.7
2021,eLife,1.4678,0.655,0.6883,0.7
2021,iScience,0.8824,0.4412,0.4669,0.7
2021,mBio,1.6593,0.9011,0.9583,0.7
2021,mSphere,1.4762,0.9048,0.9261,0.7
2021,npj Digital Medicine,1.6809,0.5532,0.5959,0.7
2021,The Lancet. Gastroenterology & hepatology,5.8689,4.6066,4.673,0.7
2022,ACS Applied Materials & Interfaces,1.7286,0.1714,0.2043,0.7
2022,ACS Central Science,6.5455,6.0455,6.0769,0.7
2022,ACS Nano,4.6479,3.4507,3.5261,0.7
2022,ACS Omega,0.8846,0.6923,0.6923,0.7
2022,AIDS and Behavior,2.1304,0.1739,0.3988,0.7
2022,Academic Medicine,0.7083,0.0,0.0,0.7
2022,Academic Radiology,1.8077,0.3077,0.5069,0.7
2022,Acta Biomaterialia,0.8475,0.0,0.0048,0.7
2022,Acta Neuropathologica,3.2553,1.3617,1.3685,0.7
2022,Acta Neuropathologica Communications,0.7143,0.119,0.1318,0.7
2022,Acta Pharmaceutica Sinica B,2.7632,2.1842,2.2024,0.7
2022,Acta Pharmacologica Sinica,0.6897,0.069,0.069,0.7
2022,Addiction,1.2941,0.0,0.0051,0.7
2022,Advanced Functional Materials,2.8933,0.5467,0.6383,0.7
2022,Advanced Healthcare Materials,1.24,0.04,0.133,0.7
2022,Advanced Materials,0.75,0.2222,0.2552,0.7
2022,Advanced Science,1.4286,0.1224,0.1661,0.7
2022,Age and Ageing,2.0,1.1935,1.2328,0.7
2022,Aging,1.5,0.9186,0.9459,0.7
2022,Aging Cell,1.5641,0.5897,0.5949,0.7
2022,Alimentary Pharmacology & Therapeutics,1.1739,0.0,0.0,0.7
2022,Allergy,5.2182,4.5636,4.5823,0.7
2022,Alzheimer s & Dementia,1.9136,0.3086,0.3328,0.7
2022,Alzheimer s Research & Therapy,1.1304,0.4203,0.4462,0.7
2022,American Journal of Clinical Nutrition,0.78,0.0,0.0208,0.7
2022,American Journal of Hematology,2.1951,0.9268,1.0241,0.7
2022,American Journal of Infection Control,3.2174,1.5652,1.6971,0.7
2022,American Journal of Kidney Diseases,1.6744,0.9302,0.9624,0.7
2022,American Journal of Neuroradiology,1.1786,0.6429,0.6578,0.7
2022,American Journal of Obstetrics & Gynecology MFM,6.5217,6.1304,6.1216,0.7
2022,American Journal of Obstetrics and Gynecology,3.2184,2.4943,2.536,0.7
2022,American Journal of Ophthalmology,1.2703,0.0,0.0,0.7
2022,American Journal of Respiratory and Critical Care Medicine,2.6824,1.6647,1.693,0.7
2022,American Journal of Roentgenology,11.16,9.88,9.9727,0.7
2022,American Journal of Transplantation,3.6893,2.8835,2.9295,0.7
2022,American Journal of Tropical Medicine and Hygiene,2.1379,1.5517,1.5262,0.7
2022,Anaesthesia,2.9333,1.7667,1.8113,0.7
2022,Analytical Chemistry,2.2174,2.1304,2.1067,0.7
2022,Anesthesia & Analgesia,1.16,0.6,0.6108,0.7
2022,Anesthesiology,1.5366,0.7073,0.7005,0.7
2022,Angewandte Chemie International Edition,1.0345,0.4828,0.4828,0.7
2022,Annals of Clinical and Translational Neurology,1.7143,0.8571,0.9304,0.7
2022,Annals of Emergency Medicine,1.35,0.6,0.6028,0.7
2022,Annals of Intensive Care,2.5,1.9333,1.9924,0.7
2022,Annals of Internal Medicine,5.1667,3.8627,3.8886,0.7
2022,Annals of Neurology,1.5294,0.402,0.4407,0.7
2022,Annals of Oncology,2.5879,0.6848,0.7168,0.7
2022,Annals of Surgery,1.292,0.2655,0.2949,0.7
2022,Annals of Surgical Oncology,0.4242,0.0,0.001,0.7
2022,Annals of Translational Medicine,3.25,2.3333,2.3678,0.7
2022,Annals of the American Thoracic Society,2.3,1.4,1.4822,0.7
2022,Annals of the Rheumatic Diseases,3.0853,1.969,1.9803,0.7
2022,Antimicrobial Agents and Chemotherapy,3.4545,2.5455,2.629,0.7
2022,Antioxidants,0.5139,0.0,0.0,0.7
2022,Applied Intelligence,6.3,5.95,5.9541,0.7
2022,Applied Sciences,2.0,0.918,0.9538,0.7
2022,Applied Soft Computing,4.3929,3.4643,3.5309,0.7
2022,Arteriosclerosis Thrombosis and Vascular Biology,1.1429,0.5714,0.5715,0.7
2022,Arthritis & Rheumatology,2.625,1.7,1.6952,0.7
2022,Arthroscopy The Journal of Arthroscopic and Related Surgery,0.0952,0.0,0.0,0.7
2022,Autophagy,0.7363,0.022,0.0337,0.7
2022,BJOG An International Journal of Obstetrics & Gynaecology,2.2857,1.4571,1.5048,0.7
2022,BMC Cancer,0.4545,0.0,0.0,0.7
2022,BMC Geriatrics,0.4583,0.1042,0.1167,0.7
2022,BMC Health Services Research,0.8438,0.5,0.5106,0.7
2022,BMC Infectious Diseases,1.0588,0.7843,0.806,0.7
2022,BMC Medical Informatics and Decision Making,0.68,0.0,0.0,0.7
2022,BMC Medicine,1.3636,0.625,0.6413,0.7
2022,BMC Musculoskeletal Disorders,0.2,0.0,0.0,0.7
2022,BMC Pregnancy and Childbirth,0.3377,0.039,0.0562,0.7
2022,BMC Psychiatry,0.1818,0.0,0.0,0.7
2022,BMC Public Health,0.4412,0.0196,0.0322,0.7
2022,BMC Women s Health,0.25,0.0,0.0,0.7
2022,BMJ,8.2573,6.7676,6.8616,0.7
2022,BMJ Global Health,1.1304,0.2609,0.2758,0.7
2022,BMJ Open,1.3019,0.6509,0.6737,0.7
2022,BMJ Open Diabetes Research & Care,1.3636,0.4848,0.4883,0.7
2022,BioMed Research International,0.8421,0.3158,0.3158,0.7
2022,Bioactive Materials,1.1077,0.0769,0.0702,0.7
2022,Biochemical and Biophysical Research Communications,3.0455,1.9773,2.0463,0.7
2022,Biomaterials,1.0333,0.0111,0.038,0.7
2022,Biomedical Signal Processing and Control,1.3571,0.625,0.6342,0.7
2022,Biomedicine & Pharmacotherapy,0.5873,0.0794,0.0794,0.7
2022,Biomolecules,0.75,0.0,0.0,0.7
2022,Biosensors and Bioelectronics,2.1765,1.5,1.5539,0.7
2022,Blood,1.9676,1.1079,1.1029,0.7
2022,Blood Advances,1.4485,0.3152,0.342,0.7
2022,Blood Cancer Journal,1.1154,0.3462,0.3459,0.7
2022,Brain,1.6912,0.7574,0.7774,0.7
2022,Brain Behavior and Immunity,2.0323,1.3871,1.4463,0.7
2022,Brain Communications,1.25,0.4167,0.4895,0.7
2022,Breast Cancer Research and Treatment,0.7,0.05,0.0759,0.7
2022,British Journal of Anaesthesia,0.8163,0.2449,0.2461,0.7
2022,British Journal of Cancer,0.7143,0.0179,0.0179,0.7
2022,British Journal of Dermatology,2.5294,1.1176,1.1496,0.7
2022,British Journal of Haematology,2.8378,2.2432,2.2662,0.7
2022,British Journal of Ophthalmology,1.3784,0.3514,0.4347,0.7
2022,British Journal of Pharmacology,1.0,0.4,0.429,0.7
2022,British Journal of Sports Medicine,1.9444,0.3148,0.3615,0.7
2022,British journal of surgery,1.8857,0.8,0.8059,0.7
2022,Building and Environment,2.7931,2.4138,2.4489,0.7
2022,CHEST Journal,2.8868,2.2642,2.2902,0.7
2022,Canadian Medical Association Journal,2.0,0.9697,1.0117,0.7
2022,Cancer,1.0795,0.1023,0.1291,0.7
2022,Cancer Cell,2.1333,0.4533,0.4607,0.7
2022,Cancer Cell International,0.381,0.0,0.0,0.7
2022,Cancer Discovery,2.1712,0.8829,0.8804,0.7
2022,Cancer Epidemiology Biomarkers & Prevention,0.45,0.0,0.0,0.7
2022,Cancer Immunology Immunotherapy,0.7586,0.0,0.0,0.7
2022,Cancer Immunology Research,0.5238,0.0,0.0,0.7
2022,Cancer Letters,0.3929,0.0,0.0,0.7
2022,Cancer Medicine,0.6579,0.0263,0.0263,0.7
2022,Cancer Research,0.4306,0.0139,0.021,0.7
2022,Cancer Science,0.7826,0.0,0.0,0.7
2022,Cancers,0.5849,0.0755,0.073,0.7
2022,Carbohydrate Polymers,0.7167,0.0,0.0086,0.7
2022,Cardiovascular Diabetology,2.0253,0.2658,0.2786,0.7
2022,Cardiovascular Research,2.9375,2.4792,2.4838,0.7
2022,Cell,28.1964,27.1205,27.152,0.7
2022,Cell Death and Differentiation,0.9412,0.0588,0.0742,0.7
2022,Cell Death and Disease,0.6419,0.0608,0.0591,0.7
2022,Cell Discovery,5.7727,5.5455,5.5463,0.7
2022,Cell Host & Microbe,17.1974,16.7632,16.7503,0.7
2022,Cell Metabolism,2.8681,1.5165,1.5285,0.7
2022,Cell Proliferation,1.45,0.65,0.6448,0.7
2022,Cell Reports,2.5622,1.788,1.794,0.7
2022,Cell Reports Medicine,5.7895,5.4211,5.4199,0.7
2022,Cell Research,6.1818,4.9697,4.9596,0.7
2022,Cell stem cell,2.6538,1.3077,1.3468,0.7
2022,Cells,1.2097,0.8871,0.8885,0.7
2022,Cellular and Molecular Gastroenterology and Hepatology,0.5,0.1667,0.164,0.7
2022,Cellular and Molecular Immunology,11.0,10.7083,10.7318,0.7
2022,Cephalalgia,1.6296,0.3333,0.3141,0.7
2022,Chaos Solitons & Fractals,4.9655,4.0,4.0324,0.7
2022,Chemical Engineering Journal,2.2297,0.5541,0.6134,0.7
2022,Chinese Medical Journal,16.0,14.7,14.8821,0.7
2022,Circulation,3.3801,1.6494,1.7326,0.7
2022,Circulation Arrhythmia and Electrophysiology,1.1395,0.186,0.186,0.7
2022,Circulation Heart Failure,1.3056,0.1111,0.1247,0.7
2022,Circulation Research,1.7467,0.96,0.9682,0.7
2022,Clinica Chimica Acta,5.4167,4.5833,4.6615,0.7
2022,Clinical Cancer Research,1.0714,0.0113,0.0177,0.7
2022,Clinical Chemistry,8.9091,8.6364,8.6589,0.7
2022,Clinical Chemistry and Laboratory Medicine (CCLM),8.5185,8.037,8.0274,0.7
2022,Clinical Gastroenterology and Hepatology,1.9432,0.8636,0.9113,0.7
2022,Clinical Infectious Diseases,9.2663,8.4079,8.4651,0.7
2022,Clinical Journal of the American Society of Nephrology,1.7925,1.2075,1.2263,0.7
2022,Clinical Medicine,1.1154,0.5385,0.6779,0.7
2022,Clinical Microbiology and Infection,4.6344,4.1505,4.2014,0.7
2022,Clinical Nutrition,0.6912,0.0294,0.0392,0.7
2022,Clinical and Translational Medicine,1.5667,0.3667,0.3694,0.7
2022,Cochrane Database of Systematic Reviews,1.913,1.4348,1.4392,0.7
2022,Communications Biology,1.0426,0.5745,0.5796,0.7
2022,Computer Methods and Programs in Biomedicine,3.8333,2.6296,2.6451,0.7
2022,Computers in Biology and Medicine,3.7115,3.0673,3.0821,0.7
2022,Critical Care,2.4135,1.797,1.8189,0.7
2022,Critical Care Medicine,2.88,2.2,2.225,0.7
2022,Cureus,4.3182,2.9545,3.0021,0.7
2022,Current Biology,7.0952,5.4762,5.5159,0.7
2022,Developmental Cell,1.5128,0.6667,0.6819,0.7
2022,Diabetes,1.0,0.4483,0.4333,0.7
2022,Diabetes & Metabolic Syndrome Clinical Research & Reviews,3.7333,1.9333,2.0925,0.7
2022,Diabetes Care,1.9664,0.604,0.6285,0.7
2022,Diabetes Obesity and Metabolism,2.1111,0.8667,0.9142,0.7
2022,Diabetes Research and Clinical Practice,1.8,1.0444,1.1686,0.7
2022,Diabetes Technology & Therapeutics,2.0,0.1562,0.2823,0.7
2022,Diabetes/Metabolism Research and Reviews,6.625,4.25,4.3801,0.7
2022,Diabetologia,1.7895,1.2632,1.2687,0.7
2022,Diagnostics,1.4359,0.7179,0.7267,0.7
2022,Drug Design Development and Therapy,0.25,0.05,0.05,0.7
2022,Drug and Alcohol Dependence,1.375,0.1667,0.2061,0.7
2022,EBioMedicine,2.4364,2.1182,2.122,0.7
2022,EClinicalMedicine,3.521,2.8992,2.915,0.7
2022,EMBO Molecular Medicine,2.6389,1.7222,1.6963,0.7
2022,EP Europace,0.641,0.3077,0.302,0.7
2022,ERJ Open Research,3.3,2.75,2.7694,0.7
2022,ESC Heart Failure,0.8621,0.4483,0.4483,0.7
2022,ESMO Open,0.7353,0.1176,0.1136,0.7
2022,Emerging Microbes & Infections,14.8169,14.1972,14.2157,0.7
2022,Emerging infectious diseases,8.9138,7.7759,7.8726,0.7
2022,Endoscopy,0.8108,0.1081,0.1196,0.7
2022,Environmental Research,3.3333,2.5833,2.6116,0.7
2022,Epilepsia,1.3421,0.5,0.5026,0.7
2022,EuroIntervention,1.0323,0.3226,0.3191,0.7
2022,European Heart Journal,3.0887,1.5685,1.6425,0.7
2022,European Heart Journal - Cardiovascular Imaging,0.9737,0.3684,0.3936,0.7
2022,European Journal of Cancer,1.0109,0.2065,0.2139,0.7
2022,European Journal of Heart Failure,2.5063,1.0506,1.1452,0.7
2022,European Journal of Neurology,2.5,1.4211,1.4506,0.7
2022,European Journal of Nuclear Medicine and Molecular Imaging,2.2439,0.626,0.7071,0.7
2022,European Journal of Pharmacology,0.5238,0.0476,0.0592,0.7
2022,European Journal of Preventive Cardiology,1.6364,0.2121,0.2837,0.7
2022,European Journal of Radiology,4.1364,3.5,3.5013,0.7
2022,European Radiology,2.5921,2.0263,2.0452,0.7
2022,European Respiratory Journal,4.7244,3.9487,3.9545,0.7
2022,European Urology,1.3412,0.2824,0.2909,0.7
2022,Eurosurveillance,14.622,13.2439,13.3804,0.7
2022,Expert Systems with Applications,1.7,1.0667,1.0649,0.7
2022,Fertility and Sterility,1.413,0.9348,0.9217,0.7
2022,Food & Function,0.475,0.0,0.0,0.7
2022,Food Chemistry,0.6744,0.0,0.0,0.7
2022,Food Research International,0.6667,0.0,0.0,0.7
2022,Foods,0.6042,0.0,0.0,0.7
2022,Free Radical Biology and Medicine,1.1333,0.0,0.0,0.7
2022,Frontiers in Aging Neuroscience,0.1923,0.0,0.0,0.7
2022,Frontiers in Bioengineering and Biotechnology,1.2273,0.2273,0.2985,0.7
2022,Frontiers in Cardiovascular Medicine,0.5417,0.2083,0.2083,0.7
2022,Frontiers in Cell and Developmental Biology,0.4324,0.2162,0.2185,0.7
2022,Frontiers in Cellular and Infection Microbiology,0.9268,0.6098,0.6007,0.7
2022,Frontiers in Endocrinology,0.5714,0.2857,0.2868,0.7
2022,Frontiers in Genetics,0.6667,0.4444,0.4425,0.7
2022,Frontiers in Immunology,1.2798,0.9862,0.994,0.7
2022,Frontiers in Medicine,1.6842,1.2763,1.2873,0.7
2022,Frontiers in Microbiology,1.5957,1.1489,1.1301,0.7
2022,Frontiers in Neurology,0.8333,0.4394,0.4376,0.7
2022,Frontiers in Neuroscience,0.45,0.0,0.0,0.7
2022,Frontiers in Nutrition,0.2,0.0,0.0,0.7
2022,Frontiers in Oncology,0.3874,0.0,0.0,0.7
2022,Frontiers in Pharmacology,0.6699,0.1845,0.1967,0.7
2022,Frontiers in Physiology,1.0,0.5135,0.5063,0.7
2022,Frontiers in Psychiatry,0.9643,0.2857,0.3305,0.7
2022,Frontiers in Psychology,0.2917,0.0,0.0029,0.7
2022,Frontiers in Public Health,2.375,1.6875,1.7179,0.7
2022,Future Oncology,0.76,0.08,0.0775,0.7
2022,Gastric Cancer,0.6,0.0,0.0,0.7
2022,Gastroenterology,1.989,0.7637,0.7932,0.7
2022,Gastrointestinal Endoscopy,1.25,0.25,0.2723,0.7
2022,Genetics in Medicine,0.5185,0.0,0.0,0.7
2022,Genome Medicine,3.0312,2.0625,2.132,0.7
2022,Gut,2.2593,1.1556,1.1593,0.7
2022,Gut Microbes,0.3462,0.0,0.0,0.7
2022,Gynecologic Oncology,0.4,0.0,0.0,0.7
2022,Haematologica,1.05,0.2,0.2109,0.7
2022,Headache The Journal of Head and Face Pain,1.6296,0.5926,0.6461,0.7
2022,Health Affairs,2.6087,1.8696,1.9957,0.7
2022,Health and Quality of Life Outcomes,0.45,0.25,0.2691,0.7
2022,Heart,1.7857,1.1429,1.1716,0.7
2022,Heart Rhythm,1.5294,0.6176,0.6499,0.7
2022,Heliyon,0.6944,0.4444,0.4243,0.7
2022,Hepatology,1.2615,0.4,0.4142,0.7
2022,Hepatology Communications,0.64,0.0,0.0,0.7
2022,Human Reproduction,0.7586,0.1897,0.1775,0.7
2022,Hypertension,1.506,0.6627,0.6936,0.7
2022,IEEE Access,2.3357,1.2168,1.236,0.7
2022,IEEE Journal of Biomedical and Health Informatics,1.541,0.7377,0.7784,0.7
2022,IEEE Transactions on Medical Imaging,3.6575,2.8767,2.8577,0.7
2022,Immunity,7.6543,7.0123,7.0223,0.7
2022,Indian Journal of Ophthalmology,1.1304,0.1739,0.1734,0.7
2022,Industrial Crops and Products,0.6667,0.0,0.0,0.7
2022,Informatics in Medicine Unlocked,4.5652,3.8696,3.8978,0.7
2022,Intensive Care Medicine,11.7619,10.619,10.6768,0.7
2022,International Immunopharmacology,1.3333,1.1333,1.1493,0.7
2022,International Journal of Antimicrobial Agents,18.8387,17.5161,17.6866,0.7
2022,International Journal of Behavioral Nutrition and Physical Activity,0.6,0.0,0.0,0.7
2022,International Journal of Biological Macromolecules,0.7094,0.0085,0.0189,0.7
2022,International Journal of Biological Sciences,0.875,0.4688,0.4644,0.7
2022,International Journal of Cancer,0.9302,0.0,0.0057,0.7
2022,International Journal of Cardiology,1.4545,1.0,0.9634,0.7
2022,International Journal of Drug Policy,1.5161,0.0645,0.0905,0.7
2022,International Journal of Environmental Research and Public Health,0.9909,0.3699,0.3956,0.7
2022,International Journal of Epidemiology,1.8788,1.3939,1.3859,0.7
2022,International Journal of Gynecology & Obstetrics,3.8387,1.871,2.0047,0.7
2022,International Journal of Infectious Diseases,4.6103,3.8971,3.9424,0.7
2022,International Journal of Molecular Sciences,0.9219,0.4844,0.4902,0.7
2022,International Journal of Nanomedicine,0.3103,0.0,0.0,0.7
2022,International Journal of Pharmaceutics,0.6,0.0,0.0,0.7
2022,International Journal of Radiation Oncology*Biology*Physics,1.3833,0.3333,0.4208,0.7
2022,International Journal of Stroke,2.75,2.05,2.0912,0.7
2022,Investigative Ophthalmology & Visual Science,0.9394,0.0,0.0,0.7
2022,JACC Heart Failure,1.5,0.1471,0.1818,0.7
2022,JACC. Cardiovascular imaging,1.3188,0.6522,0.703,0.7
2022,JACC. Clinical electrophysiology,0.9655,0.2759,0.2525,0.7
2022,JACC: Cardiovascular Interventions,1.4318,0.2386,0.3292,0.7
2022,JAMA,18.677,16.6295,16.7131,0.7
2022,JAMA Cardiology,7.687,6.2261,6.3038,0.7
2022,JAMA Dermatology,1.2093,0.0465,0.1478,0.7
2022,JAMA Internal Medicine,9.6759,8.3426,8.361,0.7
2022,JAMA Network Open,1.7255,0.8404,0.8686,0.7
2022,JAMA Neurology,4.8319,3.5546,3.5771,0.7
2022,JAMA Oncology,2.3088,0.5662,0.5804,0.7
2022,JAMA Ophthalmology,2.35,1.025,1.0862,0.7
2022,JAMA Pediatrics,4.2105,3.7368,3.7151,0.7
2022,JAMA Psychiatry,1.1277,0.0638,0.1145,0.7
2022,JAMA Surgery,0.9405,0.0952,0.0906,0.7
2022,JCI Insight,2.3478,1.4696,1.4789,0.7
2022,JHEP Reports,0.35,0.0,0.0,0.7
2022,JMIR Public Health and Surveillance,4.8696,2.1739,2.4357,0.7
2022,JMIR mhealth and uhealth,0.3478,0.0,0.0,0.7
2022,JNCI Journal of the National Cancer Institute,1.1475,0.0492,0.0673,0.7
2022,Journal for ImmunoTherapy of Cancer,0.9144,0.0642,0.0694,0.7
2022,Journal of Affective Disorders,1.4651,0.5581,0.58,0.7
2022,Journal of Agricultural and Food Chemistry,0.8333,0.0,0.0,0.7
2022,Journal of Allergy and Clinical Immunology,4.2857,3.6429,3.6538,0.7
2022,Journal of Alzheimer s Disease,1.303,0.303,0.4281,0.7
2022,Journal of Biological Chemistry,4.6571,4.1714,4.1975,0.7
2022,Journal of Biomolecular Structure and Dynamics,4.5946,3.973,3.9946,0.7
2022,Journal of Bone and Joint Surgery,2.2195,0.439,0.5264,0.7
2022,Journal of Bone and Mineral Research,0.7941,0.1176,0.1156,0.7
2022,Journal of Cachexia Sarcopenia and Muscle,1.0426,0.0,0.0041,0.7
2022,Journal of Cellular and Molecular Medicine,0.825,0.1,0.0997,0.7
2022,Journal of Clinical Investigation,4.7632,4.1842,4.1937,0.7
2022,Journal of Clinical Medicine,1.3206,0.9084,0.9299,0.7
2022,Journal of Clinical Microbiology,8.6667,8.037,8.071,0.7
2022,Journal of Clinical Oncology,1.8554,0.0524,0.0567,0.7
2022,Journal of Clinical Virology,7.0278,6.4444,6.4804,0.7
2022,Journal of Controlled Release,0.5405,0.0,0.0228,0.7
2022,Journal of Cystic Fibrosis,0.7143,0.0952,0.1047,0.7
2022,Journal of Ethnopharmacology,0.2432,0.0,0.0,0.7
2022,Journal of Experimental & Clinical Cancer Research,0.2778,0.0,0.0,0.7
2022,Journal of Functional Foods,0.2609,0.0,0.0,0.7
2022,Journal of Fungi,2.5,1.6,1.7665,0.7
2022,Journal of Gastroenterology and Hepatology,0.85,0.05,0.0594,0.7
2022,Journal of General Internal Medicine,2.2941,0.9412,1.0011,0.7
2022,Journal of Hazardous Materials,1.0,0.45,0.4674,0.7
2022,Journal of Hematology & Oncology,1.814,0.7907,0.8198,0.7
2022,Journal of Hepatology,1.5521,0.5215,0.5178,0.7
2022,Journal of Hospital Infection,2.3667,1.1,1.1535,0.7
2022,Journal of Infection,11.0189,10.1132,10.164,0.7
2022,Journal of Investigative Dermatology,0.6,0.0,0.0013,0.7
2022,Journal of Korean Medical Science,7.5714,6.8214,6.8987,0.7
2022,Journal of Magnetic Resonance Imaging,0.6667,0.1429,0.1429,0.7
2022,Journal of Medical Internet Research,1.3655,0.2897,0.3381,0.7
2022,Journal of Medical Virology,9.1279,8.4767,8.5222,0.7
2022,Journal of Medicinal Chemistry,0.5536,0.1607,0.1866,0.7
2022,Journal of Molecular Structure,0.913,0.0,0.0233,0.7
2022,Journal of Nanobiotechnology,0.2857,0.0714,0.0714,0.7
2022,Journal of NeuroInterventional Surgery,0.7727,0.2273,0.2109,0.7
2022,Journal of Neuroinflammation,0.5479,0.0,0.0,0.7
2022,Journal of Neurology,1.1389,0.6944,0.6773,0.7
2022,Journal of Neurology Neurosurgery & Psychiatry,1.4634,0.6829,0.7134,0.7
2022,Journal of Neuroscience,0.4857,0.0,0.0,0.7
2022,Journal of Nuclear Medicine,1.5443,0.0633,0.1016,0.7
2022,Journal of Pain and Symptom Management,2.25,0.5833,0.6472,0.7
2022,Journal of Shoulder and Elbow Surgery,0.75,0.0,0.0,0.7
2022,Journal of Thoracic Oncology,2.3261,1.337,1.3364,0.7
2022,Journal of Thoracic and Cardiovascular Surgery,0.5,0.1389,0.1075,0.7
2022,Journal of Thrombosis and Haemostasis,18.35,17.5333,17.5564,0.7
2022,Journal of Translational Medicine,2.9123,2.1579,2.1964,0.7
2022,Journal of Vascular Surgery,1.04,0.4,0.4198,0.7
2022,Journal of Virology,9.8966,9.6034,9.6545,0.7
2022,Journal of the American Academy of Dermatology,2.037,0.8148,0.8721,0.7
2022,Journal of the American Chemical Society,0.5106,0.2979,0.2979,0.7
2022,Journal of the American College of Cardiology,2.1699,0.7683,0.809,0.7
2022,Journal of the American Geriatrics Society,2.0789,0.8684,0.9923,0.7
2022,Journal of the American Heart Association,0.9769,0.2,0.2137,0.7
2022,Journal of the American Medical Directors Association,2.8571,0.8929,0.9003,0.7
2022,Journal of the American Medical Informatics Association,4.1111,1.5278,1.6434,0.7
2022,Journal of the American Society of Echocardiography,0.6957,0.087,0.092,0.7
2022,Journal of the American Society of Nephrology,2.8416,2.099,2.1017,0.7
2022,Journal of the European Academy of Dermatology and Venereology,2.7667,1.4667,1.4853,0.7
2022,Journal of the International AIDS Society,2.2963,0.1852,0.2714,0.7
2022,Journal of the National Comprehensive Cancer Network,1.6087,0.2609,0.2901,0.7
2022,Kidney International,5.9773,4.9205,4.9466,0.7
2022,Kidney International Reports,2.3438,1.5312,1.6659,0.7
2022,Knee Surgery Sports Traumatology Arthroscopy,0.8235,0.0,0.0108,0.7
2022,LWT,0.5345,0.0,0.0,0.7
2022,Lara D. Veeken,0.6,0.16,0.2058,0.7
2022,Leukemia,1.6712,0.8767,0.8861,0.7
2022,Life Sciences,1.2381,0.7143,0.7061,0.7
2022,Lipids in Health and Disease,1.1,0.0667,0.0667,0.7
2022,Liver Cancer,0.8182,0.0,0.0,0.7
2022,Liver International,3.1818,1.5758,1.6422,0.7
2022,Lung Cancer,0.6,0.0,0.0,0.7
2022,MMWR Morbidity and Mortality Weekly Report,9.2991,6.729,6.8998,0.7
2022,Magnetic Resonance in Medicine,0.9524,0.0,0.0007,0.7
2022,Malaria Journal,0.8108,0.0,0.0,0.7
2022,Materials Science and Engineering C,1.093,0.0,0.0,0.7
2022,Mayo Clinic Proceedings,3.8966,3.069,3.0675,0.7
2022,Med,5.5217,5.1739,5.1794,0.7
2022,Medical Hypotheses,3.1724,2.2414,2.3269,0.7
2022,Medical Image Analysis,1.4051,0.3291,0.3471,0.7
2022,Medical Physics,2.16,1.12,1.1698,0.7
2022,Medicine,1.0645,0.5806,0.5752,0.7
2022,Metabolism,2.75,2.0625,2.0629,0.7
2022,Modern Pathology,3.1667,2.5833,2.5697,0.7
2022,Molecular Cancer Therapeutics,0.9048,0.0,0.0,0.7
2022,Molecular Cell,4.2955,3.2727,3.2915,0.7
2022,Molecular Metabolism,0.2727,0.0,0.0,0.7
2022,Molecular Neurodegeneration,0.6667,0.037,0.0679,0.7
2022,Molecular Psychiatry,1.6765,0.9412,0.9834,0.7
2022,Molecular Therapy,0.8519,0.2593,0.2531,0.7
2022,Molecules,0.4268,0.0488,0.0523,0.7
2022,Movement Disorders,1.1481,0.0741,0.1018,0.7
2022,Multiple Sclerosis Journal,1.2727,0.6364,0.7016,0.7
2022,Multiple Sclerosis and Related Disorders,2.0,1.4286,1.4809,0.7
2022,Nano Letters,1.5,1.0455,1.049,0.7
2022,Nature,21.8532,19.9139,20.0033,0.7
2022,Nature Biomedical Engineering,0.8868,0.3774,0.4017,0.7
2022,Nature Biotechnology,7.0,5.4651,5.5143,0.7
2022,Nature Cancer,2.4194,0.5,0.5091,0.7
2022,Nature Cell Biology,2.4595,0.2162,0.2565,0.7
2022,Nature Chemical Biology,2.0,0.5385,0.5281,0.7
2022,Nature Communications,2.5954,1.8627,1.873,0.7
2022,Nature Genetics,2.6061,1.0606,1.0688,0.7
2022,Nature Immunology,7.037,6.1667,6.1791,0.7
2022,Nature Machine Intelligence,4.65,3.15,3.2824,0.7
2022,Nature Medicine,13.4239,11.3169,11.3595,0.7
2022,Nature Metabolism,1.2321,0.4107,0.4127,0.7
2022,Nature Microbiology,18.04,17.48,17.4726,0.7
2022,Nature Neuroscience,1.0,0.2667,0.2783,0.7
2022,Nature Protocols,1.05,0.45,0.5294,0.7
2022,Nature Structural & Molecular Biology,9.4333,8.5333,8.5184,0.7
2022,Nephrology Dialysis Transplantation,2.7667,1.7667,1.8096,0.7
2022,Neural Computing and Applications,1.0909,0.6364,0.6472,0.7
2022,Neuro-Oncology,0.6375,0.0,0.0,0.7
2022,NeuroImage,0.9859,0.0,0.0326,0.7
2022,NeuroImage Clinical,0.65,0.0,0.0,0.7
2022,Neurobiology of Disease,1.1,0.55,0.55,0.7
2022,Neurology,1.9636,0.8727,0.9036,0.7
2022,Neurology Neuroimmunology & Neuroinflammation,1.6604,0.9811,1.0085,0.7
2022,Neuron,1.3111,0.0,0.0,0.7
2022,New England Journal of Medicine,26.1419,22.4958,22.6145,0.7
2022,Nucleic Acids Research,1.0513,0.1026,0.1112,0.7
2022,Nutrients,0.974,0.474,0.4767,0.7
2022,Obesity,7.1667,5.2667,5.3538,0.7
2022,Obstetrics and Gynecology,1.6,0.6667,0.6764,0.7
2022,OncoImmunology,0.3913,0.0,0.0,0.7
2022,Oncogene,0.2759,0.0,0.0,0.7
2022,Open Forum Infectious Diseases,2.1842,1.5,1.5336,0.7
2022,Ophthalmology,0.8506,0.046,0.0493,0.7
2022,Oxidative Medicine and Cellular Longevity,0.5909,0.0,0.0,0.7
2022,PEDIATRICS,2.9444,2.3,2.3216,0.7
2022,PLoS Biology,3.3488,2.186,2.1997,0.7
2022,PLoS Medicine,1.3333,0.4571,0.5004,0.7
2022,PLoS ONE,1.2248,0.7209,0.7452,0.7
2022,PLoS Pathogens,3.2442,2.7326,2.7495,0.7
2022,PLoS neglected tropical diseases,0.7561,0.2439,0.243,0.7
2022,Pain,0.75,0.1458,0.1783,0.7
2022,Pathogens,1.9048,1.619,1.6106,0.7
2022,Pattern Recognition,2.15,1.6,1.6257,0.7
2022,Pharmaceutics,0.75,0.0,0.0161,0.7
2022,Pharmacological Research,1.2174,0.6522,0.6431,0.7
2022,Physics of Fluids,7.3158,7.1053,7.1208,0.7
2022,Phytomedicine,0.5,0.1111,0.1158,0.7
2022,Plastic & Reconstructive Surgery,0.2,0.0,0.0,0.7
2022,Preventive Medicine,0.8095,0.0,0.0,0.7
2022,Proceedings of the National Academy of Sciences,3.8175,2.9656,2.9853,0.7
2022,PubMed,3.5761,2.3251,2.4392,0.7
2022,Radiology,15.4327,14.0585,14.0969,0.7
2022,Radiology Cardiothoracic Imaging,14.125,13.8333,13.8797,0.7
2022,Radiotherapy and Oncology,0.9762,0.1905,0.2111,0.7
2022,Redox Biology,0.7875,0.0125,0.0176,0.7
2022,Regional Anesthesia & Pain Medicine,0.6087,0.0,0.0,0.7
2022,Reproductive Health,0.3077,0.0,0.0,0.7
2022,Respiratory Medicine,2.0476,1.2857,1.456,0.7
2022,Respiratory Research,2.3111,1.7333,1.7149,0.7
2022,Resuscitation,3.3514,1.8649,2.0483,0.7
2022,Science,24.811,23.3622,23.4245,0.7
2022,Science Advances,1.7455,0.8884,0.8981,0.7
2022,Science Immunology,10.4493,9.9565,9.9673,0.7
2022,Science Translational Medicine,2.5657,1.5455,1.5569,0.7
2022,Scientific Data,2.1154,0.1154,0.1993,0.7
2022,Scientific Reports,1.168,0.6776,0.6848,0.7
2022,Sensors,1.1351,0.3919,0.408,0.7
2022,Signal Transduction and Targeted Therapy,1.566,1.2642,1.253,0.7
2022,Stem Cell Reports,0.6,0.25,0.25,0.7
2022,Stem Cell Research & Therapy,0.5733,0.0933,0.096,0.7
2022,Stroke,1.5493,0.9296,0.9446,0.7
2022,Surgery,0.5,0.15,0.2026,0.7
2022,Surgical Endoscopy,0.4074,0.0,0.0,0.7
2022,Sustainable Cities and Society,3.95,3.05,3.1213,0.7
2022,Telemedicine Journal and e-Health,2.3548,0.3548,0.5098,0.7
2022,The American Journal of Emergency Medicine,2.1613,0.9677,1.1967,0.7
2022,The American Journal of Gastroenterology,2.3818,1.3818,1.3724,0.7
2022,The American Journal of Human Genetics,0.8696,0.087,0.1052,0.7
2022,The American Journal of Sports Medicine,0.4237,0.0,0.0,0.7
2022,The American Journal of Surgical Pathology,1.0435,0.1739,0.171,0.7
2022,The Annals of Thoracic Surgery,0.6667,0.125,0.1085,0.7
2022,The Bone & Joint Journal,0.4848,0.0606,0.079,0.7
2022,The EMBO Journal,5.4222,4.3556,4.3546,0.7
2022,The FASEB Journal,1.0312,0.3125,0.3641,0.7
2022,The Journal of Allergy and Clinical Immunology In Practice,1.5672,0.5075,0.5337,0.7
2022,The Journal of Arthroplasty,0.6087,0.1087,0.1087,0.7
2022,The Journal of Clinical Endocrinology & Metabolism,1.6593,0.7582,0.7634,0.7
2022,The Journal of Experimental Medicine,4.3944,3.8873,3.9136,0.7
2022,The Journal of Headache and Pain,1.8788,0.2727,0.2727,0.7
2022,The Journal of Heart and Lung Transplantation,1.2273,0.5,0.5219,0.7
2022,The Journal of Infectious Diseases,4.7193,4.2193,4.2338,0.7
2022,The Journal of Pediatrics,2.9444,2.3611,2.3767,0.7
2022,The Journal of Urology,0.4722,0.0,0.0012,0.7
2022,The Journals of Gerontology Series A,2.4412,1.6765,1.7016,0.7
2022,The Lancet,31.3636,28.3896,28.4861,0.7
2022,The Lancet Child & Adolescent Health,4.4,2.92,3.0513,0.7
2022,The Lancet Diabetes & Endocrinology,1.8361,0.7049,0.7857,0.7
2022,The Lancet Digital Health,1.6774,0.371,0.3713,0.7
2022,The Lancet Global Health,2.7733,1.3467,1.3911,0.7
2022,The Lancet HIV,2.075,0.9,0.9292,0.7
2022,The Lancet Haematology,4.9592,3.898,3.9695,0.7
2022,The Lancet Infectious Diseases,10.4571,9.3,9.3849,0.7
2022,The Lancet Microbe,8.3235,7.3529,7.4073,0.7
2022,The Lancet Neurology,4.1719,2.6562,2.6475,0.7
2022,The Lancet Oncology,3.8134,1.5837,1.6034,0.7
2022,The Lancet Psychiatry,5.5714,4.8095,4.8023,0.7
2022,The Lancet Public Health,3.9302,2.5349,2.5508,0.7
2022,The Lancet Regional Health - Europe,1.2826,0.9783,0.985,0.7
2022,The Lancet Respiratory Medicine,12.755,11.4305,11.486,0.7
2022,The Lancet Rheumatology,4.9825,3.9298,4.0274,0.7
2022,The Ocular Surface,1.25,0.6,0.5884,0.7
2022,The Oncologist,0.5517,0.0345,0.0785,0.7
2022,The Science of The Total Environment,7.7557,7.145,7.1602,0.7
2022,The Spine Journal,0.2857,0.0,0.0,0.7
2022,The journal of nutrition health & aging,2.5,1.2,1.3018,0.7
2022,Theranostics,0.9048,0.2222,0.2234,0.7
2022,Thorax,3.2667,2.1778,2.2341,0.7
2022,Thyroid,1.2059,0.0588,0.0856,0.7
2022,Translational Psychiatry,0.6897,0.2414,0.3027,0.7
2022,Translational Vision Science & Technology,1.2,0.0,0.0,0.7
2022,Transplantation,1.5926,0.8519,0.8451,0.7
2022,Trends in Food Science & Technology,0.5192,0.0,0.0,0.7
2022,UNC Libraries,0.6522,0.0,0.0,0.7
2022,Ultrasound in Obstetrics and Gynecology,1.9062,1.4062,1.4207,0.7
2022,Unknown,2.0678,0.9746,1.046,0.7
2022,Vaccine,2.2075,1.6038,1.6038,0.7
2022,Vaccines,1.7632,1.4737,1.4763,0.7
2022,Viruses,6.3378,5.8243,5.8327,0.7
2022,Water Research,9.963,9.7778,9.7541,0.7
2022,World Neurosurgery,0.6667,0.125,0.1505,0.7
2022,eLife,2.55,1.5222,1.5589,0.7
2022,iScience,2.24,1.82,1.8488,0.7
2022,mBio,4.7612,3.7463,3.7583,0.7
2022,mSphere,2.2174,1.3478,1.4145,0.7
2022,mSystems,5.85,5.4,5.4204,0.7
2022,npj Digital Medicine,1.4386,0.2456,0.2599,0.7
2022,The Lancet. Gastroenterology & hepatology,8.1607,6.0179,6.0633,0.7
